id_origine,path,original_length,purpose
1000,"[1050280, 1050297, 1050281, 1050282, 1050378, 1050379, 1050399, 1050380, 1050143, 1050381, 1050382, 1050031, 1050383, 1050336, 1050384, 6040, 6041, 4934, 4936, 4935, 1180, 4201, 1172, 6625, 1040561, 1040562, 1040102, 1279, 4951, 1310, 1040563, 1040101, 4003280, 4204, 7118, 4013714, 6050, 4959, 4013713, 5306, 1040171, 1040375, 1110381, 4010977, 4518, 1110351, 7193, 7194, 1110278, 1625210, 4009753, 1110042, 1110277, 1110481, 1110276, 1120216, 1120128, 1120215, 1120208, 5002, 5003, 1120281, 5001, 1120085, 5004, 1120172, 7192, 6151, 7191, 4990, 7190, 1150004, 7189, 6129, 5000, 1150199, 4999, 236, 4014882, 4014883, 4014885, 231, 4014879, 4014878, 4014876, 1, 7181, 4243, 1230037, 4242, 7187, 7188, 5630, 1230260, 7180, 5319, 3808, 1230544, 4987, 1230212, 6102, 6098, 1230345, 5931, 1220137, 1220136, 4008236, 1220135, 1220032]",8750,Social
1001,"[237, 227, 656, 1625745, 4015716, 223, 653, 222, 652, 221, 4015718, 220, 926, 1041, 1371114, 1371503, 7, 7995, 6217, 5091, 6216, 7272, 6215, 6214, 4016099, 4016100, 4016102, 4016101, 4279, 4281, 4280, 5094, 4010519, 4012541, 4010701, 4010515, 4007883, 4007718, 4002867, 4000991, 1601260, 1601266, 1601265, 5377, 1601267, 1601296, 5380, 5381, 1601302, 1601301, 1601303, 4007715, 1601306, 4007716, 1601405, 1601461, 1601429, 1601462, 1601430, 1601425, 1601431, 1601426, 1601432, 1601427]",5388,other
1006,"[4448, 1410584, 4012583, 900, 157, 1410655, 1410531, 1410379, 1410034, 133, 1625408, 1410626, 579, 156, 601, 1410288, 1625358, 1614623, 1410251, 1614624, 4006852, 1410665, 1410231, 154, 1410666, 4009905, 4009800, 153, 4009904, 1410304, 152, 1410463, 151, 1410085, 907, 6913, 1410646, 1410364, 1410314, 1410645, 1410051, 1410644, 1410208, 4788, 595, 1410216, 1410700, 1410302, 1410301, 1410242, 1625407, 1410483, 1624254, 906, 149, 1410043, 191, 624, 192, 912, 1390681, 431, 1390680, 1390208, 627, 1390207, 1311, 1390300, 628, 195, 1390663, 629, 4008472, 5925, 1624148, 430, 1187, 1390521, 1188, 4007893, 1773, 1625386, 1625387, 5932, 4017100, 914, 6948, 5933, 1390594, 6955, 4002970, 1380806, 4002966, 1380805, 1380804, 1380803, 1380802, 1380669, 1380801, 1381320, 1380800, 4002961, 1380799, 4002960, 1380798, 4002959, 1380797, 5524, 4002958, 5523, 1380796, 4002957, 1380794, 1380793, 1380792, 1380791, 1380441, 1380790, 6956, 1381220, 1380084, 4839, 4841, 1381017, 4844, 1380860, 4848, 4847, 1381040, 1380625, 1381105, 1380657, 1381630, 4125, 1380748, 1624134, 1380424, 1380750, 1260070, 4875, 4870, 1260124, 4871, 1260036, 1260947]",7935,Magasinage
10061,"[1601151, 1601150, 7243, 1601136, 7242, 1601167, 1262, 4268, 7244, 7247, 1604275, 7248, 1604276, 7245, 4013437, 4013735, 5073, 5074, 5077, 1330292, 5076, 4016080, 5080, 1330181, 5079, 5078, 7249, 4015085, 4015084, 4015067, 4015073, 5678, 5679, 4015058, 5675, 1330624, 6646, 5677, 1600594, 5687, 1600595, 5688, 1600597, 5347, 1330262, 5348, 1330603, 5349, 5353, 5352, 1330308, 5354, 1600549, 5356, 5355, 5351, 6203, 5695, 5696, 1330598, 6247, 1330028, 6243, 1330055, 6241, 4015936, 4015934, 1321000]",3923,Errand
1008,"[1260958, 4457, 4873, 1260947, 4872, 1260035, 4871, 1260123, 4870, 1260070, 1380750, 1380423, 1624134, 1380748, 4127, 4124, 1381630, 1380200, 1380657, 1381105, 1380625, 1381040, 1380626, 1380629, 1380632, 1380862, 1380633, 1380432, 1380634, 1380635, 4008499, 1380636, 4008500, 4011697, 5253, 4011698, 1381442, 4014908, 4014909, 4014905, 4014904, 1220005, 4835, 1220339, 4836, 4837, 4838, 4840, 1220213, 1020, 1221000, 1220360, 937, 244, 5243, 1220036, 4830, 1220138, 1230344]",3866,Magasinage
10096,"[1320327, 1320388, 1320298, 1320397, 1320299, 1320301, 1320144, 1320302, 1320303, 1320071, 1320304, 1602129, 1602164, 4013503, 1602167, 4013504, 1602170, 4017231, 4017232, 4004330, 5388, 1602150, 1602140, 1602126, 1602148, 1602125, 1602136, 4001134, 4009349, 1602134, 4015891, 4015890, 4015887, 4015889, 1605797, 4012440, 1605793, 1605960, 1605794, 1605959, 1605795, 1605811, 1605814, 1605813, 1605815, 4016809, 5110, 5109, 1605849, 4014299, 4011355, 4017120, 4011360, 4017121, 4012760, 4014562, 1605837, 4016808, 1605857, 4002670, 5697, 4006621, 868, 52, 501, 200, 1021, 1129, 202, 634, 1604513, 920, 1091, 635, 921, 636, 205, 4015721, 206, 922, 1280, 207, 638, 1350033, 214, 644, 215, 645, 1350613, 1350614, 216, 4007751, 217, 919, 4012556, 647, 4012557, 218, 1331, 1324, 649, 219, 1041, 648, 7903, 850, 4006067, 4006066, 4006068, 4006896, 1360632, 1360272, 1360631, 1360593, 1360630, 1360629, 4275, 1360628, 1360445, 1625066, 1360625, 1360623, 4014978, 4014979, 4011380, 4009547, 4009553, 4016683, 4014977, 4014976, 1260313, 1260010, 1260768, 1260011, 1261068, 1624020, 1625090, 1260942, 1625637, 4012278, 4008735, 4008737, 4008734, 4008736]",11553,Commute
10099,"[7189, 6129, 5000, 1150199, 4999, 236, 4014882, 4014885, 4014879, 4014878, 1, 7181, 6109, 1230416, 6110, 6111, 6108, 1230467, 1230089, 1230468, 1230245, 1230469, 1230470, 1230167]",1671,Social
1010,"[1110550, 1110210, 1100349, 1100348, 1110320, 1100347, 1110060, 1100346, 1110410, 1100345, 1100344, 1625212, 1120281, 5001, 1120084, 5004, 7192, 7191, 7190, 7189, 5642, 5000, 1140290, 4999, 236, 4014882, 4014880, 4014881, 4014883, 231, 4014879, 4014878, 4014876, 1, 7181, 6109, 6110, 6111, 6108, 1230260, 7180, 1230497, 1230544, 4987, 1230212, 6102, 1230189, 6098, 1230345, 5931, 4830, 1220043, 1220036, 244, 1220357, 1220218, 4002982, 1220217, 1220358, 4002981, 1220359, 1220216, 1220215, 1220002, 1220214, 1220360, 1220213, 4840, 1220155, 4838, 4837, 1220316, 4836, 1220340, 4835, 4002984, 1220367, 1220062, 1221004, 1221003, 1220365, 1380879, 1381442, 4011698, 5253, 4011930, 5252, 7850, 4012069, 7851, 7852, 5254, 4008551, 1380084, 6956, 1381402, 5052, 5053, 1380356, 4843, 4846, 4017450, 4017760, 4017761, 4861, 4012176, 4854, 5256, 1381115, 5255, 1380161, 1381439, 1381142, 1381438, 1380345, 6957, 6965, 6964, 6963, 1380408, 6962, 6969, 1625248, 1624105, 1380217, 1381385, 1380218]",10048,Sport
1011,"[1030158, 1030176, 1030537, 1030175, 1030174, 1030510, 1030168, 1031156, 1031155, 1030169, 1030289, 1030170, 1031104, 1031103, 1030171, 1050087, 6523, 1050343, 6522, 1050476, 1050370, 4015995, 4015996, 4015994, 1040347, 3871, 1040066, 3870, 1040297, 1040042, 4955, 3869, 1040506, 1041165, 1625195, 4010961, 1110382, 1110107, 4013111, 4013109, 1110339, 1110489, 1110237, 1885, 1110236, 5008, 1110235, 5006, 1110266, 5013, 1120118, 5012, 1120270, 5011, 5010, 1120186, 5009, 6154, 1120109, 6153, 1120020, 6159, 1120027, 5005, 1121102, 4549, 1140292, 4548, 1140257, 4547, 1140044, 4546, 1140156, 4545, 1140371, 4544, 1140013, 4543, 5660, 4012173, 4016041, 4016040, 234, 4016043, 4016042, 1240426, 4014488, 4014490, 6180, 4012171, 5024, 6160, 5023, 1240378, 5022, 1240124, 5021, 7197, 6161, 1240216, 5027, 1240337, 1240439, 5026, 7198, 5029, 1240252, 829, 6166, 1240254, 1240190, 1240255, 1240263, 1240256, 1625542, 1260187, 4011658, 4017803, 1623961, 1260084, 723, 310, 4017867, 720, 962]",11077,Sport
10117,"[1260445, 1260292, 1260053, 1260446, 4008724, 4002897, 4008726, 1260447, 1260448, 1260895, 1260449, 4459, 1260450, 1614660, 1260734, 1614643, 1260465, 1260733, 1260977, 1260732, 5258, 1261218, 1260962, 7625, 4141, 4866, 6992, 1250086, 6991, 4880, 4879, 1250138, 4878, 4869, 4012232, 4868, 1250035, 4867, 1250375, 1250376, 1250093, 1250377, 1250243, 1250378, 1250379, 1250337, 1250380, 1250381, 1250006, 1250382, 1250383, 5337, 1625079, 1250386, 1250387, 1240250, 1240343, 1240344, 4003149, 1240335, 1240345, 1240346, 1240123, 1240348, 1240349, 1240350, 1240225, 1240351, 7947, 1240353, 1240354, 4014490, 4014488, 5661, 4016042, 4016043, 234, 4016041, 5660, 4012173, 1140342, 1140343, 1140344, 1140346, 1140347, 1140348, 1140349, 1140350, 1140351, 1140352, 1625648, 4003240, 1120254, 4003243, 1120255, 1120257, 1120259, 4003245, 1120260, 1120261, 4009621, 4009620, 4009631, 1110596, 1110232, 1110233, 1110234, 1110216, 1110235, 5008, 5006]",8568,Domicile-travail
10131,"[1120209, 1120054, 1120126, 1120250, 1120127, 1120215, 1120207, 1120208, 5003, 1120281, 1100067, 1100344, 1100345, 2301, 1100105, 2300, 2299, 1100167, 2302, 1150020, 1150175, 4993, 1150093, 4994, 1150159, 4995, 4996, 4997, 4998, 1150185, 4989, 4988, 1160137, 6121, 5329, 1160016, 5328, 5327, 1160380, 6122, 1160102, 1160103, 1160091, 1160104, 1160287, 1160587, 1160586, 1160585, 4014867, 4014868, 230, 4014864, 4014863, 6090, 1230283, 6089, 4013781, 1230308, 1230387, 1230386, 1210299, 5620, 1210298, 1210257, 1210297, 1210296, 1210363, 1210295, 1210220, 1210294, 1210293, 1210292, 1210291, 1210290, 1390631, 1390410, 1390632, 1390244, 6943, 6942, 1390605, 6941, 1390334, 6940, 1390407, 6939, 6938, 1390475, 6937, 7071, 6933, 1390358, 6932, 1390453, 6931, 1390398, 5924, 1390676, 5923]",8067,Domicile-travail
10145,"[1030370, 1030548, 1030127, 1030277, 1030128, 1030560, 1030129, 1030385, 4015458, 4015457, 4007446, 4015463, 4015469, 4015472, 4015466, 1624131, 1130108, 1130128, 1130244, 7849, 1130021, 7848, 7846, 1130154, 7844, 7847, 1130032, 7845, 1130272, 1053, 1130211, 1130212, 1624269, 1130213, 1130214, 1130220, 1130215, 1130299, 1130216, 1130288, 1604372, 4017225, 4017228, 4017224, 4016654, 1603451, 1604354, 1604360, 1604356, 1604361, 1604352, 1604342, 1604343, 4009141, 4009139, 4009130, 4009127, 4009128, 4015304, 4009126, 1625238, 1600020, 1600347, 1280120, 4009047, 4009048, 1600684, 1622331, 1622350, 1280022, 1280198, 4009029, 1290118, 4009027, 4578, 4579, 1290356, 4580, 1291219, 4581, 4582, 4583, 6176, 1290235, 1291214, 4015353, 4015360, 1300195, 1300194, 1600378, 1300193, 1600380, 1300192, 1300191, 1600384, 1300190, 1300188, 1600389, 1300186, 1300185, 1300184, 1600394, 1300183, 1300210, 1600395, 1300212, 1300213, 1300214, 1300302, 1602924, 1602937, 1602923, 4011464, 4017850, 4011460, 4011461, 4011458, 4011455, 1602917, 1602915, 1602897, 1602913, 1602912, 4013545, 1602911, 1602900, 4002783, 1602946, 1602929, 1311102, 7250, 1310182, 7255, 1310193, 7256, 7257, 1310175, 7258, 7251, 7252, 1310301, 7253, 7254, 1310024, 1310148, 1320149, 4628, 4629, 4630, 4631, 4632, 4633, 1320199, 4634, 1320206, 1320205, 3961, 1320204, 1320220, 1320296, 1320002, 4009367]",12218,Domicile-travail
1015,"[1380218, 1625250, 1380219, 1381437, 1381644, 1380279, 5057, 1370997, 4590, 1370634, 4591, 4592, 4593, 4014974, 4014975, 667, 669, 1296, 4014973, 246, 4014696, 4014698, 245, 668, 936, 5, 4014695, 459, 460, 4012770, 4014733, 1370090, 4008406, 4014700, 6, 1183, 4014731, 4014701, 1381461, 7642, 1520, 4007320, 4004206, 4017752, 4017753, 1519, 1133, 1462, 4014955, 4014952, 1622352, 4015026, 1614672, 1614674, 4008532, 4008531, 1524, 1525, 4006504, 1523, 5066, 5067, 4599, 4598, 4597, 1624958, 4594, 4595, 4016580, 4600, 630, 1150, 1151, 5064, 5065, 1624943, 6644, 4014940, 4014941, 4014939, 4596, 5674, 4008453, 6642, 5673, 4008468, 1521]",10801,Sport
1017,"[1600047, 1623888, 1600049, 1624239, 1600050, 1600056, 1600051, 1600057, 1600052, 1600059, 1270295, 5037, 1625096, 5036, 1625085, 1604177, 1604061, 1604060, 4009016, 4000961, 1604056, 1604104, 1604119, 1604103, 1604102, 1604142, 1604141, 1604149, 1604151, 1604152, 1624233, 1261205, 1624234, 1623907, 1623961, 4017803, 4011658, 4007418, 4007423, 4007424, 4007406, 4007407, 4007403, 1442, 4007413, 4007414, 4017672, 4465, 4456, 6988, 4490, 1250118, 1260721, 1250081, 1260724, 1260125, 1260592, 1260036, 4871, 1260035, 1260454, 1260034, 1260888, 1260889]",5390,Domicile-travail
1018,"[1230189, 6098, 1230344, 5931, 1220137, 4830, 1220042, 1220036, 1220043, 5512, 4827, 1220115, 4822, 1220097, 4824, 1220090, 1220244, 6484, 1220203, 6485, 6486, 6487, 5927, 5246, 4012306, 4012307, 1210308, 7622, 5247, 1210291, 5248, 1210242, 5244, 6930, 4266, 1210031, 4102, 1210185, 4177, 4093, 4094, 1210004, 4095, 4096, 4098, 4814, 5502, 5501, 4180, 4800, 4009859, 4009861, 4812, 4006794, 4813, 4006795, 1200260, 1200155, 4802, 4803, 1190052, 4807, 4808, 4809, 4810, 4449, 4450, 1190014, 4451, 4012748, 1190028, 1190162, 1190070, 1190069, 1190200, 4012746, 4012745, 4012747, 1420521, 4010083, 4015052, 4015053, 4015050, 4015048, 1420443, 670, 1421119, 1420569, 6622, 6621, 6620, 6623, 4012180, 7881, 4012408, 1420246, 1420579, 4440, 4442, 814, 4438, 1410458, 4437, 4436, 6890, 4448]",7491,Magasinage
1020,"[4597, 4594, 4595, 4016580, 4600, 630, 1150, 1153, 1526, 5672, 1614701, 5671, 6645, 5667, 5669, 1614697, 1614679, 1614698, 1614680, 4008531, 1523, 4007798, 4008460]",3874,Sport
1022,"[1370787, 1370155, 1370790, 1360211, 1360267, 1360187, 1361033, 1360268, 1360578, 1360269, 1360097, 1360271, 1624962, 1360096, 1360200, 1360095, 1360094, 1360093, 4015718, 4015719, 650, 1371113, 1370199, 1370198, 1371043, 1370197, 1370176, 1370196, 1370195, 7272, 1370194, 1370751, 1370193, 4010434, 1600426, 1370191, 1370190, 1370957, 1370189, 1370443, 1370188, 1370951, 1370187, 1370954, 1370186, 5085, 1370118, 5086, 4017324, 4017326, 4017325, 4016105, 4016119, 4006107, 4015027, 5089, 5357, 4011766, 4011765, 1601212, 4007121, 1601246, 4007718, 1601226, 4007719, 1601260, 4007717, 1601265, 5376, 1601296, 5377, 1601267]",3740,Autre
1023,"[1240396, 1240395, 1240069, 1240238, 1240309, 1240237, 1240343, 1240250, 5017, 1240251, 5029, 1240252, 829, 6166, 1240254, 1240190, 1240255, 1240263, 1240256, 1240174, 1240257, 1240076, 1261200, 1624234, 1261205, 1624233, 1623906, 1260084, 1260085, 4008378, 4008380, 4010951, 4017874, 4017875, 4017876, 4015657, 4015656, 5653, 4017892, 4017890, 1260183, 1600031, 4007955, 1261084, 1261083, 1260278, 1261082, 1261081, 1260457, 1260077, 1260078, 1260079, 1600999, 1608896, 1604192, 1604193, 1604196, 1604255, 1604197, 1604203, 1604199, 1604200, 1604264, 1604233, 1600752, 1600742, 1600743, 1600745, 1600746, 1600747, 1600770, 1600771, 1600778, 1600775, 1600700, 1600689, 1600701, 1300114, 1300028, 4013764, 4013763, 4009104, 1300156, 4009106, 4015328, 1600526, 4002772]",7955,Social
1025,"[6560, 4007418, 4007420, 1439, 1625541, 1240255, 1240263, 1240264, 4255, 1240265, 1240441, 1240191, 1240440, 1240439, 5027, 7197, 6168, 6120, 5021, 1240123, 5022, 1240377, 5023, 7949, 5024, 6180, 4012171, 4014490, 4014488, 5661, 4016042, 4016043, 4016040, 4016041, 5660, 4012173, 1140342, 1140013, 1140343, 1140344, 1140371, 1140346, 1140347, 1140156, 1140348, 1140044, 1140349, 1140350, 1140351, 1140352, 1625647, 4003240, 1120254, 1120027, 1120255, 1120203, 1120257, 1120184, 1120259, 1120087, 1120260, 1120261, 1120115, 4009621, 4009620, 4009631, 1110596, 1110232, 1110595, 4009599, 4009598, 1110593, 1110102, 1110499, 4009682, 1040161, 1040534, 1625196, 1625198, 1030503, 1030504, 1040065, 1030505, 1623805, 1623806, 4015540, 4015542, 4015541, 1030394, 1030508, 1030616, 1030457, 1030509, 1030510, 1030168, 1030511, 1030512, 5561, 1030061, 5562, 1030539, 5564, 1030584, 1030418, 1030160, 5565, 5566, 5572]",9316,Magasinage
1029,"[1605811, 1605814, 1605813, 1605815, 4016809, 7316, 1605816, 5110, 5109, 1605849, 4014299, 4014575, 4011355, 4014578, 4011075, 4017315, 4012760, 4014562, 1605837, 5698, 4006621, 868, 52, 501, 200, 1021, 1129, 634, 1604513, 920, 1091, 635, 921, 636, 205, 4015721, 637, 206, 922, 1280, 639, 208, 4007663, 923, 640, 210, 641, 211, 924, 212, 643, 213, 925, 1324, 649, 4014216, 4014213, 219, 1041, 926, 220, 651, 221, 927, 652, 222, 917, 1371110, 4627, 1370046, 4626, 1370628, 1370174, 4625, 1370209, 4623, 7268, 6208, 4015763, 4015762, 1370615, 1370637, 1370614, 1370957, 1370613, 1370443, 1370612, 1370951, 1370611, 1370954, 1370610, 5087, 1370826, 1370825, 1370548, 1370516, 1600458]",10125,Autre
10290,"[1210260, 1210220, 1210294, 1210293, 1210292, 5247, 7971, 1210308, 4012307, 4012306, 5246, 5927, 6487, 6486, 6485, 1220203, 6484, 1220145, 1220244, 1220090, 4824, 1220097, 4822, 4827, 5512, 4826, 1220036, 5243, 5514, 5242, 1220069, 5250, 5249, 4120, 4119, 1220311, 4118, 4117, 1220345, 4116, 1220228, 1220016, 4115, 4113, 4017384, 4122, 1250064, 4121, 5336, 7983, 5335, 1250113, 5334, 5333, 1250052, 1250276, 1250364, 5332, 1625079, 5337, 5018, 5015, 5030, 5016, 1440, 1439, 1441, 3748, 1442, 4007413, 4007414, 4465, 4880, 4456, 6988, 1250118, 4139, 1250081, 4140, 1250002, 4141, 7625, 1261218, 1260962]",4652,School
10294,"[1260724, 1250081, 4139, 1250085, 6991, 4465, 1442, 4007414, 4007413, 1441, 4007403, 4007399, 3748, 1439, 4007420, 6560, 4007423, 1443, 4007418, 4011658, 4017803, 1623961, 1260084, 723, 310, 1444, 722, 1445, 963, 1489, 1490, 1448, 4017862, 4017872, 1452, 4017874, 4010951, 1604119, 1604104, 1604056, 4000961, 1604054, 1604117, 1604053, 4007452, 4567, 1604025, 1604340, 1603995, 1603990, 1603947, 1603888, 1603881, 1603878, 4013979, 4013978, 4016538, 4015280, 4015279, 4015274, 4015276, 4007149, 4007151, 4007150, 1603840, 1603838, 1603839, 1603836, 1600349, 1600016, 1600014, 4009125, 4009127, 1600011, 1625470, 1625471, 1280034, 1280035, 1603533, 1603508, 1603509, 1603511, 1603529, 4013299, 4013298, 1603527, 1603532, 1603526, 1603524, 5755, 5756, 5753, 5749, 5750, 5754, 5751, 4008322, 1603752, 4001147, 4001149, 4013266, 4013265, 4013267, 6691, 6692, 4644, 4003180, 6693, 6694, 6690, 1603674, 6689, 6688, 6687, 6686, 6685, 4000544, 4000504, 4017703, 4011041, 4012110, 1607609, 4012109, 4012108, 1607562, 1607560, 1608248, 6301, 6295, 6294, 1608275, 6291, 6293, 6292, 6290, 6070, 4017345, 4017347, 4017346, 5597, 5598, 5599, 1608289, 5600, 5606, 1608319, 1608300, 5607, 5601, 1608325, 5602]",15286,Domicile-travail
10299,"[1390676, 5923, 1390675, 5924, 1390397, 6931, 1390452, 6932, 6933, 6934, 6935, 6936, 1390078, 7071, 6937, 6938, 6939, 1390407, 6940, 1390334, 6941, 1390605, 6942, 1390276, 6943, 1390244, 1390632, 6930, 4266, 4100, 4011762, 4101, 4107, 1210159, 4108, 1210261, 4109, 1210158, 1210131, 1201118, 4003014, 1201117, 1230175, 1230275, 1230274, 1230273, 1230386, 1230272, 4013780, 1230271, 1230283, 6090, 4014863, 1230284, 1230524, 4014862, 230, 4014867, 1160585, 1160586, 1160587, 1160287, 1160104, 1160288, 1160382, 1160092, 1160069, 5327, 6137, 1160122, 6136, 1150183, 6135, 1150164, 6134, 6133, 1150090, 6132, 1150173, 6131, 6130, 1150100, 6129, 7189, 1140025, 7190, 4990, 7191, 6179, 7192, 1120172, 5004, 1120085, 5001, 1120281, 5003, 5002, 843, 1120128, 1120216, 1120127, 1120250, 1120126, 1120054, 1120209]",8041,Domicile-travail
10309,"[1040367, 4013713, 4013714, 6050, 4959, 5306, 1040171, 1040375, 1110381, 4010977, 4518, 1110351, 7193, 1110406, 7194, 1110278, 1110605, 1014, 7196, 1120061, 1625212, 1120281, 1100067, 1100066, 1120172, 1150103, 6151, 1150102, 4990, 1150101, 1150004, 1150100, 1150005, 6139, 1150006, 1150173, 1150007, 1150091, 1150008, 1150157, 1150009, 1150134, 1150010, 7822, 1150011, 4016729, 1150012, 1150184, 1160014, 1160015, 5328, 1160016, 1160093, 1160017, 1160290, 1160018, 1160205, 1160019, 1160309, 1160020, 2627, 1160021, 2619]",5077,School
1032,"[5670, 5669, 5667, 6645, 1614688, 5671, 1614701, 5672, 1526, 1153, 1614697, 1614679, 5665, 5664, 5066, 4008531, 1525, 1523, 4006504, 1524, 4008532, 1133, 4014958, 1622352, 4014952, 4014955, 1622354, 4008388, 4008462, 4008723, 4017753, 4017752, 4004206, 1625335, 1624381, 1381461, 1016, 4014731, 4014730, 1183, 6, 4014732, 4014733, 4012770, 460, 4014696, 4014695, 4014698, 5, 668, 936, 241, 1313, 933, 663, 4015723, 237, 934, 1043, 227, 656, 226, 928, 655, 1042, 245, 913, 1296, 669, 4014975, 246, 4014973, 667, 4014974, 243, 4593, 4592, 1370859, 4591, 1370634, 4590, 1370997, 5057, 1381643, 1380279, 1381644, 1380278, 1380277, 1381428, 1380275, 1380274, 1380273, 1380272, 1381654, 6978, 6979, 6961, 1625248, 1624105, 1624103, 1624099, 4007729, 1624098, 1625247, 6965, 6957, 5934, 1380345, 4016645, 1381438, 4014671, 1381142, 4014670, 4014012, 1381439, 1381633, 5255, 1381115, 5256, 4861, 4017450, 4017761, 4017760, 4854, 4846, 4843, 1380356, 5053, 5052, 1381402, 1380786, 6956, 1380084, 4008551, 5254, 7852, 7851, 4012069, 7850, 5252, 4011930, 4011932, 4014908, 4014909, 4014905, 4014904, 4002984, 1220011, 1220363, 4835, 1220340, 4836, 4837, 4838, 4840, 1220213, 1020, 1221000, 1220360, 4002980, 1220359, 4002981, 1220358, 4002982, 1220357, 244, 5243, 1220036, 1220042, 4830, 5931, 6098, 6102, 4987, 7180, 1230260, 6108, 6111, 1625599, 6110, 6109, 7181, 1, 4014878, 4014879, 4014883, 4014882, 236, 4999, 1150199, 5000, 7189, 7190, 1140382, 7191, 6151, 1150103, 6152, 2316, 7880, 1150175, 1150020, 1150094, 1150021, 1150159, 1150022, 1150023, 1150129, 1100171, 1100123, 1100124, 1100185, 1100125]",19175,Sport
10347,"[5926, 7621, 4829, 4828, 1210016, 4821, 1220196, 235, 5513, 1220049, 244, 937, 1220360, 1220359, 4002980, 1220216, 1220275, 1220274, 4016798, 1220272, 1220317, 1220271, 1220342, 1220270, 1220057, 1220363]",1790,Magasinage
1038,"[1462, 1520, 4008723, 4017753, 4007319, 4007320, 7642, 1624381, 1381463, 4014702, 4014701, 4014731, 1183, 6, 4012770, 4014698, 4014696, 460, 4014972, 4014973, 1296, 4014975, 243, 4593, 4592, 4591, 1370634, 4590, 1370997, 5057, 1380532, 1380279, 1381644, 1380278, 1380277, 1381428, 1380275, 1380274, 1380273, 1380272, 1381654, 6978, 6979, 6961, 1625248, 6969, 1380411, 6962, 1380408, 6963, 1380527, 6964, 4017731, 1625247, 6965, 6957, 1380345, 1381438, 1381142, 1381439, 1381633, 5255, 1381115, 5256, 4861, 4017450, 4017761, 4017760, 4854, 4846, 4843, 1380356, 5053, 5052, 1381402, 1380786, 6956, 1381217, 1380084, 4839, 5254, 4008500, 1381018, 1380128, 1380861, 4848, 4847, 1381040, 7902, 1175, 1381630, 4124, 4127, 1380748, 1381432, 1380424, 1380750, 1260071, 1260590, 1260036, 1260947]",7656,Exercise
10393,"[1220049, 5513, 235, 1220202, 1220196, 4821, 1210016, 4828, 1210096, 4829, 5926, 7624, 1210097, 1210017, 244, 1220359, 937, 1220360, 4002980, 1220216, 1220275, 1220157, 1220274, 4016798, 1220272, 1220317, 1220271, 1220270, 1220269, 1220013, 1220363]",2381,Magasinage
1040,"[1260035, 4872, 1260946, 1260958, 4873, 1260947, 1260593, 1260036, 1260037, 1260729, 1250002, 4140, 1250085, 4139, 4456, 4880, 4465, 4017672, 1442, 4007414, 4007413, 1441, 3748, 1439, 439, 1250175, 7819, 1240252, 5029, 1240251]",2812,Courses
1042,"[1190239, 1190238, 4972, 1190233, 4971, 1190220, 4970, 4983, 2273, 4977, 1200385, 4976, 1200381, 4982, 2604, 4981, 4980, 4979, 4978, 3904, 7731, 1200301, 4011784, 4530, 4237, 4012712, 4012713, 4180, 5501, 5502, 4814, 4098, 4096, 1210180, 4095, 4094, 1210136, 4093, 1210118, 4177, 1210186, 4102, 1210034, 4266, 4100, 5244, 1210242, 5248, 1210292, 5247, 7971, 1210308, 4012307, 4012306, 5246, 5927, 6487, 6486, 6485, 1220203, 6484, 1220145, 1220244, 1220090, 4824, 1220097, 4822]",3826,Social
1043,"[1240252, 5029, 829, 6166, 1240254, 1240190, 1240255, 1240263, 1240256, 1240174, 1240257, 1240076, 1261200, 1624234, 1261207, 1604152, 1604151, 1604149, 1604141, 1604142, 1604102, 1604103, 1604104, 1604120, 1604131, 1604056, 4000955, 4000961, 1604054, 4009016, 1604065, 1604060, 1604062, 1604061, 1604177, 1625085, 1625096, 5036, 5037, 1270295, 1600059, 1600058, 1600052, 1600057, 1600051, 1600056, 1600050, 1624239, 1600049, 1600048, 1623888, 1600047, 1270098, 1280083]",3646,Domicile-travail
1044,"[1030282, 1030566, 1030423, 1030543, 1030185, 1030184, 1030565, 1030183, 1030281, 1030475, 1030280, 1030402, 1030563, 1030403, 1030352, 4015543, 4015544, 4015545, 1030349, 1623807, 4002508, 1030348, 1030347, 1030018, 1030386, 1030385, 4015458, 4015457, 4015463, 4015469, 4015472, 4015466, 4015460, 4015459, 1110298, 1110297, 1110357, 1110296, 1110247, 1624838, 1110183, 1110291, 1110289, 1130269, 1120099, 1120201, 1120043, 4007018, 1120197, 4015019, 4015023, 1140247, 1140246, 1140266, 1140245, 1140038, 1140242, 1140407, 1140387, 1140390, 1140170, 1140391, 1140392, 1140235, 1140033, 1140169, 1140032, 1140406, 1140029, 1880, 4014549, 4014550, 1325, 234, 1667, 4016041, 4016040, 4017235, 4015040, 1140314, 5632, 5633, 4543, 1140013, 4544, 4545, 4546, 4547, 6146, 6147, 6148, 6149, 1140193, 6150, 7818, 6141, 1140309, 6142, 1140370, 6143, 1140113, 6144, 1140331, 6145, 6179, 7192, 6151, 1120171, 5004, 1120084, 5001, 1120280, 5003, 1120279, 1120247, 1120278, 1120051, 4012300, 4012301, 4012298, 1120297, 1120239, 4016834, 1120298, 3906, 1120123, 3907, 3908, 3909, 3910, 6542, 6053, 1041153, 6051, 1040499, 6052, 5305, 6047, 1040299, 6048, 1040067, 1040068, 6049, 3862, 4015991, 4015993, 4015992, 3863, 4017428, 1050371, 3866, 1050088, 3867, 4949, 6524, 5558, 5568, 1030495, 1030004, 5569, 1030628, 5567, 1030290, 1030410, 1030242, 1030624, 5560, 1030512, 5561, 1030061, 5562, 1030539, 5564, 1030584, 1030418, 5565, 5566, 5572, 1030554]",15893,Sport
1045,"[1624400, 1624399, 3009, 1170079, 1170082, 4017601, 4017602, 1170083, 1170084, 1170085, 2646, 1170086, 1170087, 1170088, 1170089, 1170284, 1170090, 4523, 1180241, 1180529, 4524, 1180528, 1464, 249, 4015050, 4015053, 4015051, 4017904, 5492, 5614, 4779, 4781, 4778, 4780, 814, 4771, 1410276, 4770, 4777, 1410068, 1410580, 4769, 133, 900, 1410655, 157, 602, 158, 603, 1410656, 159, 604, 1293, 4445, 4009821, 4007365, 4444, 4009824, 4443, 4009828, 4069, 4070, 4009833, 4009835, 4009839, 4009842, 4009845, 4009848, 4009851, 6874, 4009853, 4009856, 4009880, 4009885, 4009891, 5240, 4009897, 4009900, 4009909, 4009912, 4009915, 4009937, 4009939, 4009943, 1625493, 4017727, 4017728, 4011500, 4011499, 4013462, 4009950, 4052, 4053, 4013115, 4013117, 4013116, 4013488, 4013112, 4013113, 4046, 4047, 4048, 4050, 1132, 160, 1487, 1614625, 1450424, 1450042, 162, 606, 161, 1488, 1481, 1480, 607, 163, 4005332, 4005331, 6858, 6859, 6857, 1479, 164, 608, 4005125, 165, 4039, 4040, 4041, 4042, 4762, 4763, 4764, 1624404, 6856, 6854, 6855, 4013046, 4013047, 4013044, 4013045, 6850, 1613773, 4017240, 5463, 1613732, 6848, 7640, 1294, 1613752, 1613751, 1613750, 1613748, 1613747, 1613745, 1613744, 1490262, 1490263, 1490556, 1490264, 1490265, 1490266, 1490267, 1490269, 1490270, 1490271, 1490594, 1490272, 1490273, 1490473, 1490274, 1490792, 1490275, 1490276, 1490277, 1490278, 1490279, 1490280, 1490281, 1490282, 4004179, 1500324, 1500326, 1500327, 1500328, 1500330, 1500332, 1500335, 1500557, 1500336, 1500564, 1500337, 1501181, 1500840, 1500338, 1500582, 1500341, 1500584, 1500343, 1500597, 1604605, 1500019, 1500345, 1500620, 1500346, 1624657, 1500347, 4010237, 4010238, 4004183, 1500350, 1500663, 1500351, 1500352, 1500677, 1500353, 1500680, 1500354, 4420, 1500687, 1500356, 4421, 1500693, 4422, 4423, 1500817, 4427, 4428, 1623987, 4429, 4430, 1606406, 4424, 1500700, 4425, 4426, 1500788, 4481, 1092, 909, 1482, 172, 910, 611, 174, 1500709, 175]",22742,other
10450,"[1601151, 1601150, 7243, 1601153, 1601156, 7237, 7239, 7240, 1601164, 7238, 1601162, 7241, 1600957, 5069, 1600964, 1600965, 1600963, 1600962, 1600960, 1260758, 4008444, 1260017, 1261027, 4008442, 1260757, 1260756, 1260121, 1260755, 1260271, 1260753, 1260845, 1260752, 1260857, 1260751, 1260311, 1260750, 1260749, 1260748, 1260630, 1260747, 1260746, 1260745, 1260744, 1260498, 1260742, 1260741, 1260877, 1260740, 1260738, 1260472, 1260737, 1260735, 1614660, 1260734, 1260733, 1260977, 1260732, 4458, 1260731, 1260730, 1260729, 1260728, 1260125, 1260724, 1260721, 1260720, 1250217, 1380911, 1250131, 1380909, 4128, 1380905, 4126, 1380903, 1380902, 1250373, 1250374, 4867, 1250375, 1250376, 1250093, 1250377, 1250378, 1250379, 1250337, 1250380, 1250381, 1250382, 1250077, 1250383, 5337, 1625079, 1250386, 1250173, 1250387, 1240250, 5019, 1240251, 5017, 6169, 1240437, 1240335, 6168, 5021, 1240123, 5022, 1240377, 5023, 5024, 6180, 5661, 4014488, 4016042, 4016043, 4016040, 4016041, 5660, 4012173, 1140342, 1140343, 1140344, 1140371, 1140346, 1140347, 1140348, 1140349, 1140350, 1140351, 1140352, 1625648, 1120175, 1120064, 1120176]",9159,Other
10459,"[5790, 1608305, 1607519, 1614875, 1607527, 1608307, 1607538, 1607537, 1607536, 1608266, 1608264, 1608265, 1608256, 1608254, 6290, 1608276, 1608278, 6292, 6293, 6291, 6294, 6295, 1608248, 4007940, 1607560, 1607561, 1607562, 1607563, 4012108, 4012102, 4012107, 4017701, 4012110, 1607615, 4011041, 1603153, 1603154, 1603160, 1603159, 1603157, 4000504, 4000544, 4000546, 6685, 4641, 4002320, 4636, 1603192, 4637, 4002322, 4638, 4639, 4640, 1603701, 4643, 4642, 4644, 6692, 1603747, 1603781, 1603748, 1604503, 4000554, 1603576, 4013248, 4013250, 4013249, 4013246, 5757, 5755, 1603524, 1603526, 1603532, 4013298, 4013300, 1603511, 1603509, 1603533, 1280035, 1280034, 1625471, 1600011, 4009128, 4015304, 4015307, 1625238, 1600020, 4006087, 1600017, 1600349, 1603836, 1603838, 1603840, 4007150, 4007151, 4007149, 1603864, 4009022, 4009023, 1603861, 1603860, 1603890, 1603895, 1603904, 1603992, 1604014, 4562, 1604065, 4555, 4007452, 4567, 4565, 4000944, 4566, 4568, 4557, 4559, 4558, 1604095, 4564, 4563, 4560, 4561, 4009013, 1604150, 1604148, 1624236, 1240076, 1261200, 4017803, 4011658, 4007418, 1443, 4007423, 4007424, 4007406, 4017673, 4007413, 1442, 4007414, 4465, 6991, 4456, 4139, 1250118, 1260721, 1250081, 1260724]",10412,Domicile-travail
1049,"[1160252, 1160023, 1160254, 1160197, 1160255, 4224, 1160256, 4223, 1160304, 4222, 2625, 4221, 1160311, 4220, 1160207, 4219, 1160292, 4218, 1160095, 6121, 1160137, 4988, 1160127, 4989, 1160368, 4998, 4997, 1150128, 4996, 1150136, 4995, 1150159, 4994, 4993, 1150175, 4992, 6138, 4991, 1150102, 4990, 7191, 6151, 7192, 1120172, 5004, 1120085, 5001, 1120281, 5003, 5002, 843, 1014, 1110605, 7195, 7194, 1110081, 4003285, 1110082, 1111117, 4518, 4010977, 1110381, 4519, 5306, 4013713, 4959, 6050, 4013714, 1040367, 1040200, 1040199, 1040527, 1040198, 1040088, 1040197, 1040391, 1040196, 1040219, 1040087, 1040167, 4009717, 4010961, 1110382, 1110073, 1110072, 1110330, 1110071, 1110403, 1110070, 1110275, 1120250, 1110276, 1120216, 1120128, 1120215, 1120208, 1120280, 1150101, 1150092, 1150158, 6127, 1160126, 1160094, 1160310, 2626, 2617, 1160022, 1160253]",11894,Errand
10508,"[4006101, 6229, 4004567, 6227, 4006100, 4004415]",1031,Travail
1052,"[1260265, 1260678, 1370095, 4008084, 4011467, 1360066, 1360218, 1600398, 1360216, 1360215, 4008071, 1600401, 1360213, 1360175, 1360212, 1360211, 1370790, 1370154, 1370789, 1370788, 1370966, 1370833, 1370965, 1370964, 1370109, 4015717, 4015716, 1625745, 656, 1043, 7262, 934, 1371047, 662, 237, 663, 4015723, 933, 242, 1313, 241, 936, 5, 668, 4012770, 4014733, 1183, 4014731, 4014701, 1381461, 4014702, 1016, 7642, 1520, 4007320, 4017752, 4017753, 4008723, 4008462, 4008387, 1519, 1133, 4014955, 4014952, 4014958, 4008532, 4006504, 4008531, 1524, 1525, 1523, 5066, 1614676, 5664, 5665]",7471,Social
1053,"[1220015, 4115, 1220016, 1220257, 4113, 4122, 4017387, 4017390, 4017388, 1250171, 4017391, 4017393, 1220127, 1624890, 1220128, 1220017, 1220129, 1220060, 1220130, 1220346, 1220131, 1220323, 1220132, 1220312, 1220133, 1220164, 1220134, 4008303, 1220135, 4008305, 1220136, 1220137, 5518, 5931, 1220138, 4830, 1220043, 1220036, 244, 1220359, 4002980, 1220216, 1220275, 1220158, 1220274, 4016798, 1220272, 1220317, 1220271, 1220342, 1220270, 1220057, 1220363]",3224,Magasinage
10531,"[4003154, 1240340, 1240442, 1240265, 5032, 1240264, 1240024, 1240263, 1240255, 1625541, 4007420, 1439, 1441, 4007403, 4007401, 1250224, 1624408, 1624406, 4880, 1250218, 4879, 4878, 4142, 4869, 4012232, 4868, 1250035, 4867, 1250374, 1250375, 1250257, 1250359, 1250258, 1250358, 1250155, 1250357, 1380871, 1380873, 1380144, 1380874, 1380397, 1380875, 1380876, 1624279, 1380877, 1381021, 1380878, 1380879]",3226,Travail
1054,"[4012064, 4011932, 5253, 5252, 7850, 4012068, 4012069, 4012065, 7852, 1380763, 5254, 4008551, 1380495, 1380084, 1381220, 6956, 1380441, 1380790, 5533, 1380440, 5054, 1380357, 4843, 4008383, 1381303, 4017450, 4017760, 4017761, 1380969, 5256, 5255, 4014669, 4014670, 4014012, 4014671, 4016645, 5934, 1608943, 6957, 6965, 1625247, 1624098, 1624100, 1624103, 1624105, 1380217, 1380218, 4017749, 1380219, 1625251, 1380220, 5057, 4590, 4591, 4592, 4593, 243, 667, 4014975, 3803, 5346, 5343, 4014692, 4014693, 4014697, 4014691, 4014690, 1625781, 1174, 1370995, 1326, 666, 4012048, 4015723, 935, 240, 663, 242, 933, 237, 934, 1043, 227, 656, 1625745, 4015716, 223, 653, 222, 652, 221, 220, 650, 926, 219, 649, 4014213, 1324, 925, 1331, 647, 217, 646, 4007751, 216, 645, 215, 644, 214, 1350637, 638, 207, 1280, 922, 206, 637, 205, 636, 921, 204, 635, 920, 203, 634, 1129, 1021, 200, 501, 868, 1513, 7650, 1165, 4001099, 4001095, 51, 4014291, 4014294, 4014295, 4014298, 500, 50, 1272, 49, 499, 48, 867, 545, 4013990, 546, 4013986, 1511, 98, 1256, 1605249, 1605257, 4395, 1257, 1605578, 97, 5410, 5411, 1605583, 5409, 1605602, 4014282, 4014281, 5405, 1605635, 5406, 1605636, 4014286, 4009405, 4014285, 4014284, 4014283, 1605681, 1605673, 1605716, 96, 1605744, 1632, 1606278, 1320, 1606279, 1606280, 870, 4008966, 95, 871, 4008967, 1606353, 1606356, 1606358, 1606360, 1606362, 91, 1606363, 1606426, 1606552, 1606553, 1418, 1420, 1419, 1606554, 1421, 1606572, 1424, 1423, 273, 881, 90, 538, 89, 537, 4008809, 88, 880, 87, 536, 86, 535, 85, 534, 84, 533, 879, 272, 1164, 1116, 1329, 1868, 1876, 1135, 530, 1875, 1274, 1873, 1874, 1869, 82, 878, 81, 529, 80, 528, 79, 1285, 4007127, 1609, 4007124, 4282, 5089, 4015027, 4006107, 4016119, 4017325, 4017326, 4017324, 1370145, 5086, 5085, 1370186, 5088, 5084, 1370610, 5087, 7265, 4622, 1371220, 4621, 4619, 1600446, 4618, 1371145, 4616, 4015768, 4015769, 4015764, 6659, 6658, 1370744, 6657, 7263, 1370580, 7259, 1370169, 7260, 1370920, 7261, 7262, 1313, 241, 936, 668, 245, 4014698, 4014696, 1296, 669, 246, 4014973, 1370997, 1380532, 1380279, 1381644, 1381437, 1625250, 1381385, 1380345, 1381438, 1381633, 1381115, 4861, 4854, 4846, 1380356, 5053, 1380069, 5052, 1381402, 1380786, 1381217, 4839, 7851, 4011698, 4014910, 4014911, 1380879, 4014907, 4014906, 1221003, 1221004, 1220062, 1220367, 1220363]",36969,Sport
10602,"[1210260, 1210296, 1210295, 1210294, 1210293, 1210292, 5247, 7971, 1210308, 4012307, 4012306, 5246, 5927, 6487, 6486, 6485, 1220203, 6484, 1220145, 1220244, 1220090, 4824, 1220097, 4822, 1220115, 4827, 5512, 4826, 1220036, 5243, 5514, 5242, 1220069, 5250, 5249, 1220032, 4120, 1220163, 4119, 1220311, 4118, 1220322, 4117, 1220345, 4116, 1220059, 1220228, 1220016, 4115, 1220257, 4113, 4017387, 4122, 1250065, 4121, 1250100, 5336, 7984, 5335, 5334, 5333, 1250053, 1250276, 1625078, 5332, 1625079, 5337, 5018, 5015, 5030, 5016, 439, 1440, 1439, 1441, 4007399, 4007403, 1442, 4007413, 4007414, 4017672, 4465, 4456, 4490, 4139, 4140, 4866, 4141, 1250158, 7625, 5258, 1261218]",4555,School
10607,"[1261218, 5258, 7625, 1250158, 4141, 4140, 1250085, 6991, 4465, 1250451, 1442, 4007414, 4007413, 1441, 4007403, 4007399, 3748, 1439, 1440, 5016, 5015, 5018, 5337, 1625079, 5332, 1625078, 1250276, 1250053, 5333, 1250021, 5334, 1250113, 5335, 7984, 5336, 1250100, 4121, 1250065, 4122, 4017387, 4113, 1220257, 4115, 1220016, 1220228, 1220059, 4116, 1220345, 4117, 1220322, 4118, 1220311, 4119, 1220163, 4120, 1220032, 5249, 5250, 1220069, 5242, 5514, 5243, 1220036, 4826, 5512, 4827, 1220115, 4822, 1220097, 4824, 1220090, 1220244, 1220145, 6484, 1220203, 6485, 6486, 6487, 5246, 4012306, 4012307, 1210308, 7971, 1210218, 1210219, 1210295, 1210220, 1210244, 1210260]",4546,School
10615,"[7625, 1250158, 1250447, 4866, 1250085, 6991, 4456, 4880, 4465, 4017672, 1250224, 4007412, 4007403, 4007399, 1441, 3748, 1439, 4007420, 1625541, 1240255, 1240263, 1240264, 4255, 1240265, 1240441, 4003153, 1240192, 1240217, 7990, 1240216, 5027, 7197, 6168, 6120, 6113]",2890,Domicile-travail
10616,"[4002904, 1261037, 4008725, 4008727, 1624142, 1624143, 1624141, 1261222, 1261034, 1261221, 1260891, 1260958, 4462, 4873, 1260947, 4872, 1260036, 1260593, 1260037, 1260729, 1250002, 4866, 6993, 6992, 1250086, 6991, 4465, 4880, 1624406, 4879, 1250138, 4878, 1624383, 1250424, 1250248, 1250247, 1250246, 4247, 1250245, 1250303, 1250244, 1250038, 1250243, 1250378, 1250235, 1250361, 1250291, 1250362, 1250363, 1250068, 1250364, 5332, 1625078, 1625079, 5337, 5018, 5015, 1250440, 1250367, 1250164, 1250368, 1250369, 1240237, 1240309, 1240238, 1240069, 1240240, 1240241, 7941, 1240396, 7940, 7965, 1240036, 1240094, 7938, 1240106, 7937, 1240231, 7936, 1240434, 7935, 1240326, 7934, 6116, 1240133, 6117, 6118, 6119, 1240158, 5324, 1240102, 5325, 1240301, 5326, 1230405, 7182, 1230008, 7183, 7184, 1625229, 1625228, 1230478, 1230036, 1230479, 1230460, 1624685, 1624684, 4014898, 4014899, 4014895, 232, 4014903, 1140420, 4014894, 4014896, 4008171, 4008176, 1140328, 5641, 1140297, 5642, 7189, 6129, 1150100, 6130, 6139, 6131, 1150173, 6132, 1150091, 6133, 7873, 6134, 6125, 6135, 1150184, 6136, 1160123, 6137, 5328, 1160069, 1160093, 1160070, 1160290, 1160071, 1160205, 1160072, 1160309, 1160073, 2627, 1160074, 2619, 1160075, 1160253, 1200017, 1200242, 1200018, 7728, 1200019, 1200344, 1200020, 1200353, 1200021, 1200368, 1200022, 2608, 1200023, 1200390, 1200024, 2279, 1200025, 1200405, 1200026, 1170145, 1170146, 1170005, 1170147, 4232, 1170148, 4008350, 4008351, 4008352, 1091104, 1090441, 4003308, 1090440, 1090009, 1090010, 1090352, 1090011, 1090012, 1090013, 1090230, 1090014, 1090367, 1090015, 1090369, 1090016, 1090376, 1090017, 6078, 1090018, 1090397, 1090019, 1090020, 1090183, 1090021, 1090413, 1080213, 1080214, 1080548, 1080549]",11142,Domicile-travail
1062,"[6267, 6270, 4013940, 6266, 1600287, 6265, 6264, 6263, 1600284, 6262, 1600283, 6268, 6261, 1600282, 6260, 1600275, 1350225, 1350230, 1600277, 1350178, 1600280, 1350049, 1600617, 1600616, 1350569, 1350570, 1351003, 1350605, 1350606, 6669, 4015775, 763, 207, 638, 214, 1350637, 644, 215, 645, 216, 646, 217, 647, 1331, 1324, 649, 4014216, 4014213, 219, 648, 926, 220, 650, 4015719, 927, 221, 652, 222, 653, 223, 849, 654, 4015716, 4015717, 224, 1042, 655, 225, 928, 226, 656, 227, 1043, 934, 237, 662, 932, 1625103, 4015722, 242, 4015723, 663, 240, 4012048, 666, 1326, 4016603, 1174, 1370995, 1625781, 4014690, 4014691, 4014697, 4014693, 4014692, 5343, 5346, 3803, 667, 4014975, 243, 4593, 4592, 4591, 4590, 5057, 1381643, 1380279, 1381644, 1380278, 1380277, 1381428, 1380275, 1380274, 1380273, 1380272, 1381654, 6978, 6979, 6961, 1625248, 6962, 6963, 1380527, 6964, 1380117, 4017731, 6965, 6957, 5934, 1380345, 4016645, 4014671, 4014670, 4014669, 5255, 5256, 4861, 4017450, 4017761, 4017760, 4854, 4846, 4843, 1380356, 5053, 5052, 1381402, 1380786, 6956, 1380084, 4839, 5254, 7852, 7851, 7850, 5252, 5253, 4011698, 1381442, 4014910, 4014911, 1380879, 4014907, 4014906, 4014904, 1221004, 1220062, 1220367, 1220363, 1220011, 4835, 1220340, 4836, 1220316, 4837, 1220305, 4838, 1220155, 4840, 1220213, 1220360, 937, 244, 1220359, 1220358, 1220357, 5243, 1220036, 1220042, 4830, 1220137, 5931, 1230344, 6098, 1230189, 6102, 1230212, 4987, 1230544, 7180, 1230260, 6108, 6111, 6110, 6109, 1230416, 7181, 1, 4014878, 4014879, 4014883, 4014882, 236, 4014880, 1150230, 1150098, 1150200, 1150201, 1150202, 1150090]",15168,Autre
10621,"[1390601, 1390530, 1390331, 1390529, 1390528, 1390527, 1390355, 1390525, 1390396, 1390323, 1390395, 1390370, 1390393, 4017100, 4112, 1390392, 4833, 1390391, 1390509, 1380510, 1380166, 1380509, 1380005, 1380508, 1380732, 1380507, 1380731, 1380431, 1380730, 1381231, 1380729, 1380669, 1381267, 1381320]",2194,Courses
10622,"[1381320, 1380800, 1380054, 1381229, 1381321, 1381230, 1380670, 1381231, 1380729, 1381232, 1380297, 1381233, 1380004, 1381234, 1380164, 1381235, 1390505, 1390670, 4831, 1390671, 6950, 1390672, 914, 4017100, 1390369, 1390323, 1390370, 1390395, 4007890, 1390355, 1390715, 1390127, 1390714, 1390472, 1390379, 1390380, 1390331, 1390381, 1390382, 1390600, 1390601]",2255,other
1066,"[1240190, 4255, 1240191, 4254, 7992, 7198, 5026, 6167, 6169, 1240437, 1240335, 6168, 6120, 6113, 6114, 6115, 7934, 6116, 6117, 7933, 6118, 1240224, 6119, 1240157, 5324, 1240101, 5325, 1240301, 5326, 1230405, 7182, 7183, 7184, 1625229, 7185, 1230434, 7186, 1230324, 4242, 4243, 7181, 1, 4014876, 4014877, 4014881, 4014880, 1150230, 1150098, 1150200, 1150191, 6139, 6140, 1150006, 1150007, 1150091, 1150008, 1150157, 1150009, 1150134, 1150010, 1150011, 7822, 1150012, 1150185, 1160014, 1160015, 5328, 1160016, 1160093, 1160017, 1160290, 1160018, 1160206, 4219, 1160207, 1160002, 1160208, 1100094, 1100179]",5282,Social
10662,"[1261218, 5258, 7625, 1250158, 4141, 1250002, 4140, 1250081, 1250085, 6991, 4465, 1442, 4017672, 4007414, 4007413, 1441, 4007399, 3748, 1439, 1440, 439, 5016, 5030, 5015, 5018, 5337, 1625079, 5332, 1625078, 1250276, 1250053, 5333, 1250021, 5334, 1250113, 5335, 7984, 5336, 1250100, 4121, 1250065, 4122, 4017387, 4113, 1220257, 4115, 1220016, 1220228, 1220059, 4116, 1220345, 4117, 1220322, 4118, 1220311, 4119, 1220163, 4120, 1220032, 5249, 5250, 1220069, 5242, 5514, 5243, 1220036, 4826, 5512, 4827, 1220115, 4822, 1220097, 4824, 1220090, 1220244, 1220145, 6484, 1220203, 6485, 6486, 6487, 5927, 5246, 4012306, 4012307, 1210308, 7971, 1210217, 1210218, 1210219, 1210294, 1210220, 1210244, 1210260]",4671,School
10663,"[1210260, 5515, 1210246, 1210357, 1230511, 1230330, 1230274, 1230273, 1230272, 7977, 1230271, 1230282, 1230270, 4533, 1230269, 4240, 1230268, 1230267, 1230374, 1230375, 6105, 6104, 6103, 5321, 1230244, 5320, 1230088, 5319, 6108, 1230467, 6111, 1625599, 6110, 1230416, 6109, 1, 4014876, 4014877, 231, 4014881, 4014885, 1150230, 1150098, 1150200, 1150199, 5000, 7189, 1150004, 7190, 4990, 7191, 6179, 7192, 5004, 1120084, 5001, 5003, 5002, 1120016, 1110277, 1110481, 1110276, 1110516, 1110275, 1110070, 1110274, 1110025, 1110273, 1110198, 1110272, 1110507, 3907]",6178,Social
1067,"[1600458, 1370547, 1600451, 1600452, 1600450, 4621, 1600508, 1370829, 7267, 1370441, 7266, 7264, 4015762, 4015763, 4010723, 6208, 7268, 6213, 6212, 6211, 1370986, 6210, 1370934, 6209, 1370580, 1370457, 1370167, 1600207, 1625106, 4015789, 1625102, 1625101, 4015722, 242, 4015723, 663, 240, 4012048, 666, 4012049, 1370752, 1625097, 1371196, 1370834, 1371195, 1371194, 4015724, 4015730, 4015729, 4014699, 4008487, 4008488, 4014697, 1371189, 1370856, 1371188, 1370859, 1371187, 1370634, 1371186, 1370998, 1371185, 7224, 1381373, 7225, 1381371, 7226, 1381153, 7227, 1380462, 7228, 6974, 1380778, 6975, 1380613, 1381266, 1380612, 1380301, 1380611, 1381166, 1380610, 1380609, 1381089, 1380608, 1380607, 1380606, 1381178, 1380605, 1381095, 1380583, 1380584, 1381057, 1380585, 1380586, 1380414, 1380587, 1380410, 1380588, 1381008, 1380589, 1380590, 4014012, 4014673, 4017820, 1380594, 4017449, 1380596, 4007674, 4013754, 4013755, 1380685, 1390735, 4016988, 1080, 4016959, 1390734, 1390732, 1390436, 1390437, 1390716, 4007893, 1773, 1188, 1390521, 1187, 430, 196, 629, 195, 628, 1390300, 1311, 627, 912, 192, 624, 191, 1292, 149, 595, 150, 907, 596, 151, 1410463, 597, 152, 598, 1410304, 153, 4009800, 4009905, 599, 154, 600, 155, 601, 156, 579, 900, 157, 602, 4009808, 158, 4012578, 603, 159, 1625336, 1625186, 604, 1293, 4445, 4444, 4009827, 1441210, 4010014, 4010013, 4010012, 4003123, 4010007]",12082,Domicile-travail
1070,"[1090026, 1090027, 1090028, 1090029, 1090030, 1090326, 1090031, 1090334, 1090032, 1090033, 4008352, 1090441, 1090034, 1090035, 1090036, 1170199, 1090037, 1090038, 6077, 1090039, 1090395, 1090040, 1090411, 1080030, 1080535, 1080031, 1080545, 1080032, 1080553, 1080033, 4017579, 4017580, 1080034, 1080035, 1170261, 1170059, 1080606, 1080037, 1080633, 1170061, 1170062, 1170063, 1170287, 1170064, 1180383, 5310, 4522, 3877, 1180411, 3878, 3879, 3880, 3881, 1180423, 1180032, 1180033, 2651, 1180101, 2652, 1180251, 4003639, 1180252, 2298, 1180515, 1180517, 1180254, 1180255, 1180256, 4003644, 1180257, 1180512, 4003645, 1180511, 1180258, 1180510, 1181038, 1180509, 4003649, 1180507, 1180260, 7879, 1180506, 1180261, 4003651, 4013483, 4013484, 4003653, 1625126, 4003654, 1625128, 4003655, 1625130, 4009926, 1430207, 1430374, 4003679, 1430376, 1430377, 1430378, 1430444, 4003682, 1624982, 1430072, 1430071, 1430116, 4017610, 4017611]",8772,Sport
10708,"[1600451, 1371220, 4622, 5087, 1370610, 5084, 5088, 1370186, 1600441, 1370187, 1370188, 1370189, 1600431, 1370190, 1370191, 4010433, 1370193, 1370750, 1370194, 7271, 1370195, 1370196, 1370176, 1370197, 1370198, 1370199, 1371112, 927, 4015719, 4015718, 651, 1360093, 1360094, 1360095, 1360199, 1360096, 1360097, 1600243, 1360099, 1360648, 4275, 1360628, 1625066, 1360625, 1360623, 1360403, 4014978, 4014982, 1601394, 1600920, 1360404, 1360405, 1360406, 1600406, 1601395, 1360407, 1360408, 1600404, 1360409, 1360366, 1360451, 1360450, 1600405, 1360449, 1360448, 1360447, 1360446, 1360030, 1751, 1360029, 1360179, 1360028, 1360594, 1360027, 1360273, 1625626, 1625627, 4006897, 1625632, 1625630, 4006896, 1360527, 4006068, 4006066, 1360617, 650, 1371113, 1370049, 1371044, 1370177, 1370212, 6216, 6215, 6214, 4016098, 4016099, 4016100, 4016553, 4016107, 4016102, 4016116, 4279, 4281, 4280, 5092, 4288, 1601172, 4289, 1601201, 4290, 1601214, 4285, 1601315, 1601316, 1601311, 4007717, 1601265, 1601296, 1601302, 1601325, 1601303, 1601345, 1601306, 1601405, 1601461, 1601460, 1601458, 1601305, 1601300, 5385, 5382, 4010576, 1601294, 1601269, 1601270, 1601271, 1601281, 4010527, 4007127, 4284, 4282, 4006107, 5089, 4015027, 4016119, 4016105, 4017325, 4017326, 4017324, 5086, 5085]",11112,Courses
1072,"[7949, 5024, 6180, 4014490, 4014488, 5661, 4016042, 4016043, 4016040, 4016041, 1667, 5660, 5632, 5633, 4015040, 5634, 5635, 5636, 5637, 1140306, 5638, 1140366, 5639, 1140109, 5640, 1140328, 5641, 1140297, 5642, 6129, 6130, 1150191, 6131, 1150172, 6132, 1150090, 6133, 6134, 6125, 6135, 6136, 1160123, 6137, 5327, 1160069, 1160070, 1160071, 1160204, 1160072, 1160073, 1160074, 1160075, 1200017, 1200018, 1200019, 1200020, 1200021, 1200022, 1200023, 1200024, 2279, 1200025, 1200026, 1170145, 1170070, 1170071, 7892, 7883, 1170073, 7884, 7168, 1170074, 1170077, 1170078, 1170079, 1170082, 4017601, 4017602, 1170083, 1170084, 1170085, 2646, 1170086, 1170087, 1170088, 1170089, 1170090, 1180093, 1180094, 1180095, 1180408, 1180096, 7867, 1180097, 1180321, 1180098, 1180419, 1180099, 1180422, 1180100, 2651, 1180101, 1180102, 1180103, 1180104, 1180444, 1180257, 1180511, 1180502, 1180510, 1180493, 1181047, 1181001, 4013860, 4013861, 4013859, 4009870, 4003648]",7054,Domicile-travail
10736,"[4002904, 1261037, 1260954, 4002908, 1624139, 1260955, 1260956, 1260957, 1260891, 1260958, 4457, 4873, 1260947, 4872, 1260036, 1260593, 1260037, 1260729, 1260728, 1250002, 4866, 6992, 6991, 4456, 4880, 1250218, 4879, 4878, 1624383, 1250424, 1250247, 1250010, 1250246, 1250404, 1250245, 1250244, 1250303, 1250304, 1250338, 1250038, 1250337, 1250380, 1250381, 1250382, 1250068, 1250364, 1250276, 1250053, 5333, 1250021, 5334, 1250113, 5335, 7984, 1250169, 7985, 1240245, 1240153, 1240140, 1240154, 1240155, 1240156, 4003145, 1240330, 1240157, 5324, 1240101, 5325, 1240102, 3773, 5326, 1230404, 7182, 7183, 1230396, 7184, 1230477, 7185, 1625228, 1230478, 1230036, 1230479, 1230461, 1230436, 1230462, 4243, 7181, 1, 4014878, 4014879, 4014883, 231, 4014885, 4014882, 236, 4999, 1150199, 5000, 5642, 6129, 1150099, 6130, 1150191, 6131, 1150172, 6132, 6133, 6134, 6135, 6136, 6137, 5328, 1160016, 5329, 6121, 4218, 1160292, 1160001, 1160293, 1100013, 1100211, 1100178, 1100094, 1100179, 1100309, 1100180, 1100233, 1100181, 1100086, 1100182, 1090191, 1090146, 1090130, 1090147, 1090221, 1090148, 1090296, 1090149, 1090307, 1090150, 1090316, 1090151, 1090326, 1090152, 1090334, 1090153, 1090154, 1090341, 1090155, 1090256, 1090440, 1090156, 1090245, 1090157, 1090353, 1090158, 1090159, 1090160, 1090369, 1090161, 1090376, 1090162, 6078, 1090163, 1090397, 1090164, 1090183, 1090165, 1080213, 1080538, 1080548]",10659,Domicile-travail
1074,"[6931, 1390397, 1390525, 1390396, 1390395, 1390393, 914, 4112, 1390392, 4833, 1390391, 1380510, 1380166, 1380509, 1380006, 1380508, 1380507, 1380506, 1380453, 1380505, 1381324, 1380504, 1380503, 1380502, 1380501, 1380014, 1380500, 1381182, 1380499, 1380498, 1380948, 1381223]",1601,Sport
1075,"[478, 4012397, 21, 4012398, 461, 851, 1082, 1309, 4014057, 1370884, 4016501, 4016500, 4017051, 4017050, 1332, 1609, 4007127, 4007124, 4282, 5089, 4015027, 4006107, 4016114, 4016119, 4016105, 4017325, 4017326, 4017324, 5086, 5085, 5088, 5084, 5087, 4622, 1371220, 4621, 4619, 1600455, 4618, 4617, 1371144, 4616, 1370465, 4015768, 4015769, 4015764, 6659, 6658, 6657, 1371208, 1600207, 1625106, 4015789, 1625102, 1625101, 4015722, 242, 933, 1313, 241, 936, 668, 245, 4014698, 4014696, 1296, 4014973, 4014975, 669, 667, 4014974, 243, 4593, 4592, 1370859, 4591, 1370634, 4590, 1370997, 5057, 1381643, 1380279, 1380532]",5669,Domicile-travail
10815,"[1625638, 1625094, 1625091, 1625093, 1625092, 4014980, 4014981, 4014982, 1600409, 1360030, 1360029, 4002876, 1360028, 4002875, 1360027, 4002874, 1625626, 1360632, 1360272, 1624990, 1360271, 1360097, 1360269]",1463,Social
10821,"[5561, 1030624, 1030242, 1030243, 4002488, 4002490, 1030247, 1030244, 1030292, 1030599, 1030291, 1030410, 1030623, 5560, 1030513, 1030062, 1030061, 1030060]",1570,Travail
1083,"[1030290, 1030169, 1030289, 1030170, 1031104, 1031103, 1030171, 1030494, 1050087, 6523, 1050343, 6522, 1050476, 1050370, 4015995, 4015996, 4015994, 1040347, 3871, 1040066, 3870, 1040297, 1040042, 4955, 1040508, 4954, 5309, 1040250, 1040548, 5308, 1041150, 4010961, 1110382, 1110105, 5007, 1110337, 5008, 1110235, 5006, 1110266, 5013, 1120118, 5012, 1120270, 5011, 1120090, 5010, 1120186, 5009, 6154, 1120109, 6153, 1120020, 6159, 1120027, 1120255, 4003244, 4003241, 1120038, 1120064, 1120176, 1140122, 1140264, 1140121, 1140036, 1140120, 1140385, 1140118, 1140028, 1140117, 4014549, 1880, 4014550, 4014551, 1240426, 4014487, 4014552, 1241002, 1240369, 7951, 6165, 1240379, 6164, 1240148, 6163, 1240125, 6162, 1240065, 6161, 1240216, 7990, 1240338, 1240440, 7992, 4254, 6166, 1240254, 7819, 439, 1625541, 4007420, 1439, 4007421, 1260253, 1261136, 4007399, 4007404, 4007403, 4017673, 1441, 1442, 4007413, 4007414, 1250451, 4465, 6991, 4456, 4139, 1250085, 4140, 4866, 4141, 1250158, 7625, 5258, 1260732, 4458, 1260595, 4457, 4462, 1260464, 1614644, 4463, 1260450, 4459, 1260472, 4460, 1260550, 4461, 1260877, 4606, 1260244, 4601, 1260494, 1260900, 1260493, 1260665, 1261053]",11607,Domicile-travail
1084,"[1200404, 2279, 1200024, 1200023, 1200022, 1200367, 1200366, 1200183, 1200365, 1200141, 1200364, 1200229, 1200358, 1200228, 1200349, 1200227, 1200340, 1200226, 7864, 1732, 4584, 4585, 4586, 4588, 4011784, 1200301, 7179, 4237, 1200039, 4012712, 1625284, 4012713, 1625497, 4180, 5501, 5502, 4814, 4098, 4096, 1210180, 4095, 4094, 1210135, 1390637, 1210117, 1390636, 1210185, 1390635, 1210031, 1390634, 1390633, 6930, 1390632, 1210241, 1390631, 1210290, 1390630, 1210101, 1390629, 1210203, 1390628, 5926, 1390627, 1210096, 1390626, 1210016, 1390625, 1220196, 4013758, 4013756, 5513, 1380898, 1380896, 1623799, 1380895, 1380894, 1220068, 1380893, 1220362, 1380891, 1380890, 1221002, 1380888, 1380885, 1220304, 1380882, 1220339, 1380880, 1220005, 4014905, 4014907, 1220365, 1380878, 1221009, 1380877, 1380876, 4013875, 1380875, 1250106, 1380874, 1250014, 1380873, 1250046, 1380871, 1250357, 1380870, 1250373, 1380902, 1250032, 1380903, 4862, 1380905, 4128, 1380909, 1250131, 1380911, 1250217, 1260720, 1250118, 1260721, 1260724, 1260125, 1260728, 1260729, 1260037, 1260730, 1260731, 4458, 1260977, 1260733, 1260465, 1614643, 1260734, 1260735, 1260737, 1260472, 1260738, 1260550, 1260740, 1260877, 1260741, 4008402, 1260742, 4017030, 1260744, 1260745, 1260506, 1260746, 1260747, 1260748, 1260403, 4605, 4604, 1260400, 1260902, 1260399, 1260669, 1261057, 4017769]",9095,Commute
1085,"[5011, 5012, 1120271, 1120091, 5010, 5009, 6155, 1120130, 1120162, 1140196, 1140195, 1140194, 6150, 1140193, 1140049, 1140192, 1140191, 1140376, 1140190, 1140018, 1140189, 5635, 1140005, 5634, 5633, 5632, 1140314, 5660, 4016041, 234, 4016040, 4016043, 4016042, 5661, 4014490, 6180, 5024, 7949, 5023, 1240377, 5022, 1240123, 5021, 6120, 6168, 1240437, 6169, 6167, 5029, 1240251, 5031, 1250174, 5030, 5015, 4251, 1250078, 4250, 1250007, 4249, 1250339, 4248, 1250300, 4247, 1250245, 1250404, 1250094, 4882, 4012232, 4868, 4016797, 6960, 4862, 1380903, 4126, 1380327, 4125, 1381630, 1175, 1381196, 1380570, 1381195, 1381238, 1381194, 1380812]",6588,Domicile-travail
1086,"[7873, 6133, 1150090, 6132, 1150172, 6131, 1150191, 6130, 1150099, 6129, 5000, 5642, 5641, 5640, 1140109, 5639, 1140366, 5638, 1140306, 5637, 5636, 4015044, 5635, 5634, 4015040, 5633, 5632, 4017235, 4014422, 661, 234, 4016040, 4016041, 1880, 1325, 1090, 4014549, 4014550, 4014551, 4014489, 4014552, 1312, 4014490, 4012171, 5024, 7949, 5023, 1240377, 5022, 5021, 7197, 6168, 6120, 1240336, 1240438, 6169, 6167, 7198, 5026, 5029, 5031, 1250174, 5030, 4251, 4250, 1250007, 4249, 4248, 4247, 1250246, 1250404, 4882, 4012232, 4016797, 6959, 4129, 6987, 1250131, 6986, 6988, 4139, 1250085, 4140, 4866, 4141, 7625, 5258, 1261218]",6737,Commute
1089,"[1601390, 1601383, 1601384, 1601382, 522, 75, 1601380, 1601378, 1601376, 1601371, 4000531, 4000449, 5371, 4010588, 4000448, 1291, 523, 76, 5368, 197, 4016848, 918, 198, 625, 4016843, 1126, 632, 4016841, 199, 4013607, 7321, 4011816, 4011013, 4011014, 1350585, 1350612, 1350611, 215, 210, 641, 4007751, 211, 4007748, 924, 4007746, 1600150, 1360503, 1600145, 1600144, 1360505, 1360506, 1600660, 1600659, 1360508, 1600658, 1360130, 1360657, 4010459, 4010461, 4010460, 1600668, 4017187, 4017188, 4017189, 4017024, 4017025, 4017159, 4013641, 4009554, 4016886, 4002714, 4017029, 4013971, 4017219, 4017182, 4017218, 1330520, 4016664, 4002713, 4016663, 4016661, 1330521, 4017060, 1600584, 1330175, 4011826, 4011827, 4011829, 4016087, 4011834, 4011832, 4015062, 4015065, 4015071, 4017419, 4017420, 4015079, 1330636, 4015055, 4015080, 4015056, 4015058, 1330624, 5675, 4015057, 4013739, 3932, 4614, 1330480, 4607, 1330091, 4615, 1310262, 4608, 1310176, 4609, 1310132, 4610, 4611, 1310229, 4612, 4613, 3942, 6650, 6651, 3936, 3938, 1300398, 3939, 1625625, 3940, 1624376, 5684, 1624374, 4002776, 1624378, 1600519]",7138,Domicile-travail
1091,"[4448, 4012583, 900, 1410379, 1410034, 579, 156, 4006829, 4009806, 155, 600, 1614624, 1410665, 154, 599, 4009800, 153, 598, 1410304, 152, 597, 151, 596, 1410085, 907, 1410646, 1410364, 150, 595, 906, 1410043, 4009773, 4006876, 624, 192, 912, 627, 1390447, 1390207, 1311, 1390446, 1390300, 628, 195, 629, 4009295, 4009294, 1390727, 1187, 1390521, 1188, 4007893, 1773, 1625386, 1625387, 5932, 4017100, 6948, 5933, 4834, 1390594, 6955, 1390038, 1381608, 6954, 1381604, 1381603, 6953, 1381430, 1380806, 4002966, 1380805, 1380804, 1380803, 1380802, 1380669, 1380801, 1381320, 1380800, 4002961, 1380799, 4002960, 1380798, 4002959, 5524, 1380012, 5523, 1381180, 5522, 1380945, 5521, 1380793, 1381063, 5534, 5533, 5052, 1381402, 6958, 1380786, 6956, 1381220, 1380084, 4839, 4841, 1381018, 4844, 4848, 4847, 1381040, 1380625, 1381105, 1380657, 1381630, 4124, 1380748, 1624134, 1380424, 1380750, 1260070, 4875, 4870, 1260124, 4871, 1260035, 4872, 1260946, 1260945, 1260096, 1260562, 1260561, 1261033, 1260650, 1261044]",8386,Domicile-travail
10976,"[1160254, 2618, 1160021, 2626, 1160020, 1160019, 1160206, 1160018, 1160017, 1160016, 5329, 1160015, 1160126, 1160014, 1150012, 6127, 1150011, 1150010, 1150009, 1150008, 1150091, 1150007, 1150174, 1150006, 6140, 4992, 6138, 6152, 2316, 1100166, 2313, 2314, 1100103, 2315, 1100344, 1625212, 1110079, 1111106, 1110604, 1110279, 1625211, 1622544, 1110081, 1110082, 7193, 1111116, 1111117, 1110116, 4009723, 4010977, 1040375, 1040095, 1040096, 4010496, 4010497, 4010495, 7118, 1040367]",5163,School
10977,"[1040367, 4013713, 4013714, 6050, 4010496, 4959, 5306, 1040095, 4519, 1040375, 1110381, 4010977, 4518, 1110351, 7193, 1110082, 4003285, 7194, 4003288, 7195, 1110605, 1014, 7196, 1120061, 1625212, 1120281, 1100067, 1100344, 2315, 1100345, 2301, 1100105, 2300, 2299, 1100167, 2302, 7880, 1150175, 4993, 1150174, 1150007, 1150092, 1150008, 1150158, 1150009, 1150135, 1150010, 1150011, 1150012, 1160014, 1160015, 1160016, 1160094, 1160017, 1160290, 1160018, 1160019, 1160310, 1160020, 1160021, 2618, 1160022, 1160253, 1160252]",5519,School
1100,"[1381391, 1381392, 4002946, 1380813, 4007307, 4008405, 4008163, 1380422, 4008160, 4008012, 4876, 1380423, 1624134, 1380424, 1380909, 1250131, 6986, 1250134, 4879, 1250138, 1250156, 1624407, 1624408, 1250224, 1624343, 4007399, 1441, 3748, 1439, 4007420, 1625541, 1240255, 1240263, 1240256, 1240174, 1240257, 1240076, 1261200, 1261207, 1604152, 1604151, 1604149, 1604141, 1604142, 1604102, 1604103, 1604104, 1604056, 4000955, 4000961, 1604054, 4009016, 1604060, 1604062, 1604061]",4394,Domicile-travail
11011,"[1040367, 4013713, 4013714, 6050, 4959, 5306, 4010977, 4518, 7193, 1110082, 7194, 1110278, 1110605, 1014, 4003289, 1110604, 1111104, 1110411, 1110410, 2301, 1100105, 2300, 1100042, 2299, 1100166, 2302, 7880, 1150175, 4992, 1150174, 1150007, 1150092, 1150008, 1150158, 1150009, 1150135, 1150010, 2598, 1150011, 6127, 1150012, 1150185, 1160014, 1160126, 1160015, 5329, 1160016, 1160094, 1160017, 1160291, 1160018, 1160206, 1160019, 1160310, 1160020, 2626, 1160021, 2618, 1160022, 1160254, 1160253]",5233,School
11013,"[1380636, 4011697, 4011698, 4014910, 4014911, 1380879, 4014907, 4014905, 4014904, 1220005, 1220339, 4002984, 4014906, 1221004, 1220367, 1220363, 1220011, 4835, 1220340, 4836, 1220316, 4837, 1220305, 4838, 1220155, 4840, 1220213, 1220360, 1020, 937, 244, 1220359, 1220358, 1220357, 5243, 1220036, 1220043, 4830, 5931, 1230345, 1230346, 1220118, 1230347, 1230348, 1230162, 1230349, 1230350, 1230369, 1210250, 1210021, 1210251, 1210252, 5930, 1210253, 1210377, 5929, 7652, 4532, 4534, 4533, 4531, 6090, 4014863, 6087, 6089, 4015966, 4015967, 4015961, 4015968, 4986, 4984, 6086, 6085, 1732, 1200002, 1200136, 1731]",5166,Domicile-travail
1104,"[4977, 1200232, 1200386, 1200382, 1200231, 1200372, 1200230, 1200364, 1200229, 1200358, 1200228, 1200349, 1200227, 1200339, 1200226, 7864, 1732, 6085, 4984, 6086, 4011684, 1657, 1160142, 6096, 1160296, 6095, 1161103, 7871, 1160589, 1160595, 1044, 659, 230, 4014866, 4014868, 1045, 1160160, 1160159, 6124, 821, 1160157, 4014853, 4014857, 231, 4014881, 4014883, 467, 232, 1140089, 4014895, 4014897, 660, 4014902, 4008174, 4008167, 4008173, 1141104, 4014887, 1140086, 233, 4014424, 661, 4014422, 234, 4016041, 1325, 1880, 4014550, 1140029, 1140032, 1140169, 1140033, 1140235, 1140034, 4017156, 1140035, 1624922, 1624745, 1624747, 4004293, 1140270, 1624925, 1240394, 1603949, 1603951, 1603953, 1603970, 1603975, 1603976, 1603977, 1603980, 4262, 1604001, 1603982, 1603999]",5929,Autres
11047,"[4592, 1371187, 1370635, 1371186, 1370998, 1371185, 1370999, 7224, 1371228, 7225, 7226, 1371119, 7227, 7228, 1371096, 6974, 1380778, 6975, 1370765, 6976, 4008392, 4137, 6982, 6977, 4130, 4134, 4133, 4132, 1380415, 4136, 1381054, 4135, 4014938, 6980, 4006980, 6968, 1381098, 6966, 1381099, 4015707, 1381494, 4015712, 4015710, 4849, 1381100, 1380365, 1381101, 1381389, 4002949, 1380810, 1381102, 1624333, 1381103, 1381209, 1381104, 1380484, 1381105, 1380625, 1381106, 1381107, 1380870, 1250373, 1250374, 1250257, 1250375, 1250092, 1250376, 1250377, 1250243, 1250378, 1250291, 1250379, 1250380, 1250212, 1250381, 1250382, 1250077, 1250383, 1625079, 1250440, 1250386, 1250164, 1250387, 1240250, 1240343, 1240344, 1240437, 4003149, 1240345, 1240346, 1240123, 1240348, 1240349, 1240377, 1240350, 1240351, 1240353, 1240354, 4014490, 4014488, 5661, 4016042, 4016043, 234, 4016040, 4016041, 5660, 4012173, 1140342, 1140343, 1140027, 1140117, 1140028, 1140360, 1140361, 1140362, 1140036]",7521,Domicile-travail
11067,"[1140424, 1140426, 1141104, 4014889, 4014887, 4008173, 660, 4008174, 4014902, 4014903, 4014897, 4014895, 1140088, 1140089, 4999, 236, 4014882, 4014883, 4014885, 231, 4014879, 4014878, 4014876, 1, 7181, 4243, 4242, 7186, 1230324, 1230494, 1230323, 1230207, 1230322, 1230321, 1230320, 1220176, 1220164, 1220133, 1220163, 4119, 1220162, 1220161, 1220160, 1220159, 1220191, 1220158, 1220274, 1220157, 1220156, 1220155, 1220030, 4838, 4837, 1220304, 1380885, 1380953, 1380643, 1380445, 1380831]",4113,Commute
1107,"[1310338, 1310340, 1310031, 1310342, 1310024, 1310343, 1310049, 1320309, 1310048, 3954, 1320129, 3955, 1320252, 1320356, 1320379, 3957, 1320226, 3958, 1320178, 3959, 1320273, 3960, 1320198, 3961, 3962, 1320083, 3963, 3964, 1320003, 3965, 1320002, 4009367, 4009366, 1320388, 1320298, 1320397, 1320299, 1320242, 1320301, 1320302, 1320371, 1320303, 1320071, 1320304, 1602129, 1602165, 1602164, 4013503, 4013504, 4017231, 4017232, 4004330, 1602150, 1602126, 1602148, 1602125, 1602136, 4001134, 4009349, 1602134, 4015891, 4015887, 4015890, 4015889, 1605797, 4012440, 1605793, 1605960, 1605794, 1605959, 1605795, 1605811, 1605814, 1605813, 1605815, 4016809, 5110, 5109, 1605849, 4014299, 4017120, 4011360, 4011075, 4017315, 4012760, 4014562, 1605837, 4016808, 1605857, 4002670, 5697, 4006621, 868, 52, 501, 200, 1021, 1129, 202, 201, 633, 4015518, 1602085, 1258]",6447,Commute
1110,"[1210221, 1210295, 1210219, 1210218, 7971, 1210217, 1210206, 1210254, 1210209, 5621, 1210210, 4003018, 1230508, 1230282, 1230283, 4014863, 4014864, 4014868, 4014867, 1160584, 1160161, 4014865, 230, 659, 4014866, 1045, 821, 4014853, 231, 4014883, 467, 232, 4014897, 660, 4008174, 4008173, 4014887, 4014889, 1140086, 233, 661, 234, 1667, 1880, 1140029, 1140406, 1140032, 1140033, 1140034, 4017156, 4017440, 4017439, 4009873, 1140413, 4015037, 1141100, 4015036, 1130230, 4011692, 4011693, 1130162, 1130233, 1131001, 1131110, 1130312, 4007425, 4009607, 1625642, 1130167, 1130150, 1130209, 1130121]",5950,Autre
11109,"[1381233, 1380297, 1381234, 1380164, 1381235, 1390505, 1390670, 4831, 1390671, 6951, 1390672, 914, 1390674, 1390369, 1390370]",769,Courses
1114,"[1160208, 1100014, 1100309, 1100015, 1160409, 1160003, 1160207, 4220, 1160206, 1160019, 1160018, 1160291, 1160017, 1160290, 1160071, 1160289, 1160382, 1160288, 1160287, 1161100, 1160587, 1160586, 4014867, 4014868, 4014864, 4014863, 1230283, 1230282, 1230507, 1230506, 4241, 4239, 4536, 1210023, 4535, 1230372, 4540, 1230298, 4539, 1230165, 4538, 6106, 4006092, 4006091, 1230179, 1624263, 1220101, 1220141, 1220099, 1220098, 1220045, 1220097, 4824, 1220090, 1220244, 1220145, 5513, 1623799, 1380895, 1380894, 1220068, 1380893, 1380891, 1380568, 1380647, 1381362, 1380646, 1380016, 1380645, 1381186, 1380644, 1380643, 1380642, 1380952, 1380951, 1380950, 1380548, 1380949, 1380498, 1380948, 1381224, 1380947, 1380946, 1380793, 1380792, 4002956, 1380791, 1380790, 1380786, 1380785, 4002953, 1380784, 4002952, 1381398, 1381252, 1380351, 1380350, 1380137, 1380349, 1381035, 1380348, 1380365, 1380193, 4856, 1381188, 4453, 1380293, 4454, 4455, 1380176, 6970, 4017322, 6971, 4008394, 4008393, 1260061, 4014931, 1381168, 1380343, 1381167, 1381079, 1381166, 1380610, 1381165, 1380938, 1380939, 1380609, 1381088, 1380388]",8764,Commute
11167,"[1040367, 4013714, 6050, 4959, 4013713, 5306, 1040171, 1040375, 4519, 1110381, 4010977, 4518, 7193, 1110082, 1110081, 7194, 1110278, 1110605, 4003289, 1111106, 1110604, 1111104, 1110411, 1110410, 1100346, 1100058, 1100347, 1100348, 1100349, 1100350, 1100351, 1100352, 1100353, 1100034, 1100354, 1100051, 1100189, 1100050, 1100114, 1100049, 1100176, 1100048, 1100011, 1160137, 6121, 5329, 1160015, 5328, 1160069, 1160092, 1160070, 1160071, 1160072, 1160073, 1160074, 2619, 1160075, 1160253, 1160252]",5438,School
11178,"[937, 244, 1623799, 1220049]",881,Sport
1118,"[4457, 4458, 4462, 1260595, 1260596, 1260465, 1260977, 1260733, 1614643, 1260734, 1614660, 1260735, 1260737, 1260472, 1260738, 1260553, 1625072, 1260558, 1260578, 1260579, 1444, 310, 722, 963]",2737,Domicile-travail
1119,"[1371185, 7224, 1381373, 1381371, 7226, 1381153, 7227, 1380462, 7228, 6974, 1380778, 6975, 1380613, 6976, 1381081, 6977, 4131, 4004933, 1371428, 1371425, 6985, 1260047, 1260289, 1260048, 1260290, 1260953, 4002903, 1261038, 1260291, 1260445, 1260292, 4017674, 4017680, 1260540, 4017681, 1260296, 4017250, 4017249, 1261050, 1260543]",1884,Domicile-travail
11197,"[1210260, 1210245, 1210246, 1210356, 4003015, 1230511, 1230330, 1230273, 1230272, 1230271, 1230270, 1230269, 1230268, 1230074, 1230267, 1230374, 6105, 6104, 6103, 5321, 5320, 1230089, 5319, 6108, 6111, 6110, 6109, 1, 4014878, 4014879, 4014883, 4014885, 4014882, 236, 4999, 1150199, 5000, 6129, 7189, 7190, 7191, 6151, 7192, 5004, 1120085, 5001, 1120281, 5003, 5002, 1120016, 1110277, 1110481, 1110276, 1110275, 1110274, 1110273, 1110272, 1110507, 3907]",5994,Social
1120,"[5002, 5003, 1120281, 5001, 1120085, 5004, 1120172, 7192, 6151, 7191, 4990, 7190, 1150004, 7189, 6129, 5000, 1150199, 4999, 236, 4014882, 4014881, 4014876, 4014878, 1, 7181, 6109, 1230416, 6110, 6111, 6108, 5319, 7180, 1231017, 4987, 4542, 6102, 6098, 1230345, 5931, 1220138, 4830, 1220043, 1220036, 4826, 244, 937, 1220360, 1220213, 4840, 1220155, 4838, 1220305, 4837, 1220316, 4836, 1220340, 4835, 1220011, 1220363, 1220062, 1221004, 4014906, 1381442, 4014910, 4011697, 1380636, 1381020, 1380635, 1380634, 1380633, 1380632, 1380396, 1380629, 1380142, 1380626, 1380625, 1381105, 1380657, 1380200, 1381630, 4124, 4127, 1381196, 1380570, 1381195, 1381238]",7388,Work-related
11263,"[1390370, 1390672, 1390674, 1390523, 1390675, 5924, 1390676, 1390154, 1390677, 1390678, 1390679, 1390209, 1390297, 1390210, 1390211, 1390401, 1390212, 1390361, 1390213, 1390214, 1390205, 1390215, 1390216, 1390456, 1390217, 1390129, 1390218, 1390219, 1390610, 5508, 4818, 1390250, 1390612, 1390020, 4819, 1624886, 4820, 1624885, 4804, 1390699, 4805, 1390181, 4806, 1390347, 4014993, 4014994, 4014991, 4014992, 1400321, 4791, 1400401, 4792, 1400195, 4794, 1400500, 1400436, 1400165, 4795, 1400176, 4796, 1400155, 4797, 1400038, 4798, 1400283, 4787, 1400065, 4783, 1400330, 4784, 6917, 4785, 1400028, 4786, 1400049, 6898, 1410467, 6903, 1410102, 6904, 1410310, 6899, 1410480, 1410676, 6902, 1410237, 6895, 1410520, 6897, 1410346, 1410500, 1410501, 1420002, 1410502, 1410503, 1410333, 1410504, 1410598, 1410505, 4442, 1410506, 4012414, 4012415, 1420581, 1420508, 1420582, 1420509, 1420583, 1625180, 4015750, 4015751, 4015749, 1420251, 4003077, 1440529, 4007262, 1625425, 1440530, 1440773, 1440531, 1440591, 1440532, 1440711, 1440533, 1440067, 1440534, 5922, 1440535, 1440425, 4007866, 4009993, 4012008, 4017914, 4007868, 1420260, 4017245, 4017244, 1440539, 1440540, 4011714, 1440541, 1440584, 1440542, 1440008, 1440543, 1668, 1440544, 1440513, 4766, 3812, 1441244, 1440514, 4014767, 4014772, 4014779, 4014782, 4014795, 4014798, 4013573, 4013572, 1450251, 1450252, 1450279, 1625677, 1625678, 1450001, 1625680, 1625681, 1450372, 1450373, 1450521, 1450703, 1450522]",9762,Domicile-travail
1127,"[4002954, 1381399, 1380785, 1381013, 1380853, 1380784, 1381253, 1380305, 1381254, 1381214, 1381255, 1380113, 4848, 4847, 1381040, 1380625, 1381105, 1380657, 1380200, 1381630, 4125, 1380748, 4127, 1624134, 1380424, 1380750, 1260071, 1260590, 1260591, 1260135, 1260125, 1260724, 1260721, 1260720, 1250217, 6986, 1250218, 1624406, 1624407, 1250156, 1624343, 1250248, 4007399, 1441, 3748]",3090,Autres
11298,"[1390370, 1390393, 1390395, 4007890, 4017100, 914, 4112, 1390392, 4833, 1390391, 1390509, 1380510, 1380166, 1380509, 1380006, 1380508, 1380507, 1380673, 1380506, 1380505, 1381323, 1380504, 1380055, 1380503, 1380565, 1380502, 1381360, 1380501, 1380015, 1380833]",1292,Courses
11302,"[1380833, 1380834, 1380835, 1381362, 1380566, 1380837, 1380502, 1380565, 1381227, 1381228, 1381229, 1381322, 1381321, 1381230, 1380671, 1381231, 1380730, 1381232, 1381233, 1380005, 1381234, 1380165, 1381235, 1390506, 1390670, 4832, 1390671, 1390672, 914, 1390369, 1390370]",1524,Courses
1131,"[1130171, 4013681, 1130169, 1130148, 1130167, 1625641, 4007425, 4009607, 4015020, 4015021, 4015019, 4015023, 1120179, 1120178, 1120177, 1120176, 1140122, 1140263, 1140121, 1140120, 1140118, 1140027, 1140117, 1090, 1140183, 1325, 234, 4016040, 4014422, 4014424, 233, 660, 4014889, 4014897, 232, 467, 231, 4014881, 1045, 4014853, 4014868, 4014866, 230, 4014865, 1160584, 1160161, 4014862, 1230524, 1230284, 6087, 6089, 4015966, 1230308, 1230387, 1230273, 1230386, 4003016, 1210355, 1210299, 1210298, 1210257, 1210258, 1210297, 1210296, 1210295, 1210220, 1210221]",5969,Social
1133,"[1260958, 4457, 4873, 1260947, 4872, 4871, 1260123, 4870, 1260070, 1380750, 1380423, 1624134, 1380748, 4124, 4127, 1175, 7902, 1380570, 4017220, 7901, 1381104, 1380484, 1381039, 4847, 4848, 1380859, 4844, 1381017, 4841, 4839, 1380084, 6956, 1380790, 6958, 1381402, 5533, 5534, 5521, 5522, 4002957, 5523, 1380012, 5524, 4002959, 5525, 5526, 5528, 1381412, 5529, 5530, 4002965, 5531, 4002966, 6952, 1381430, 6953, 1381603, 4002967, 1380806, 1390504, 1390594, 4834, 5933, 6948, 5932, 914, 4017100, 1625387, 1390716, 1773, 1188, 1187, 1390521, 430, 196, 916, 629, 195, 1390663, 1390300, 1311, 1390446, 1390207, 912, 431, 4006873, 4009992, 4009991, 191, 1410043, 4009774, 4009775, 4009776, 1410387, 1625407, 595, 1410242, 1410301, 1410700, 1410216, 150, 4009780, 907, 1410208, 1410644, 1410051, 1410645, 1410314, 1410364, 1410646, 1410085, 596, 151, 1410463, 152, 598, 1410304, 153, 4009800, 599, 4009905, 1410666, 154, 1410665, 600, 1614624, 1614623, 1625358, 1410340, 1410341, 1410576, 1410289, 1410577, 1410578, 1410360, 4079, 1410628, 4077, 4770, 1410276, 4771, 1410454, 1410455, 1410535]",8239,Domicile-travail
1134,"[1261218, 7625, 4141, 1250002, 4140, 1250085, 4139, 4456, 4880, 4465, 4017672, 1442, 4007414, 4007412, 4017673, 1443, 4007407, 4007404, 1261136, 4007422, 1260253, 4007421, 6560, 4007420, 4009142, 1625541, 1625542, 1240255, 1240263, 1240264, 1240265, 4003154, 1240266, 1240267, 1240219, 1240218, 1240217, 1240216, 7197, 6168, 5021, 1240123, 5022, 1240377, 5023, 7949, 1240353, 1240354, 4014490, 4014488, 5661, 4016042, 4016043, 234, 4016041, 5660, 5632, 5633, 4015040, 5634, 5635, 5636, 5637, 1140306, 5638, 1140366, 5639, 1140109, 5640, 1140328, 5641, 5642, 6129, 1150099, 6130, 1150191, 6131, 1150172, 6132, 1150090, 6133, 7873, 2597, 1150134]",5799,Commute
1135,"[1260659, 1260662, 1261052, 4017249, 1260297, 1260239, 4013840, 4013841, 4013839, 1260663, 1260493, 1260665, 1261054, 4002891, 1260667, 4002890, 1260668, 1260669, 1624963, 1624964, 1260670, 1261057]",1068,Work-related
1136,"[6956, 1381220, 1381221, 1381065, 1380496, 1381631, 1381068, 1381069, 1380641, 1381070, 1220339, 1220340, 4836, 1220316, 4837, 1220305, 4838, 1220155, 4840, 1220213, 1220360, 1020, 937, 244, 1220359, 1220358, 1220357, 4826, 1220036, 5512, 4827, 1220115, 4822, 1220097, 4824, 1220090, 1220244, 1220145, 6484, 6485, 6486, 6487, 5927, 5246, 4012306, 4012307, 1210308, 7971, 5247, 1210292, 5248, 1210242]",3211,Domicile-travail
114,"[4012069, 7852, 5254, 4839, 1380084, 1381217, 6956, 6958, 1381402, 5052, 5053, 1380356, 4843, 4846, 4854, 4017450, 4017760, 4017761, 4861, 5256, 1381115, 5255, 1381633, 4014669, 4014670, 4014012, 4014671, 1381438, 4016645, 1380345, 6957, 1380115, 6965, 1380117, 1381137, 1381138, 1380118, 1381139]",1448,Autre
1142,"[4459, 1260449, 1614642, 1625389, 1625390, 1260891, 1260958, 4462, 1260595, 4458, 1260732, 5258, 7625, 4141, 1250002, 1250081, 4139, 4456, 1250218, 4880, 4465, 4017672, 1442, 4007414, 4007412, 4007403, 4007399, 1250248, 1250139, 1250424, 1250010, 1250246, 1250404, 1250245, 1250094, 1250037, 1250093, 1250377, 1250235, 1250360, 1250048, 1250016, 1250239, 7981, 1250240, 1250097, 1250241, 1250062, 1250242, 3783, 1220267, 1220268, 1220363, 1220012, 1220269, 1220270, 1221018, 1220319, 1220189, 1220320, 1220309, 1220084, 1220321, 4117, 1220345, 1220346, 1220323, 1220312, 1220174, 1220347, 1220313, 1230022, 1230432, 1230206, 1230476, 1230433, 1230549, 1230492, 1230434, 7186, 1230435, 1230037, 1230436, 1230461, 4006641, 4006642, 4014898, 4006640, 4006639, 232, 1140088, 1140295, 1140289, 1140328, 5641, 1140296, 5000, 6129, 1150099, 6130, 1150191, 6131, 1150172, 6132, 1150090, 6133, 6134, 6125, 6135, 1150183, 6136, 1150184, 1160123, 1160014, 1150185, 1160126, 5329, 1160094, 4218]",7856,Commute
1144,"[1600520, 1624377, 4002775, 1300179, 1300178, 1600525, 1300099, 1300395, 5682, 1300511, 1310070, 5686, 1310135, 5681, 4613, 3942, 4612, 1310230, 4611, 4610, 4609, 4608, 4615, 6182, 4607, 1330481, 4614, 3932, 4013739, 4013738, 4013737, 1330624, 4015056, 1330636, 1330574, 1600581, 4016659, 4016660, 4016786, 4016789, 4017057, 4016661, 1330521, 4002713, 4017218, 4017182, 4017219, 4013971, 4017027, 4017029, 4002714, 4016886, 4013645, 4017025, 4013641, 4017159, 4017176, 4017188, 4017187, 4010460, 4010459, 1360657, 1360130, 1600658, 1360508, 1600660, 1360506, 1360505, 1600144, 1360654, 4002712, 1600150, 4007746, 4007748, 4007751, 641, 210, 215, 1350611, 1350612, 1600200, 4015780, 4015782, 1350033, 4015781, 1350578, 1350549, 1600642, 1350184, 1600479, 1350015, 1600504, 1600505, 1350252, 1350623, 4010479, 4010480, 1305, 877, 1601380, 1601381, 1601382, 1601384, 1601386, 1601410]",7103,Domicile-travail
1145,"[1210378, 5929, 1210209, 7652, 4532, 4534, 4533, 4531, 6097, 1230029, 6090, 4014863, 1230284, 1230524, 659, 1045, 1160160, 1160585, 1160586, 1160229, 1160202, 1160105, 1160203, 1160383, 1160204, 1160071, 1160205, 1160018, 1160206, 4219, 1160207, 1160002, 1160208]",3286,Shopping
1146,"[1380387, 1381088, 1380608, 1381051, 1380607, 1381052, 1381077, 1381053, 4014942, 4135, 4014931, 4014938, 6980, 6968, 1381099, 6966, 4011032, 6967, 4014648, 1380964, 4858, 4859, 4860, 4861, 1380969, 4004852, 4004853, 1380942, 4004799, 4004800, 1381634, 1381419, 1380011, 1380361, 1380012, 5523, 4002958, 1380013, 1380014, 1380015, 1380016, 1380646, 1381362, 1381363, 1381364, 1380891, 1220362, 1220068, 1380894, 1380895, 1623799, 5513, 235, 1220202, 4821, 1210017, 4828, 1210097, 4829, 7621, 6487, 5927, 1210215, 5928, 1210253, 5930, 1210251]",5401,other
11490,"[1360281, 1360283, 1360439, 1625246, 1360434, 1360435, 1360459, 1360436, 1360437, 1360417, 1360499]",817,Magasinage
115,"[1160071, 1160072, 1160308, 1160384, 1160307, 1160108, 1160109, 1160110, 1160220, 1160230, 1160219, 1160162, 1160218, 1160589, 4015960, 4015969, 4015959, 1160295, 6083, 1160141, 6084, 1658, 4011683, 4984, 6085, 4584, 4585, 4586, 4014019, 4588, 4014020, 4011784, 4014870, 4014872, 4237, 4012712, 4012713, 4180, 1625497, 1625740, 1625591, 1625291, 4813, 1200260, 4006017, 4802, 4803, 1614632, 1190215, 4807, 4808, 4809, 1190079, 4810, 6927, 1400487, 6928, 1400246, 6923, 4787, 4783, 1400330, 4784, 6917, 4785, 1400028, 4786, 1400049, 6898, 1410467, 6903]",4886,Errand
1150,"[4017769, 1261057, 4002889, 1261056, 1261055, 1260394, 1261054, 1260492, 1261053, 1260239, 1261052, 1260662, 4013840, 4013839, 1260898, 1260243, 4606, 1260244, 4008401, 1260741, 1260878, 1260740, 1260550, 1260738, 1260737, 1260735, 1614660, 1260734, 1614643, 1260465, 1260733, 1260977, 1260732, 5258, 7625, 1260962, 1250158, 6994, 6993, 6992, 1250086, 6991, 4456, 4880, 1624406, 4879, 1250138, 4878, 1624383, 4869, 4016797, 4868, 1250035, 4867, 1250375, 1250092, 1250376, 1250377, 1250235, 1250360, 1250236, 1250048, 1250237, 1250016, 1250238, 1250239, 1250240, 1250096, 1250241, 1250061, 1250242, 3784, 3783, 1220267, 1220268, 1220013, 1220269, 1220057, 1220270, 1220271, 1220272, 4016798, 1220274, 1220158, 1220275, 1220216, 1220359, 244, 1220049, 5513, 235, 4821, 1210016, 4828, 1210096, 4829, 5926, 7624, 1210204, 1210308, 5247, 1210292, 5248, 1210242, 5244, 4100, 4266, 1210034, 4102, 1210186, 4177, 1210118, 4093, 1210136, 4094, 4095, 1210180, 4096, 4098, 4814, 5502, 5501, 4180, 4800, 4813]",7281,Commute
1151,"[1261218, 1260962, 7625, 1250158, 4141, 4866, 4140, 1250085, 4139, 4456, 4880, 6991, 4465, 1442, 4007414, 4007413, 4017673, 1443, 4007403, 1441, 4007399, 3748, 1439, 439, 5016, 5030, 5015, 5018, 5019, 1240250, 5017, 6167]",2478,Commute
1155,"[4003648, 4009870, 1180278, 1180109, 1180277, 1180271, 1180314, 4005058, 1180279, 7219, 7633, 670, 1180528, 1180243, 5314, 1180242, 4523, 1180241, 1170283, 1180538, 1170278, 1180240, 1170273, 1170135, 2649, 1170134, 2646, 1170133, 1170258, 1170132, 1170253, 1170131, 1181007, 4017613, 4017614, 4017620, 4017619, 1190049, 1190291, 1190117, 4017627, 4017626, 4008347, 4017636, 4017637, 1190214, 1190213, 4003000, 1190212, 4002999, 1190211, 4002998, 1190210, 4002997, 1190209, 4002996, 1190208, 1190207, 1191009, 1190206, 1190237, 1190205, 1190232, 1190204, 1190219, 1200311, 1200399, 1200310, 1200309, 1200308, 4003006, 1200307, 1200305, 1200304, 1200347, 1200303, 3904, 1200302, 1200301, 4011784, 4014870, 4014869, 4004273, 1201117, 4003014, 1230511, 4003015, 1230510, 4003016, 1230509, 7914, 7976, 1230508, 1230282, 1230507, 4533, 1230506, 4240, 1230505, 1230073, 1230504, 1230373, 1230503, 4003130, 1230502, 4003131, 1230501, 6107, 1230500, 1230244, 1230499, 1230088, 4003134, 1230498, 3808, 1230497, 4003135, 1230496, 4003136, 1230495, 4003137, 1230494, 1230493, 1230492, 4003139, 1230491, 1230395, 1230490, 1230006, 1230489, 1230404, 1230488, 3773, 1240331, 1240101, 1240330, 1240157, 1240329, 1240224, 1240328, 7933, 1240327, 7934, 1240326, 1240313, 1240324, 1240345, 1240335, 6168, 1240336, 5027, 1240337, 7990, 1240338, 1240192, 1240339, 1240266, 1240267, 1240218, 1240268, 1240269, 1240130, 4009053, 7956, 7987, 7957, 7988, 1240126, 1240125, 1240124, 1240123, 5022, 1240377, 5023, 7949]",9677,Autres
1157,"[1602088, 1258, 1602085, 633, 1287, 201, 202, 1129, 1021, 200, 501, 52, 868, 4006621, 5698, 1605837, 4014562, 4012760, 4017121, 4017315, 4011075, 4017120, 4011360, 4011355, 4014299, 1605849, 5109, 5110, 1605823, 1605815, 1605814, 1605795, 1605794, 1605793, 1605792, 4012440, 1605806, 4012441, 4015889, 4015890, 4015891, 4009349, 4012940, 1602136, 4012939, 1602125, 1602141, 1602138, 1602123, 1602139, 1602106, 1602104, 1602105, 1320348, 1320345, 1600514, 1600512, 1320139, 1600513, 1320140, 7294, 7295, 7296, 7293, 1320144, 1320301, 1320299, 1320298, 6248, 4009366, 4009367, 1320002, 3965, 3964, 3963, 1320081, 3962, 1320083, 1320317, 1320316, 1320315, 1320274, 1320314, 1320179, 1320313, 1320312, 1320379, 1320311, 1320252, 1320310, 1320129, 1320309, 1310343, 1310023, 1310342]",7128,Commute
11571,"[1140425, 1140304, 1141106, 1140426, 1141104, 4014889, 4014887, 660, 4008173, 4008174, 4014902, 4014903, 4014897, 4014895, 1140088, 1140089, 4014884, 4999, 236, 4014882, 4014883, 231, 4014879, 4014878, 4014876, 1, 7181, 4243, 4242, 1230324, 1230494, 1230323, 1230207, 1230322, 1230321, 1230320, 1220176, 1220164, 1220133, 1220163, 4120, 5249, 1220219, 5250, 1220218, 1220217, 1220216, 1220215, 1220002, 1220214, 1220213, 1220212, 1221002, 1380018, 1380017, 1380016, 1380645, 1381186, 1380644, 1380831]",4285,Commute
1158,"[1609348, 1609329, 1609330, 4008009, 1010424, 1010640, 1010087, 1010220, 4002613, 1010348, 1010349, 5159, 1011040, 5160, 366, 1010258, 1010261, 1010533, 1213, 367, 1010150, 1010711, 7148, 4013776, 1306, 4015744, 4015743, 7155, 6558, 7154, 6557, 7153, 7152, 7151, 7150, 6559, 7156, 1010216, 1010074, 1845, 1578, 1577, 1576, 1010655, 7130, 7129, 1011048, 7128, 1010234, 1011047, 7127, 7125, 4015738, 4015739, 4010889, 4016825, 4015737, 1020206, 1020362, 1020135, 7122, 1020645, 1020644, 1020643, 1020642, 1020641, 1020640, 4008676, 4008675, 1020405, 1020511, 1020404, 1020776, 7121, 7120, 7131, 6543, 7119, 1212, 4205, 1035, 1211, 187, 1210, 7117, 6532, 6533, 1031000, 6531, 6530, 6529, 1030559, 6528, 6527, 6526, 1030586, 6525, 1209, 7115, 1030194, 7116, 6515, 1050396, 6516, 6043, 1622548, 1050471, 6045, 1050465, 1050192, 6044, 4949, 6524, 1050088, 6523, 6522, 1050476, 4002533, 1030460, 4002530, 4002531, 1030459, 1030458, 4002527, 4002524, 4002525]",13128,Domicile-travail
1159,"[1260445, 1260292, 1260446, 4008724, 4008726, 1260447, 1260100, 1260448, 1260894, 1260449, 4463, 1260450, 1614660, 1260734, 1260465, 1260733, 1260977, 1260732, 5258, 1261218, 7625, 1250158, 4141, 4866, 6992, 1250086, 6991, 4465, 4880, 1624406, 4879, 1250138, 4878, 1624383, 4869, 4012232, 4868, 1250035, 4867, 1250375, 1250376, 1250377, 1250378, 1250379, 1250380, 1250381, 1250382, 1250383, 5337, 1625079, 1250386, 1250387, 1240250, 1240343, 7963, 1240344, 1240437, 1240335, 1240345, 1240346, 1240348, 1240349, 1240350, 1240351, 1240353, 1240354, 4014490, 4014488, 5661, 4016042, 4016043, 4016040, 234, 4016041, 5660, 5632, 5633, 1140175, 1140176, 1140015, 1140177, 1140373, 1140178, 1140158, 1140179, 1140046, 1140180, 6148, 6147, 1140101, 1140102, 1140103, 1141101, 1140104, 1120160, 1120107, 1120109, 1120185, 1120110, 1120090, 1120111, 1120269, 1120112, 1120113, 1110215, 1110216, 1625609, 1110335, 1110334, 4009599, 4009597, 1110532, 4009598, 4003250, 1110499, 1110057, 1110217, 1110337, 5007, 1110338, 1885, 1110236]",10045,Domicile-travail
11604,"[6113, 1240346, 1240348, 1240349, 1240374, 1240350, 1240351, 7949, 1240353, 1240354, 6180, 5661, 1240426, 4016042, 4016043, 4016040, 234, 4016041, 4012173, 1140183, 1140343]",1560,Social
1162,"[1390676, 5923, 1624148, 1187, 1390727, 4007893, 1625386, 1625387, 5932, 914, 6948, 5933, 1390594, 4842, 6955, 4002967, 1380806, 4002966, 1380805, 1380804, 1380803, 1380802, 1380669, 1380801, 1381320, 1380800, 4002961, 1380799, 4002960, 1380798, 4002959, 1380797, 4002958, 1380796, 4002957, 1380794, 1380793, 1380792, 4002956, 1380791, 1380790, 6956, 1380786, 1381402, 5052, 5053, 1380356, 4843, 4846, 4854, 4017450, 4017760, 4017761, 4861, 5256, 5255, 1380161, 1381633, 1381439, 4014012, 4014670, 4014671, 1381438, 4016645, 1380345, 6957, 6965, 1625247, 4017731, 6964, 6963, 1380408, 6962, 1380411, 6969, 6961, 6979, 6978, 1381654, 1380272, 1380273, 1380274, 1380275, 1380277, 1380278, 1380279, 1380532, 5057, 4590, 1370634, 4591, 1370859, 4592, 4011484, 4593, 4014974, 4014975, 4014973, 246, 669, 1296, 913, 4014698, 245, 668, 936, 241, 1313, 933, 663, 4015723, 237, 934, 1043, 227, 656, 1625745, 4015716, 223, 653, 222, 652, 221, 927, 4015718, 651, 220, 926, 1041, 1371114, 1371503, 7995, 6217, 5091, 6216, 6215, 6214, 4016099, 4016100, 4016102, 4016101, 4279, 4281, 4280, 5094, 4010519, 4012541, 4010701, 4007883, 4007718, 1601226, 4002867, 4000991, 1601228, 1601230, 1601237, 1601231, 1601275, 1601269, 1601270, 1601294, 5382, 1601300, 1601305, 1601458, 1601460, 1601463, 1601462, 1601464, 1601467, 1601485, 1601470, 1601486, 1601487, 1601476, 1601477, 1601475, 1601457, 1601478, 1601481, 1601482, 1601496, 1601531, 1601537, 1601501, 7286, 1601499, 7280, 7279, 1601522, 7278, 4011895, 7277, 1601514, 7276]",12252,Sport
1163,"[5572, 1031126, 5574, 5573, 5571, 6528, 6527, 6526, 1030585, 6525, 1030540, 1030206, 1209, 7115, 1030194, 7116, 1030499, 6515, 1050396, 6516, 4016009, 4016010, 1624760, 1558, 4016008, 4014011, 6513, 6514, 7113, 7114, 1050287, 1676, 1675, 4933, 4921, 4922, 4923, 4924, 4925, 5055, 5056, 4931, 4926, 4927, 1050112, 4928, 4929, 1050219, 4930, 4015998, 620, 4015999, 4015997, 1060245, 5547, 5548, 5549, 5550, 5551, 5552, 5553, 1060284, 5544, 1060383, 4012792, 4012793, 5554, 5300, 1060416, 5302, 1060139, 5304, 1060417, 5301, 1060299, 5299, 1060085, 5296, 5298, 1060359, 5297, 1060270, 4016549, 4015741, 4015740, 1070055, 4920, 1166, 1328, 717, 960, 718, 307, 719, 308, 1048, 1437, 1438, 4009767, 4009769, 1040203, 1040010, 1040201, 4003280, 1040200, 1310, 1279, 194, 626, 193, 6625, 4201, 4202, 1040354, 4015533, 4517, 1040091, 4516, 1040393, 4515, 1040221, 4514, 1040030, 4513, 3862, 4015991, 4015993, 4015992, 1050293, 3863, 4017425, 4017428, 1050345, 3866, 1050089, 3867, 4949, 6524, 5558, 5568, 1030495, 1030004, 5569, 1030628, 5567, 1030290, 1030410, 1030242, 1030624, 5560, 1030512, 5561, 1030061, 5562, 1030539, 5564, 1030584, 1030418, 1030160, 5565, 5566, 1030554]",15649,Sport
1167,"[1261050, 1260296, 1614651, 1623980, 4017148, 1370839, 4017146, 1370096, 4017358, 4017686, 4017685, 1370777, 1370778, 1370779, 1370725, 1370780, 1370724, 1370722, 1371248, 1370721, 1370980, 1370720, 1370816, 4017221, 4017222, 1370559, 1371302, 1370558, 1370557, 931, 240, 665, 4015723, 237, 663, 662, 932, 1625103, 1625104, 1625101, 1371046, 1625102, 1370143, 1625107, 1600207, 1371208, 7263, 6657, 6658, 6659, 1370933, 4015764, 4015766, 4015765, 1370466, 4616, 1371145, 4617, 1600444, 4618, 1600446, 4619, 4621, 1600508, 1371220, 4622, 7265, 5087, 1370610, 5084, 5088, 1370186, 5085, 1370118, 5086, 4017324, 4017326, 4017325, 4016119, 4015027, 5089, 5357, 4011766, 4282, 4007124, 4007127, 1609, 1332, 4017050, 4017051, 4016500, 4016501, 4016112, 4014057, 4016103, 4012987, 1309, 1370884, 1082, 461, 851, 21, 4012398, 478]",5894,Domicile-travail
1168,"[1143, 854, 1605071, 1605070, 1605078, 1605106, 1605107, 464, 1605128, 1605131, 1605151, 1501, 1605164, 1605165, 1605181, 1504, 1605184, 1605195, 1605186, 1605193, 1605187, 1605185, 1605188, 1605234, 1605233, 1605235, 1605236, 1678, 4015427, 1509, 1512, 1511, 98, 1605242, 1256, 4005191, 4005192, 1257, 4395, 5410, 97, 5411, 5409, 4014280, 4014282, 4014281, 5405, 5406, 4014286, 4014287, 4014285, 4014284, 4009404, 4014283, 1605681, 5408, 1605716, 96, 1605744, 1606278, 1320, 95, 871, 543, 94, 542, 93, 541, 92, 540, 1606362, 1606363, 1606427, 1606552, 1606553, 1420, 1606539, 1606554, 1606572, 273, 881, 90, 538, 89, 537, 88, 880, 87, 536, 86, 535, 85, 534, 84, 533, 879, 272, 1164, 1116, 1329, 1601668, 1868, 1601670, 1601698, 1601697, 1601696, 4012328, 1876, 1135, 530, 1875, 1274, 1873, 1872, 1871, 1601566, 4012337, 4012348, 4012338, 4012349, 4012339, 7282, 7276, 1601513, 1601524, 7277]",12554,Sport
1170,"[7276, 1601515, 1601542, 4012350, 4012339, 7282, 4012349, 4012338, 4012348, 1601566, 4012347, 1601561, 4012336, 1871, 1872, 1873, 1274, 530, 1875, 1135, 1876, 531, 83, 532, 1031, 1117, 1116, 1164, 879, 533, 84, 534, 85, 535, 86, 536, 87, 880, 88, 537, 4008809, 89, 538, 90, 881, 273, 1423, 1424, 1606572, 1606554, 1606539, 1606553, 1606529, 1606552, 1606363, 91, 540, 1606362, 92, 541, 1606360, 1606358, 93, 542, 1606356, 94, 1606353, 4008967, 4008966, 871, 95, 870, 1320, 1606280, 1606279, 1606278, 1632, 544, 96, 1605716, 1605681, 4014283, 4014284, 4014285, 4014287, 4009405, 4014286, 5406, 5405, 4014281, 4014282, 4014280, 5409, 5411, 5410, 4395, 1257, 1256, 4005192, 1605242, 98, 1511, 1512, 1509, 4015427, 1678, 1605236, 1510, 1508, 1085, 1253, 1506, 1252, 1505, 1499, 1503, 1500, 1498, 464, 99, 1605107, 1605106, 1605078, 1605070, 854, 1605059, 1605047, 103]",12834,Sport
11702,"[1381104, 1381039, 4847, 4848, 1380859, 4844, 1381017, 4841, 4839, 5254, 7852, 7851, 7850, 5252, 5253, 4011698, 4014910, 1381442, 1380879, 1220365, 1221003, 4014906, 1221004, 4002984, 1220011, 1220012, 1220269, 1220270, 1220342, 1220271, 1220317, 1220272, 1220308, 1220190, 1220309, 1220084, 1220310, 1220311, 1220312, 1220176, 1220313, 1230023, 1230432, 1230433, 1230548, 1230493, 1230434, 7186, 1230435, 1230436, 1230462, 7181, 1, 4014878, 4014879, 231, 4014885, 4014883, 4014882, 236, 4999, 1150199, 1150098, 1150200, 1150190, 1150201, 1150171, 1150202, 1150089, 1150203, 4017234, 1150204, 1151103, 1150205, 1150207, 1150182, 1150183, 6136, 1150184, 6135, 1160123, 6137, 5327, 1160069, 1160092, 1160070, 1160290, 1160018, 1160205, 1160019, 1160309, 1160020, 2627, 2626, 1160021, 2619, 1160022, 1160253, 1160023, 1200242, 1160024, 7728, 1160025, 1160480, 4227, 1161000, 4228, 4229, 4230, 1160558, 1090033, 4008350, 4008352, 1090034, 1090350, 1090011, 1090352, 1090353, 1090157, 1090354, 1090239, 1090238, 1090438, 4007969, 1090240, 3896, 3900, 3901, 3902, 3903, 7177, 7170, 7171, 7172, 1090241, 1090287, 1090242, 1090243, 4009595, 1090404, 1090111, 1090403, 1090402, 1090401, 1090400, 1090106, 1090107, 1080126, 1080539, 1080127, 1080548, 1080128, 1080129]",11531,Social
1171,"[4822, 1220115, 4827, 5512, 4826, 1220036, 1220043, 4830, 1220138, 5931, 1230344, 6098, 1230189, 6102, 4987, 1230544, 1230497, 7180, 1230260, 6108, 6111, 6110, 6109, 7181, 1, 4014878, 4014879, 4014883, 231, 4014882, 236, 4999, 1150199, 5000, 6129, 7189, 1150004, 7190, 4990, 7191, 6151, 7192, 1120172, 5004, 1120085, 5001, 1120281, 5003, 5002, 843, 1120016, 4009752, 4009753, 1110042, 1110361, 1110043, 1110406, 1110044, 1110207, 1110045, 1110558, 1110046, 1110333, 1110047, 1110332, 1110483, 1110331, 1110330, 1110071, 1110329, 1110073]",6073,Social
1173,"[1608939, 4008553, 4014084, 4014012, 4004847, 4004848, 4004850, 4004798, 4004849, 4004844, 4004800, 1381634, 4014654, 1380011, 1381419, 1381357, 1380362, 1381358, 5524, 4002959, 5525, 5526, 4002961, 5528, 1381412, 5529, 5530, 4002965, 5531, 4002966, 6952, 6953, 4002967, 6954, 6955, 4842, 1390594, 4834, 5933, 6948, 5932, 914, 4017100, 1625387, 1625386, 1773, 1188, 4007893, 1390521, 1390727, 1187, 430, 1624148, 5925, 4008472, 916, 1390153, 629, 195, 628, 1311, 1390446, 1390207, 627, 912, 1390447, 431, 192, 4006873, 4009992, 4009991, 624, 191, 1292, 1410043, 149, 595, 1410483, 1625407, 1410242, 1410301, 1410302, 1410700, 1410216, 150, 4009778, 4788, 4009781, 907, 1410208, 1410644, 1410645, 1410364, 1410646, 6913, 6914]",5508,École
1174,"[1150094, 1100168, 1150160, 1150022, 1150159, 4995, 1150136, 4996, 1150128, 4997, 1150168, 4998, 1160368, 4989, 1160127, 4988, 1160137, 6121, 1160095, 4218, 1160292, 4219, 1160207, 4220, 1160311, 4221, 2625, 4222, 1160304, 4223, 1160256, 4224, 1160355, 4225, 1160470, 4226, 1160481, 4227, 1160514, 4228, 1160532, 4229, 1160547, 4230, 4231, 4232, 1170180, 4233, 7889, 4234, 1170198, 4235, 1170206, 4236, 7157, 7158, 7159, 7160, 7161, 4017590, 4214, 4017588, 4213, 4206, 4207, 1170266, 4208, 4209, 1170276, 4210, 4211, 4212, 4522, 1170022, 4521, 4523, 1180241, 1181010, 1180529, 930, 670, 1383, 1180528, 1464, 249, 1382, 842, 229, 4015049, 4012747, 4012745, 4012746, 1190200, 1190070, 1190162, 1190028, 4012748, 1190136, 4451, 1190014, 4450, 1190226, 4449, 6927, 4810, 1190078, 4809, 1190010, 4808, 1190035, 4807, 1190052, 4803, 4802, 1200155, 1200260, 4006795, 4813, 4006794, 4812, 4009861, 4816, 1625591, 1625740, 1625497, 4012713, 4012712, 4237, 4014872, 4014870, 4011784, 4014020, 4588, 4014019, 4586, 4014018, 4585, 4014017, 4584, 6085, 4984, 6086, 4015971, 1657, 6096, 6095, 7871, 1160595, 1044, 659, 4014866, 4014868, 1045, 4014857, 231, 4014883, 467, 4014884, 4999, 1140290, 5000, 5642, 7189, 1140025, 7190, 1140382, 7191, 6179, 7192, 1120171, 1120172, 1100165, 2313, 1100166, 2299]",14264,Sport
1175,"[1260469, 1260236, 1260547, 1260548, 1260549, 1260550, 1260738, 1260472, 1260737, 1260466, 1260735, 1614660, 1260734, 1260465, 1260733, 5258, 1261218, 1260962, 7625, 1250158, 4141, 4140, 1250085, 4139, 4456, 4880, 1250218, 4879, 1250138, 4878, 1624383, 4869, 4012232, 4868, 4867, 1250375, 1250376, 1250093, 1250377, 1250243, 1250235, 1250236, 1250049, 1250237, 1250238, 1250239, 1250240, 1250096, 1250241, 1250242, 3783, 4017379, 4017382, 4017380, 1250075, 4017383, 4017386, 4017384, 4113, 1220257, 4115, 1220016, 1220228, 1220059, 4116, 1220345, 1220346, 1220173, 1220174, 1220176, 1220164, 1230341, 1230342, 4008305]",4733,Commute
11756,"[1030060, 5561, 1030512, 5560, 1030624, 1030242, 1030410, 1030290, 5567, 1030628, 1030004, 5568, 1030495, 5558, 6524, 3867, 1050089]",1145,Travail
1176,"[4247, 1250300, 4248, 1250339, 1250304, 1250338, 1250038, 1250337, 1250380, 1250381, 1250382, 1250068, 1250383, 5332, 1625079, 1250440, 1250386, 1250164, 1250387, 1240343, 7964, 1240344, 1240437, 4003149, 1240345, 6113, 1240346, 1240123, 1240348, 1240349, 1240374, 1240350, 1240225, 1240351, 7947, 1240353, 4014494, 1240354, 4014490, 4014488, 5661, 4016042, 4016043, 234, 4016041, 4012173, 1140183, 1140342, 1140343, 1140344, 1140346, 1140347, 1140348, 1140044, 1140349, 1140350, 1140351, 1140352, 1625647, 4003240, 1120254, 1120027, 1120255, 1120257, 1120259, 4003245, 1120260, 1120267, 1120261, 1120115, 4009621, 4009620, 1110596, 1110595, 4009599, 4009598, 1110593, 1110102, 4009683, 4009682, 1040161, 1040534, 1625196, 4003253, 1625198, 1030503, 1030504, 1040065, 4003270, 1030505, 1623805, 1623806, 4015540, 4015542, 4015541, 1030394, 1030508, 1030616, 1030457, 1030509, 1030510, 1030174, 1030060, 1030175, 1030538, 1030176, 1030583, 1030158]",8676,Domicile-travail
11766,"[1030060, 5561, 1030062, 5562, 1030539, 5564, 1030584, 1030418, 1030160, 5565, 5566, 5572, 1030421, 1030283, 1030422, 1030566, 1030423, 1030544, 1030424, 1030274, 1030425, 1030361, 1030610, 1030262, 4008670, 4008669, 1030612, 4016202, 1625262, 1562, 1625261, 4016203, 1625264, 1020377]",1826,Travail
1177,"[1380812, 1381239, 1381195, 1380570, 1381196, 1175, 4124, 1380748, 1624134, 1380424, 1380909, 1250131, 1380911, 1250217, 6986, 1250218, 4880, 4456, 6991, 4465, 4017672, 1442, 4007414, 4007413, 4017673, 4007406, 1443, 4007424, 4007423, 4007418, 4011658, 4017803, 1623961, 1623903, 1624234, 1261207, 1604152, 1604149, 1604141, 1604142, 1604102, 1604103, 1604104, 1604056, 4000955, 4000961, 1604054, 4009016, 1604060, 1604061, 1604177, 1625085, 1625096, 5036, 5037, 1270295, 1600059, 1600052, 1600051, 1600050, 1600054, 1600049, 1623888, 1600047, 1270098]",5748,Social
1178,"[1870, 1601539, 1601528, 4012818, 4012819, 1601538, 1601533, 1601483, 1869, 1601486, 1601470, 1601485, 1601467, 1601464, 1601462, 1601463, 1601461, 1601460, 4007716, 1601458, 1601305, 1601300, 5382, 5379, 1601294, 1601269, 1601275, 1601231, 1601237, 1601230, 1601228, 4000991, 4002867, 1601226, 4007718, 4007883, 4010515, 4010516, 4010701, 4012541, 4010519, 5094, 4280, 4281, 4279, 4016102, 4016116, 4016100, 4016099, 4016098, 6214, 6215, 6216, 5091, 6217, 7995, 7, 1371503, 1371114, 1041, 926, 648, 220, 651, 221, 652, 222, 653, 223, 4015716, 1625745, 226, 656, 227, 1043, 934, 237, 663, 4015723, 933, 1313, 241, 936, 668, 245, 4014698, 913, 1296, 669, 4014975, 246, 4014973, 667, 4014974, 243, 4593, 4592, 1370859, 4591, 1370634, 4590, 1370997, 5057, 1380279, 1380532, 1371273, 7223, 7224, 1371185, 1371228, 7225, 7226, 1371119, 7227, 7228, 6974, 6975, 1380613, 1381266, 1380612, 1380611, 1381166, 1380610, 1380609, 1380608, 1381052, 1380607, 1380726, 1380606, 1380727, 1380605, 1381096, 1380583, 1380584, 1380585, 1380586, 1380587, 1380410, 1380588, 1381008, 1380589, 1380590, 4014012, 4014673, 4017820, 1380563, 1380594, 4017449, 1380596, 4014663, 4007674, 4013754, 4013755, 1390735, 1380603, 1390433, 1381601, 1390658, 1380683, 1380363, 1380684, 1381608, 6955, 1390720, 4842, 1390594, 4834, 5933, 6948, 5932, 914, 4017100, 1625387, 1625386, 1390366, 1390367, 1390368, 1390674, 1390369, 1390370, 1390395, 4007890]",11776,Sport
118,"[1160071, 1160018, 1160291, 1160017, 1160016, 1160015, 1160014, 1150185, 1150012, 1150011, 2598, 1150010, 1150009, 1150158, 1150008, 1150092, 1150007, 1150174, 1150006, 1150005, 1150101, 1150004, 7189, 5642, 5000, 1140290, 4999, 236, 4014882, 4014885, 231, 4014878, 1, 7181, 6109, 6110, 6111, 6108, 1230260, 7180, 1230497, 1230544, 4987, 1230212, 6102, 1230189, 6098, 1230344, 5931, 1220137, 4830, 1220042, 1220036, 5243, 244, 1220357, 1220358, 1220359, 1220360, 937, 1220213, 4840, 1220155, 4838, 1220305, 4837, 4836, 1220340, 4835, 1220011, 1220363, 1220367, 1220062, 1221004, 4014906, 1221003, 1220365, 4014907, 4014911, 4014910, 1381442, 4011697, 5253, 5252, 7850, 7851, 7852, 5254, 4839, 1380084, 1381217, 6956, 1380786, 1381402, 5052, 5053, 1380356, 4843, 4846, 4854, 4017450, 4017760, 4017761, 4861, 5256, 1381115, 5255, 1381633, 1381439, 4014012, 1381142, 1381438, 4014671, 4016645, 1380345, 6957, 6965, 1625247, 4017731, 1380117, 6964, 1380527, 6963, 1380408, 1380411, 6969, 6961, 1381055, 6979, 1381090, 6978, 1381093, 1380272, 1381029, 1380273, 1381174, 1380274, 1624274, 1624283, 1380275, 1380151, 1380277, 1380747, 1380278, 1380279, 1380532, 5057, 1370997, 4590, 1370634, 4591, 1370859, 4011484, 1380285, 1370856, 5346, 1370518, 5343, 1370756, 4014692, 4014693, 4014697, 4014691, 4014690, 1625781, 1174, 1370995, 1326, 666, 4012048, 4015723, 935, 240, 663, 242, 933, 237, 934, 1043, 227, 656, 226, 928, 1042, 224, 654, 849, 223, 653, 222, 652, 927, 221, 4015718, 220, 926, 219, 649, 1324, 925, 213, 643, 212, 4004555, 5403, 5402, 1360167, 5401, 5718, 5719, 5720, 5727, 5726, 1360294, 1360168, 1600416]",14684,Social
1181,"[4014887, 4014889, 660, 1140086, 233, 4014424, 4014422, 234, 4016040, 1667, 4012173, 1140342, 1140343, 1140344, 1140371, 1140346, 1140347, 1140156, 1140348, 1140044, 1140349, 1140350, 1140257, 1140351, 1140292, 1140352, 1625647, 1121102, 1120254, 1120027, 1120255, 1120203, 1120257, 1120184, 1120259, 1120303, 1120099, 1110289]",3199,Domicile-travail
1182,"[1400349, 1400164, 1625347, 1400163, 1401005, 1410219, 1410643, 1411111, 1410218, 1410560, 1410217, 1623993, 1410216, 1410700, 595, 1410301, 1410242, 1625407, 1410483, 1624254, 906, 149, 1292, 1410043, 191, 624, 192, 912, 431, 1390207, 1311, 1390300, 628, 195, 629, 916, 196, 4008472, 1624148, 430, 1187, 1390521, 1188, 1773, 1625386, 1625387, 5932, 4017100, 914, 6948, 5933, 4834, 1390594, 4842, 6955, 6954, 7072, 6953, 6952, 5531, 5530, 5529, 1381412, 5528, 5526, 5525, 1381358, 5524, 5523, 5522, 5521, 1380792, 4002956, 1380791, 1380790, 6958, 1381402, 1380069, 1380356, 4843, 4846, 4854, 4017760, 4017761, 4861, 5256, 1381115, 5255, 1381633, 1381439, 4014012, 1381142, 1381438, 1380345, 6957, 1380115, 6965, 1380117, 6964, 1380527, 6963, 1380408, 1380411, 6969, 6961, 1381055, 6979, 1381090, 6978, 1381093, 1380272, 1381029, 1380273, 1381174, 1380274, 1624274, 1624283, 1380275, 1380151, 1380277, 1380747, 1380278, 1381159, 1381374, 1380279, 1380532, 5057, 4590, 1370634, 4591, 4592, 4593, 4014974, 243, 4014975, 669, 4014973, 4014972, 4014971, 4012770, 4014733, 4014732, 1183, 4014731, 4007319, 4007320, 1520, 4008462]",9057,Sport
1184,"[20, 21, 4012398, 461, 851, 1082, 1309, 4012984, 4014057, 4016112, 4017051, 4017050, 1332, 4013927, 4012969, 4284, 4007124, 4282, 5089, 5357, 4011766, 4015027, 4006107, 4016119, 4017325, 4017326, 4017324, 5086, 1370145, 1600442, 1370146, 1600428, 1600123, 1600124, 1600425, 1370190, 1370638, 1370191, 4010433, 4010434, 1370193, 1370751, 1370194, 1370195, 1370196, 1370197, 1370198, 1370048, 1370199, 4015719, 4015718, 221, 1360093, 1360094, 1360524, 1360095, 1360096, 1360097, 1360269, 1600243]",3872,Domicile-travail
11853,"[1489, 1490, 4017862, 309, 721, 4017869, 962, 4017868, 310, 720, 4017867, 1444, 1260578]",1290,Sport
1186,"[1410039, 1410454, 4771, 1410276, 4770, 4777, 1410068, 1410580, 4769, 1625408, 579, 156, 601, 155, 600, 154, 4009801, 1410666, 4009904, 153, 598, 1410304, 152, 1410463, 151, 1410085, 907, 4009781, 150, 4788, 595, 1410216, 1410700, 1410387, 4009776, 1410043, 4009773, 4006876, 192, 912, 431, 1390447, 1390207, 1390446, 1390300, 4009295, 4009294, 1390727, 4007893, 1625386, 1625387, 5932, 4017100, 6948, 5933, 1390594, 4842, 6955, 7072, 1381603, 1380806, 4002966, 1380805, 1380804, 1380803, 1380802, 1380669, 1380801, 1381320, 1380800, 4002961, 1380799, 4002960, 1380798, 4002959, 1380797, 4002958, 5524, 5523, 1380012, 1380796, 1380794, 1380793, 1380792, 4002956, 1380791, 1380790, 1380786, 6956, 1380084, 4839, 4841, 1381017, 4844, 4848, 4847, 1381040, 1380625, 1380657, 1381630, 4124, 1380748, 1624134, 1380423, 1380750, 1260070, 1260069, 4870, 4871, 1260035, 4872, 4873, 4457, 4462, 1614642, 1625389]",8334,Domicile-travail
1188,"[1604362, 1603443, 3980, 3978, 1603417, 1610639, 4003205, 1610558, 4003206, 1610557, 4003207, 1610556, 4003209, 1610555, 4003208, 4000835, 4003211, 1610548, 4003212, 1610547, 4003213, 1610546, 4003214, 1610543, 4003215, 1610541, 4003216, 1610540, 4003222, 1610539, 4003223, 1610376, 4003224, 1610374, 4003225, 1610372, 4003226, 1610370, 1603306, 4006172, 4006173, 4006964, 4007513, 4011306, 4009666, 4009661, 4009668, 4015506, 4015510, 4015508, 4015495, 4015918, 4015489, 4006133, 4010728, 4006189, 4006180, 1020445, 1020069, 1625371]",3374,Commute
1189,"[7873, 1150157, 6133, 1150090, 6132, 1150172, 6131, 6130, 1150099, 6129, 5000, 5642, 5641, 1140328, 5640, 1140109, 5639, 1140366, 5638, 5637, 5636, 5635, 5634, 4015040, 5633, 5632, 5660, 4016041, 4016040, 234, 4016043, 4016042, 5661, 4014490, 1240354, 4014494, 1240353, 7949, 5023, 5022, 1240123, 5021, 7197, 6168, 1240336, 1240438, 6169, 6167, 5029, 1240252, 5031, 5030, 4251, 4250, 4249, 4248, 4247, 1250404, 4882, 4012232, 4016797, 6959, 4129, 6987, 1250131, 6986, 6988, 4139, 1250085, 4140, 4141, 7625, 5258, 1261218]",5695,Commute
1190,"[4448, 4012583, 900, 1410592, 1410655, 1410327, 1410531, 1410379, 1410034, 133, 4769, 1625408, 1410626, 579, 156, 601, 1410288, 1625358, 1410340, 1614623, 1410251, 1614624, 1410665, 1410231, 154, 1410666, 4009905, 4009800, 153, 1410304, 152, 597, 1410463, 151, 1410085, 907, 1410646, 1410364, 1410314, 1410645, 1410644, 1410208, 4788, 595, 1410700, 1410216, 1410301, 1410242, 1625407, 1410483, 1624254, 149, 906, 4009776, 1410043, 4009773, 4006876, 191, 624, 192, 912, 1390447, 627, 1311, 628, 195, 629, 4009295, 4009294, 1390727, 1187, 1390521, 1188, 4007893, 1625386, 1625387, 5932, 4017100, 6948, 5933, 4834, 4842, 6955, 6954, 4002970, 4002967, 6953, 6952, 4002966, 1380805, 1380804, 1380803, 1380802, 1380669, 1380801, 1381320, 1380800, 4002961, 1380799, 4002960, 1380798, 4002959, 5524, 4002958, 5523, 1380796, 1380794, 1380946, 1380793, 1380792, 1381064, 1380791, 1380790, 5533, 6956, 1381220, 1380084, 4839, 4841, 4844, 4848, 4847, 1381040, 1380626, 1380625, 1380657, 1380201, 1381630, 4125, 1380748, 1381432, 1624134, 1380424, 1380750, 1260070, 4870, 1260124, 4871, 1260036, 4872, 1260946, 1260945, 1260096, 1260562, 1260561, 1261033, 1260650, 4002943, 1261045, 1260051]",8301,Domicile-travail
1191,"[4008462, 1520, 4017751, 4007319, 4007320, 4014731, 1183, 4014700, 6, 4014696, 4014732, 460, 4012770, 4008490, 4014698, 245, 913, 1296, 4014975, 669, 246, 4014973, 667, 4014974, 243, 4593, 4592, 4591, 4590, 5057, 1381643, 1380279, 1381644, 1380278, 1380277, 1381428, 1625250, 1380275, 1380274, 1380273, 1380272, 1381654, 6978, 6979, 6961, 1625248, 6969, 6962, 6963, 6964, 4017731, 1625247, 6965, 6957, 5934, 1380345, 4016645, 4014671, 4014670, 4014012, 4014669, 1381439, 1381633, 1380119]",4840,Domicile-travail
1192,"[4767, 4776, 4436, 4448, 1410584, 4012583, 900, 133, 579, 156, 601, 155, 600, 154, 1410665, 599, 4009905, 4009800, 153, 598, 1410304, 152, 597, 1410463, 151, 596, 907, 150, 4788, 595, 149, 1292, 1410043, 191, 624, 192, 912, 627, 1311, 1390446, 628, 195, 629, 916, 196, 430, 1187, 1390727, 4007893, 1188, 1773, 1625386, 1625387, 5932, 4017100, 914, 6948, 5933, 4842, 1390594, 6955, 1390038, 1381608, 6954, 1381604, 1381603, 6953, 1381430, 6952, 5531, 4012991, 5530, 5529, 1381412, 1380801, 1381320, 1380800, 4002961, 1380799, 4002960, 1380798, 5525, 1381358, 5524, 1380012, 5523, 1380796, 4002957, 1380794, 1380793, 1380792, 4002956, 1380791, 1380790, 5533, 5052, 1381402, 6958, 1380786, 6956, 1380084, 4839, 4841, 1381017, 4844, 1380859, 4848, 4847, 1381040, 1380625, 1380657, 1381630, 4125, 1380748, 1624134, 1380424, 1380750, 1260070, 4875, 4870, 1260124, 4871, 1260036, 4872, 1260947, 4873, 4457, 4462, 1260464, 1614644, 4463, 4459, 1260471]",8680,Domicile-travail
11922,"[4012278, 1260942, 1625090, 1625091, 1625093, 4002742, 4014980, 4014981, 4015754, 4015756, 4014982, 1601394, 1600409, 1360446, 1360030, 1751, 1360029, 1360179, 1360028, 1360594, 1360027, 1360631, 1360272, 1624990, 1360271]",1388,Social
1196,"[2302, 1150020, 1150175, 4993, 1150174, 1150006, 1150173, 6131, 6139, 6130, 1150099, 6129, 7189, 5642, 1140297, 5641, 1140328, 5640, 1140109, 5639, 1140366, 5638, 4017151, 1624680, 4014425, 1141105, 1140424, 1141106, 1140426, 1141104, 660, 4014889, 4014893, 4014891, 4014890, 4014892, 4009123, 1230449, 1240043, 1240103, 1240042, 1240160, 1240229, 1240134, 1240228, 7943, 1240227, 1240315, 1240120, 1240119, 1240346, 1240123, 5021, 6120, 6168, 1240336, 1240438, 6169, 6167, 5026, 7198, 6166, 1240254, 1240190, 1240255, 1240263, 1240256, 1240174, 1240257, 1240076, 1260187, 4011658, 4017803, 1623961, 1260084, 723, 310]",5756,Domicile-travail
1197,"[1200260, 4813, 4812, 4816, 1625591, 1625298, 1625740, 1625497, 4012713, 4012712, 1200039, 4237, 7179, 1200301, 4011784, 4588, 4586, 4585, 4584, 6085, 6086, 4015971, 1657, 6096, 6095, 7871, 4015960, 1160595, 1044, 659, 230, 4014866, 1045, 6124, 821, 1160157, 4014857, 231, 4014881, 4014885, 4014884, 1140089, 1140088, 4014897, 4014903, 4014902, 4008174, 660, 4008173, 4014887, 1141104, 1140086, 233, 4015043, 4017236, 4014424, 4014422, 4017237, 4017235, 4015040, 5632, 1140314, 5660, 4012173, 1140342, 1140343, 1140344, 1140346, 1140347, 1140348, 1140349, 1140350, 1140351, 1140352, 1625647, 1625648, 1120175, 1120304, 1120254, 1120027, 1120255, 1120257, 1120259, 4003245, 1120260, 4003246, 1120261, 4009621, 4009620, 4009631, 1110596, 4003249, 1110529, 1110242, 1110530, 1110595, 4009599, 4009598, 1110593, 1110611, 1110102, 1111112, 1110382, 4010961, 1041146, 1040161, 1040534, 1625196, 1625197, 1030008, 1030009, 1030010, 1030531, 1030532, 1030038, 4011544, 1623816, 4011545]",9254,Domicile-travail
11983,"[4003581, 1611222, 4000856, 1611217, 1611215, 1611211, 4156, 4155, 1614526]",1405,Autre
1199,"[1160208, 1100014, 1100309, 1160409, 1160004, 1160313, 1160006, 1160311, 2625, 4221, 1160310, 2626, 1160020, 1160309, 1160073, 1160308, 1160307, 1160108, 1160203, 1160105, 1160202, 1160229, 1160286, 1160586, 4014867, 4014865, 4014868, 4014864, 4014863, 1230283, 1230270, 1230282, 1230507, 1210210, 5621, 1210209, 1210254, 1210206, 4012305, 4012307, 4012306, 5246, 7621, 4829, 1210097, 4828, 1210017, 4821, 1220196, 235, 5513, 1623799, 1380898, 1380896, 1380895, 1380894, 1220068, 1220362, 1380891, 1380893, 1380568, 1380647, 1381362, 1380646, 1380016, 1380645, 1380644, 1380643, 1380642, 4008545, 1380951, 1380950, 1380548, 1380949, 1380444, 1380498, 1380948, 1381224, 1380947, 1380946, 1380793, 1380792, 1380791, 1380790, 1380786, 1380785, 4002953, 1380784, 1381252, 1380351, 1380350, 1380137, 1380349, 1381035, 1381032, 1380365, 1380193, 1380366, 1381190, 1380367, 1380293, 1380368, 1380176, 1380370, 1380417, 1380371, 1380019, 1380372, 1260062, 6981, 4008394, 4007667, 4014931, 1260061, 4132, 1381168, 1380343, 1381167, 1381079, 1381166, 1380610, 1381165, 1380939, 1380938, 1381088]",9050,Commute
1200,"[7949, 5024, 6180, 4014490, 5661, 4016042, 4016043, 4016040, 4016041, 234, 5660, 5632, 5633, 4015040, 5634, 5635, 4015044, 5636, 5637, 5638, 1140366, 5639, 1140109, 5640, 1140328, 5641, 1140297, 5642, 5000, 6129, 1150099, 6130, 1150191, 6131, 1150172, 6132, 1150090, 6133, 6134, 6125, 6135, 1150183, 6136, 1160123, 6137, 5327, 1160069, 1160070, 1160092, 1160071, 1160204, 1160072, 1160308, 1160073, 2628, 1160074, 1160075, 1200017, 1200241, 1200018, 1200019, 1200020, 1200021, 1200022, 2607, 1200023, 1200024, 2279, 1200025, 1200026, 1170145, 1170070, 1170071, 7892, 7883, 1170073, 7884, 7168, 1170074, 1170077, 1170234, 1170078, 3010, 1170079, 1170082, 4017601, 4017602, 1170083, 1170084, 1170259, 1170085, 2646, 1170086, 1170087, 1170088, 1170089, 1170090, 1180093, 1180094, 1180095, 1180408, 1180096, 7867, 1180097, 1180321, 1180098, 1180419, 1180099, 1180422, 1180100, 2651, 1180101, 1180102, 1180431, 1180103, 1180104, 1180444, 1180258, 1180511, 1180502, 1180493, 1181047, 1181001, 1180503, 1180274, 4013860, 4013861, 4013859, 4009870, 4003648]",7077,Domicile-travail
1201,"[4010562, 4003647, 4010561, 1180258, 4003646, 1180257, 1180256, 1180255, 1180254, 4003641, 1180517, 2297, 1180252, 1180251, 1180250, 1180249, 1180421, 1180248, 1180247, 1180418, 1180246, 4003094, 4003093, 1180245, 7869, 1180244, 1180406, 1181021, 1180243, 1180242, 5314, 4523, 1180241, 1170283, 1180538, 1170278, 1180240, 1170273, 1170135, 2649, 1170134, 2646, 1170133, 1170258, 1170132, 1170253, 1170131, 4017610, 4017615, 4017607, 1170129, 1170128, 1170127, 1170126, 1170125, 1170124, 1170123, 4003104, 1170121, 1170120, 7168, 1170119, 7884, 1170118, 7893, 4009864, 1170115, 4003294, 1170114, 4003293, 4011497, 1171127, 1171128, 1200280, 1200279, 1200278, 1200277, 1200276, 1200384, 2606, 1200275, 1200274, 1200273, 1200272, 1200351, 1200271, 1200270, 1200269, 1743, 1200268, 1200267, 1200240, 1200030, 1160251, 1160112, 1623839, 1160299, 1160111, 1160110, 1160188, 1160109, 1160108, 1160203, 1160105, 1160288, 1160104, 1160091, 1160103, 1160102, 6122, 1160101, 1160100, 1160120, 1160099, 1160363, 4014856, 4014860, 1151100, 1151000, 1150062, 1150060, 1150059, 1150058, 1150057, 1150056, 1150055, 4014885, 4014884, 1140089, 1140088, 4014895, 4014897, 4014903, 4014902, 4008174, 4008173, 1141104, 1140086, 233, 4015043, 4017236, 4014424, 4014422, 4017235, 234, 1140314, 4016040, 4016041, 5660, 4016043, 1240426, 4014490, 6180, 5024, 7949]",7295,other
12035,"[1625338, 1625109, 1625287, 1614632, 4803, 1200298, 4802, 1200155, 1200260, 4813, 4812, 4816, 4009858, 4815, 4800, 4180, 5501, 5502, 4814, 4098, 4096, 4095, 4094, 1210135, 4093, 4177, 4102, 1210034, 4266, 4100, 5244, 1210242, 5248, 1210292, 5247, 7971, 1210308, 4012307, 4017349, 4012306, 5246, 5927, 6487, 6486, 6485, 1220203, 6484, 1220145, 1220244, 1220090, 4824, 1220097, 4822, 4827, 5512, 4826, 1220036, 5243, 5514, 5242, 1220069, 5250, 5249, 1220032, 4120, 1220163, 4119, 1220311, 4118, 1220322, 4117, 1220344, 1220083, 1220343, 1220342, 1220270, 1221018, 1220056, 1220341, 1220028, 1220340, 1220339, 1380882, 1381070, 1381069, 1381068, 1381631, 1381065, 1381064, 4002956, 1381063, 1381062, 1381304, 1381303, 4854, 1381011, 4012178, 4012177, 1381300, 1380851, 4852, 1380390, 4865, 4864, 1380136, 4850, 4849, 1381635, 4855, 4856, 4453, 1380293, 4454, 1380176, 4455, 1380417, 6970, 6971, 6981, 4008393, 4008394, 1371425, 4004559, 4007667, 4015029, 4014931, 4004933, 6983, 4004564, 1371165, 1260817, 1370099, 4002901, 4015715, 1261041, 4014948, 4014947, 4014949, 1370694, 1260444, 1371012, 1371013, 1371014, 1623980, 4016879, 4016880, 4016878, 4016493, 1371019, 1260391, 4016682, 1371020, 1371022, 1371023, 1370602, 1371024, 1371026, 4007023, 1371027, 1371028, 1370972, 1371029, 1371030, 1371031, 4011468, 4008084, 1360587, 1360403, 1360623, 4017677, 4014982, 1601394, 1600409, 1360446, 1360030, 1751, 1360029, 1360028, 1360594, 1360027, 1625626, 4006897, 1625627, 1625631, 1360529, 1360530, 1600414, 1360531, 1360075, 1360532, 1360568, 1360383, 1360423, 1360384, 1360385, 1600133]",11485,Domicile-travail
1205,"[1210292, 7971, 1210308, 4012307, 4012306, 5246, 5927, 6487, 6486, 6485, 1220203, 6484, 1220145, 1220244, 1220090, 4824, 1220097, 4822, 1220115, 4827, 5512, 4826, 1220036, 5243, 244, 1220357, 1220358, 937, 1220360, 1220213, 4840, 1220212, 1221002, 1380888, 1380018, 1380017, 1380645, 1380016, 1380833, 1380015, 1380500, 1381183, 1380499, 1380444, 1380949, 1380497, 1380496, 1381065, 6956]",3006,Domicile-travail
1206,"[244, 5243, 1220036, 4830, 1220138, 5931, 1230344, 6098, 6102, 1230212, 4987, 1231017, 1230498, 7180, 1230260, 5319, 6108, 6111, 6110, 6109, 1230416, 7181, 1, 4014876, 4014878, 4014879, 4014883, 4014885, 4014882, 236, 4999, 1150199, 5000, 6129, 7189, 1150004, 7190, 4990, 7191, 6151, 7192, 1120172, 5004, 1120085, 5001, 1120281, 5003, 5002, 843, 1014, 1110605, 1110278, 7194, 1110406, 7193, 1110351, 4518, 1110381, 4519, 1040171, 5306, 4013713, 4959, 4013714, 7118, 4004706, 4204, 1040200, 1310, 4951, 1279, 194, 626, 193, 6625, 1172, 4201, 1180, 4935, 4936, 4934, 1624002, 6041, 6040, 1050384, 6039, 1050355, 6038, 1050099, 6034, 7632, 6035, 1050455, 6037, 4007001, 6036, 7098, 188, 4933, 1675, 1676, 4008061, 7114, 1050287, 7113, 6514, 1050079, 6513, 4014011, 4016008, 1558, 1624760, 4016009, 6516, 6515, 1030498, 7116, 1030194, 7115, 1030517, 1209, 6525, 1030585, 6526, 6527, 6528, 1030559, 6529, 1030285, 6530, 1030569, 6531, 1031000, 6533, 6532, 7117, 1210, 187, 1211, 1035, 1212, 7119, 6543, 7131, 1020835, 7120, 7121, 1020645, 7122, 1020362, 4015737, 4016825, 4015739, 4015738, 7125, 7127, 1011047, 1010234, 7128, 7129]",15274,Travail
1207,"[4297, 4298, 1601425, 1601424, 4296, 4295, 1601404, 4292, 1601345, 4294, 1601325, 4293, 5380, 4287, 5360, 5361, 1601342, 5362, 5363, 4007720, 5364, 1601354, 5365, 5366, 1601352, 5367, 1601368, 76, 5368, 4016848, 4016847, 1350122, 4016846, 1350123, 1600423, 1350124, 1350013, 1350234, 7322, 4016842, 4016850, 4013610, 4013607, 4011816, 4011820, 1350596, 1350595, 4007748, 1350614, 217, 924, 4007746, 1600150, 5718, 5719, 5720, 5727, 5726, 6275, 6274, 4013666, 4013667, 4013665, 5724, 1614877, 5728, 5729, 1361005, 4017690, 4012962, 4017691, 4009554, 4016888, 4015218, 4015219, 4015217, 1600869, 1600868, 7244, 1604273, 7247, 1604274, 1600817, 1600788, 1600772, 1600771, 1600775, 1600691, 1600711, 1270158, 1270254, 1300449, 1270117, 1300450, 1270147, 1300451, 1300452, 1300453, 1300456, 1300457, 1270314, 4016705, 1270315, 1291128, 1290045, 1291127, 1600118, 1600116, 1600119, 1291126, 1290333, 1291129, 1291218, 1291219, 1291220, 1290039, 1291221, 1291227, 1291228, 1291231, 4015298, 4015300, 4015299, 4009365, 4002845, 4014151, 4014152, 4014098, 4014099, 4014097, 1290021, 1290341, 1290340, 1290339, 1290338, 1290336, 1603649, 1603648, 1603650, 1603653, 1603655, 1603654, 1603685, 1603684, 1603814, 1603178, 1603175, 1603173, 6281, 4000543, 1603149, 1603153, 4017700, 4012110, 4012109, 4012102, 4012108, 1607562, 1607560, 1608248, 6295, 6294, 1608275, 6291, 6293, 6292, 6290, 6070, 4017345, 4017347, 4017346, 3981, 3982, 3805, 1608122, 1860, 1861, 1608084, 4968, 6065, 4967, 1608047, 4965, 1608037, 4966, 1608004, 4964, 1608007, 4963, 1609512, 4960, 1609499, 4961, 6549, 6547, 1010178, 6548, 6342, 6544, 1010622]",15321,Domicile-travail
1208,"[1310212, 1310384, 1310340, 1310031, 1310342, 1310343, 1310049, 1320309, 1320130, 1320310, 1320253, 1320311, 1321114, 1320312, 1320227, 1320313, 1320178, 3959, 1320273, 3960, 1320198, 3961, 1320205, 3962, 1320083, 3963, 3964, 3965, 1320002, 4009367, 4009366, 1320388, 1320298, 1320299, 1320242, 1320301, 1320302, 1320303, 1320071, 1320304, 1602129, 1602164, 1602167, 4013503, 4013504, 4017231, 4017232, 4004330, 5388, 1602150, 1602140, 1602126, 1602148, 1602125, 1602136, 1602135, 4001134, 4009349, 1602134, 4015891, 4015890, 4015887, 4015889, 1605797, 4012441, 4012440, 1605793, 1605960, 1605794, 1605959, 1605795, 1605811, 1605814, 1605813, 1605815, 4016809, 7316, 1605816, 5110, 5109, 1605849, 4014299, 4014575, 4011355, 4011360, 4011075, 4012760, 4014562, 1605837, 5698, 4006621, 868, 52, 501, 200, 1021, 1129, 202, 201, 633, 1287, 4015518, 1258]",6499,Commute
1209,"[1230295, 1220150, 1220354, 1220149, 1220122, 1220148, 1220142, 1220147, 1220076, 1220146, 1220145, 6484, 1220203, 6485, 6486, 6487, 5927, 5246, 4012306, 4012307, 1210308, 7971, 5247, 1210292, 5248, 1210242, 5244, 4100, 4266, 1210034, 4102, 1210186, 4177, 1210118, 4093, 1210136, 4094, 4095, 1210180, 4096, 4098, 4814, 5502, 5501, 4180, 4800, 4815, 1625591, 4816, 4812, 4813, 1200260, 4006017, 4802, 4803, 1614632, 1190215, 4807, 4808, 4809, 1190079, 4810, 7162, 4449, 4450, 1190014, 4451, 1190136, 4012748, 1190028, 1190162, 1190070, 1190200, 4012746, 4012745]",3619,Work-related
1210,"[1160016, 5328, 6137, 5327, 1160381, 1160091, 1160382, 1160288, 1160287, 1160587, 1160586, 4014867, 4014868, 4014864, 4014861, 4014863, 6090, 1230283, 1230270, 1230282, 1230507, 4003018, 1210353, 1210210, 7652, 1210209, 1210253, 1210206, 1210216, 4012305, 4012306, 4012307, 1210308, 7971, 5247, 1210291, 1210144, 1210290, 1390631, 1390532, 1390275, 1390531, 1390602, 1390530, 1390332, 1390529, 1390473, 1390528, 1390527, 1390356, 1390525, 1390397, 1390524, 1390523, 1390674, 1390675]",4576,Domicile-travail
12127,"[1380119, 1380160, 1380161, 1381439, 1381633, 4014669, 5255, 5256, 1380969, 4004852, 4004853, 1380942, 4017760, 1381305, 1380943, 1380944, 1380359, 1380945, 5522, 4002957, 1381181, 1381225, 1381182, 1380500, 1381183, 1380833, 1381185, 1381186, 1381609, 1380888, 1221002, 1220361, 1221000, 1020, 937, 244, 1220357, 5243, 5514, 1220042, 5532, 5543, 5518, 5625, 1230189, 5628, 1230414, 1230545, 4003135, 1230415, 5630, 7188, 7187, 4242, 4243, 1230462, 1230436, 1230461, 1624686, 4014898, 4014899, 4014895, 4014894, 1141109, 4014896, 4008171, 4008176, 1140328, 5640, 1140110, 5639, 1140367, 5638, 1140306, 5637, 2594, 1140019, 7816, 1140376, 1140375, 1140374, 1140178, 1140158, 1140179, 1140046, 1140099, 1140045, 1140047, 1140009, 1140048, 1140192, 1140049, 7817, 7818, 6141, 6142, 6143, 1140369]",7690,Autres
1214,"[1210221, 1210220, 1210294, 1210219, 1210192, 1210218, 7971, 7972, 7973, 1210254, 1210209, 5621, 1210210, 1210354, 1230282, 1230283, 6089, 1230284, 4014861, 4014862, 230, 4014866, 4014865, 1160584, 1160161, 4014868, 1045, 4014853, 231, 467, 232, 4014895, 660, 4014887, 233, 4014424, 234, 4016040, 1880, 1140029, 1140032, 1140169, 1140033, 1140235, 1140034, 4017156, 4017440, 4017439, 4009873, 1140413, 4015037, 4015036, 1130230, 1130040, 4011692, 4011693, 1130162, 1130233, 1131001, 1131110, 1130312, 4007425, 4009607, 1625642, 1130167, 1130169, 4013679, 4013678]",5802,Social
12141,"[1380301, 1381081, 6977, 4131, 4004933, 4007667, 4014931, 1371425, 4004936, 1260770, 1260289, 1260771, 1260772, 1260773, 1261044, 4002944, 1260647, 1260774, 1260562, 1260563, 1260888, 1260034, 1260035, 4872, 1260036, 1260593, 1260037, 1260729, 1250002, 4141, 4866, 6992, 6991, 4456, 4880, 1250218, 4879, 4878, 4142, 4869, 4868, 4867, 1250375, 1250376, 1250093, 1250377, 1250235, 1250360, 1250236, 1250237, 1250238, 1250109, 1250239, 1250240, 1250097, 1250241, 1250242, 3783, 1220267, 1220254, 1220268, 1220013, 1220269, 1220057, 1220058, 1220082, 1220344, 4117, 1220345, 1220346, 1220173, 1220347, 1230475, 1230476, 4003139, 1230477, 1625229, 1625228, 1230478, 1230479, 1230461, 1624686, 1624684, 4014898, 4014899, 4014895, 4014894, 1141109, 4014896, 4008171, 4008176, 1140328, 5641, 5642, 1140296, 7189, 1140025, 1140297, 7190, 1140382, 7191, 1150102]",8061,Domicile-travail
1218,"[229, 842, 249, 1464, 4017639, 4017638, 4017645, 4017646, 4017656]",2398,Work-related
12180,"[1040391, 1040071, 1040393, 4516, 1040090, 4517, 1040529, 1040578, 6626, 6625, 1180, 4935, 4007760, 4007761, 4007759, 1625549, 6040, 6039, 6038, 1050100, 6034, 6035, 6037, 1050206, 6036, 1050041, 4933, 1675, 1676, 7114, 1050287, 7113, 6514, 1050079, 6513, 4014011]",3870,Sport
1222,"[1410486, 1400003, 1410245, 1400004, 1400498, 1625347, 1625147, 1400499, 1400348, 1400500, 1400436, 1400165, 4795, 1400176, 4796, 4797, 1400038, 4798, 1400283, 4787, 1400065, 4783, 1400330, 4784, 6917, 4785, 1400028, 4786, 1400049, 6898, 1410467, 6903, 1410102, 6904, 6899, 1410480, 6905, 1410676, 6902, 1410237, 6895, 1410520, 6897, 1410500, 1410346, 1410451, 1410450, 1410449]",2985,Domicile-travail
1223,"[1601151, 1601167, 1262, 4268, 1600868, 7244, 7247, 1604275, 7248, 1604276, 7245, 1600834, 4013437, 1600832, 4013735, 1330047, 5073, 1330249, 1330471, 1600812, 1600811, 1600814, 1600813, 1624304, 1600826, 1600827, 1600831, 1600830, 1604277, 1604273, 4000979, 4015217, 4015219, 4015218, 4016888, 4009554, 4012962, 4017690, 1360422, 1361005, 5729, 5728, 5724, 4013665, 4013667, 4013666, 1600661, 1361011, 1360130, 1600654]",3784,Commute
1224,"[1360269, 1360581, 4274, 1360213, 4272, 1370157, 4271, 1370216, 4270, 1370967, 4273, 1370932, 1371535, 1371072, 1370600, 1371071, 1371070, 1371069, 1370682, 1371067, 1370725, 1371065, 1371200, 1371446, 1370096, 4007667, 1371294, 1370728, 1370729, 4016878, 4016493, 4016495, 4016494, 1260298, 1260239, 1260297, 1260296]",2206,Domicile-travail
1226,"[1360269, 1624962, 1360200, 1360095, 1360525, 1360094, 1360617, 1360093, 4015718, 220, 4015719, 650, 1371113, 1370199, 1370049, 1370198, 1370197, 1370177, 1370196, 1370212, 1370195, 7272, 1370194, 1370751, 1370193, 4010434, 4010433, 1600426, 1370191, 1600425, 1370190, 1600431, 1600123, 1600428, 1370146, 1370145, 4017326, 4017325, 4016550, 4016115, 5089, 4282, 4007124, 4007127, 1609, 1332, 1309, 4017050, 4017051, 1370884, 4014057, 1082, 461, 21, 4012398, 4012397, 1609859, 478, 20, 4007080, 1609864]",4023,Domicile-travail
123,"[1190005, 1400492, 4450, 1190014, 4449, 7162, 4810, 1190079, 4809, 4808, 4807, 1190215, 1614632, 4803, 4802, 4006017, 1200260, 4813, 1625291, 1625591, 1625740, 1625302, 1625497, 4012713, 4012712, 1200039, 4237, 7179, 1200301, 4011784, 4588, 4586, 4585, 4584, 6085, 6086, 4011684, 1200134, 1160248, 1160249, 1200176, 1160250, 1200030, 1160251, 1200266, 1160252, 1160387, 2620, 1160386, 2628, 1160385, 1160308, 1160384, 1160204, 1160071]",4045,Social
1230,"[4002984, 4014906, 1221004, 1220062, 4014904, 4014905, 4014909, 4014908, 1381441, 4011930, 5252, 4012068, 4012065, 7852, 4008551, 5254, 4839, 1380084, 6956, 1380790, 5533, 5052, 5054, 4843, 4008383, 4017450, 4861, 5256, 1381115, 5255, 1381633, 4014669, 4014670, 4014012, 4014671, 4016645, 5934, 1608943, 6957, 4007729, 6965, 1625247, 1624098, 1624103, 1624105, 1380217, 1381385, 1380218, 1625250, 1380219, 1625251, 1380220, 5057, 4590, 4591, 4592, 4593, 243, 667, 4014975, 3803, 5346, 5343, 4014692, 4014697, 4014699, 4014691, 4014690, 1625781, 1174, 1370995, 1326, 4016603, 666, 4012048, 4015723, 240, 663, 242, 933, 237, 934, 1043, 227, 656, 226, 1625745, 4015716, 223, 653, 222, 652, 221, 4015718, 220, 650, 926, 648, 219, 649, 4014213, 4014216, 1324, 925, 1331, 647, 217, 646, 4007748, 4007751, 216, 645, 215, 644, 214, 1350637, 638, 1350033, 207, 1280, 922, 206, 4015721, 637, 205, 636, 921, 204, 635, 920, 203, 634, 1129, 1021, 200, 501, 52, 868, 7650, 1513, 1165, 4001097, 4001098, 4002669, 4001094, 51, 500, 4014291, 4014295, 4014298, 50, 1272, 49, 499, 48, 867, 545, 4013990, 546, 98, 1605242, 1256, 1605249, 1257, 4395, 5410, 97, 548, 5411, 5409, 4014280, 4014282, 4014281, 5405, 5406, 4014286, 4009405, 4014287, 4014285, 4014284, 4009404, 4014283, 5408, 1605681, 96, 544, 1320, 1606278, 1606279, 1606280, 870, 95, 4008966, 871, 543, 4008967, 1606353, 1606356, 1606358, 1606360, 1606362, 1606363, 1606426, 1606552, 1606529, 1606553, 1418, 1420, 1419, 1421, 1606554, 1606572, 1423, 273, 881, 90, 538, 89, 537, 4008809, 88, 880, 87, 536, 86, 535, 85, 534, 84, 533, 879, 272, 1164, 1116, 1329, 1868, 1876, 1135, 1875, 530, 1274, 1869, 82, 878, 81, 529, 80, 528, 79, 1285, 1609, 4007127, 4007124, 4282, 5089, 4015027, 4016119, 4016105, 4017325, 4017326, 4017324, 1370145, 5086, 5085, 5088, 5084, 5087, 4622, 1600453, 1371220, 4621, 4619, 1600446, 4618, 4617, 1371144, 4616, 4015768, 4015769, 4015764, 6659, 4015767, 6658, 6657, 7263, 1370580, 7259, 1370168, 7260, 7261, 1371105, 7262, 1313, 241, 936, 668, 245, 4014696, 913, 1296, 669, 246, 4014973, 4014974, 1370997, 1381643, 1380279, 1381644, 1381437, 1624100, 1380345, 1381438, 1381142, 4017761, 4017760, 4854, 4846, 1380356, 5053, 1381402, 1381439, 1380786, 1381217, 7851, 7850, 5253, 4011698, 4014910, 1381442, 4014911, 1380879, 1220365, 1221003, 1220367, 1220363]",38288,Sport
1231,"[244, 5243, 1220036, 4830, 1220138, 5931, 1230345, 6098, 1230344]",1046,Magasinage
1232,"[1410535, 1410039, 1410454, 4771, 4770, 4777, 1410068, 1410580, 4769, 1625408, 156, 601, 155, 1625358, 600, 1614624, 154, 1410666, 4009801, 4009799, 153, 598, 152, 1410304, 597, 1410463, 151, 1410085, 907, 1410645, 1410644, 150, 4788, 595, 1410216, 1410387, 4009776, 1410043, 4009773, 191, 624, 192, 912, 627, 1311, 1390300, 628, 195, 4009295, 4009294, 1390727, 1187, 1390521, 1188, 4007893, 1625386, 1625387, 5932, 4017100, 914, 6948, 5933, 4834, 4842, 1390038, 6955, 1381608, 1381604, 1381603, 1381430, 1380806, 4002966, 1380805, 1380804, 1380803, 1380802, 1380669, 1380801, 1381320, 1380800, 4002961, 1380799, 4002960, 1380798, 4002959, 5524, 1380012, 5523, 1380796, 4002957, 1380794, 1380793, 1380792, 5521, 1381063, 5534, 1380791, 1380790, 5533, 5052, 1381402, 1380786, 6956, 1380084, 4839, 4841, 1381017, 4844, 4848, 4847, 1380484, 1381104, 7901, 4017220, 1380570, 7902, 1175, 1381196, 4127, 1380423, 1380750, 1260070, 1260069, 4870, 4871, 1260035, 4872, 4873, 4457, 4462, 1614642, 1625389, 1260894, 1260449]",8613,Domicile-travail
12325,"[4017265, 1616391, 1616390, 4013807, 4013808, 1616322, 1616319, 1616323, 1616324, 1616325, 1616329, 1616331, 1616332, 1616436, 4322, 1616451, 1616249, 1616468, 1616450, 1616453, 1616449, 1616454, 1616448, 1616455, 1616447, 1616456, 1616446, 1616457, 1616445, 1616459, 1071, 4013154, 4013152, 4327, 4324, 4323, 4016241, 4016238, 4016242, 36, 4016240, 4008136, 7591, 35, 1615234, 1615233, 1615246, 4015817, 1615237, 1616738, 1616737, 1616729, 1616735, 1616728, 1616730, 4016922, 1616731, 1616740, 1616739, 1616745, 1616746, 4016826, 1616744, 1616743, 1616751, 1616753, 1616767, 4013799, 4013800, 1616771, 1616795, 1616785, 1616781, 1616782, 6821, 6820, 1616805, 480, 1622341, 1616819, 1616818, 1616821]",7490,Social
1235,"[1261218, 5258, 7625, 4141, 1250002, 4140, 1250081, 4139, 1250118, 4490, 6988, 4456, 6991, 4465, 1250451, 1442, 4007414, 4007413, 4017673, 1441, 1443, 4007403, 4007399, 1261136, 3748, 1439, 4007420, 4009142, 1625541, 1625542, 1240263, 1240264, 1240265, 4003154, 1240266, 1240267, 1240268, 1240269, 4009053, 1240130, 7956, 7987, 7957, 7988, 1240126, 1240125, 1240124, 5022, 1240123, 1240377, 5023, 7949, 1240353, 1240354, 4014490, 4014488, 5661, 4016042, 4016043, 4016040, 4016041, 1667, 5660, 5632, 5633, 4015040, 5634, 5635, 5636, 5637, 5638, 1140366, 5639, 1140109, 5640, 1140328, 5641, 5642, 6129, 1150099, 6130, 1150191, 6131, 1150172, 6132, 1150090, 6133, 7873, 2597, 1150134]",5714,Commute
12369,"[879, 1164, 1116, 1329, 1868, 1876, 531, 1135, 530, 1875, 1274, 1874, 82, 878, 81, 529, 80, 528, 79, 1285, 4007127, 4007124, 4282, 5089, 5357, 1601235, 5358, 1193, 1601195, 5359, 5095, 5094, 4280, 5092, 5093, 4010455, 4281, 4001509, 4279, 4016101, 4016102, 4016116, 4016107, 4016553, 4016100, 4016098, 6214, 1370751, 6215, 7272, 6216, 5091, 6217, 7995, 7, 1371503, 1371114, 1041, 648, 7903, 850, 1360378, 1360221, 1360379, 4014213, 4014216, 1360060, 1360380, 1360360, 1360381, 1360074, 1360382, 1360383, 1360384, 1360385, 1360258, 1360259, 1360430, 1360431, 1360535, 1360432, 1360285, 1625245, 1360284, 1360439, 1608911, 1360434, 1360435, 1360436, 1360437, 1360416, 1600675, 1600673, 1360499]",9196,Autres
12379,"[5329, 1160016, 5328, 6137, 5327, 1160380, 6122, 6123, 1160102, 1160103, 1160091, 1160104, 1160287, 1160587, 1161100, 4003267, 1160286, 4014865, 230, 4014866, 4014862, 4014861, 1230524, 1230284, 4014863, 6090, 1230029, 6097, 1230081, 1230304, 4238, 1230269, 4240, 1230505, 1210351, 4239, 1210025, 1211008, 1210251, 1210020, 1210347, 1210019, 1210018, 1210214, 1220205, 1220204]",3425,Social
124,"[1160071, 1160309, 1160073, 1160074, 1160075, 1160252, 1160387, 1160251, 1160112, 1160250, 1160232, 1160249, 1160248, 1160165, 4011684, 1657, 6086, 4984, 6085, 4584, 4014017, 4585, 4014018, 4586, 4014019, 4014020, 4011784, 4014870, 4014872, 4237, 4012712, 4012713, 1625497, 1625740, 1625591, 1625291, 4813, 1200260, 4006017, 4802, 1200298, 4803, 1614632, 1190215, 4807, 4808, 4809, 1190079, 4810, 7162, 4449, 4450, 1190014, 4451, 1190136, 1190135, 1400492, 1400375, 5493, 1400374, 1400250, 6903]",4896,Errand
12401,"[1250259, 1250238, 1250237, 1250017, 1250294, 1250018, 1250215, 1250019, 1250070, 1250020, 5333, 1250021, 1250053, 1250276, 1625078, 5332, 1625079, 5337, 5018, 5015, 5030, 5016, 439, 7819, 829, 6166, 7198, 5026, 6167, 7963, 6169, 6168, 6120, 5021, 1240123, 5022, 1240377, 5023, 7949, 5024, 6160, 6165, 7951, 1240416, 1240020, 1240117, 7952, 1240197, 1240391, 1240118, 1240390, 1240389, 1241002, 4014489, 4014551, 1312, 1538, 4014552, 4014487, 1240426, 1880, 1325, 4014549, 1090, 234, 1667, 4016041, 4016040, 661, 4014422, 4014424, 233, 660, 1140086, 4008174, 4014902, 4014903, 4014897, 4014895, 1140088, 232, 467, 231, 1045, 4014853, 230, 4014866, 659, 1044, 1160595, 4015970, 4015960, 4015969, 4015959, 6083, 6084, 4986, 4011683, 4984, 6086, 6085, 1732, 4584, 4585, 4586, 4588, 4011784, 1200301, 7179, 4237, 1200039, 7178, 3905, 3904, 4978, 1200339, 7731, 7730, 1200226, 1200340, 1200227, 1200349, 1200348, 4979, 4980, 1200362, 4981, 1200370, 4982, 4976, 4977, 4017889, 4983, 4970, 4971, 4972, 4973, 4974, 4975, 7165, 1190111, 6075, 1190043, 6076, 1190282, 1170120, 7168, 5318, 1170009, 6080, 7157, 6081, 4236, 1170205, 4235, 4234, 4233, 4232, 1170147, 4231, 1160557, 4230, 4229, 4228, 1161000, 4227, 4226, 1744, 1160025, 7728, 1200018, 1743, 7862, 1200178, 1200177, 1200176, 1160250, 1160232, 1623768, 1160231, 1160220, 1160230, 1160201, 1160161, 4014865, 1160157, 821, 6124, 1160159, 6123, 1160102, 6122, 1160381, 5327, 5328, 6137, 1160123, 6136, 6135, 6125, 6134, 6133, 6132, 6131, 1150191, 6130, 6129, 7189, 5642, 5641, 5640, 5639, 5638, 1140306, 5637, 5636, 5635, 5634, 5633, 5632, 4543, 1140314, 5660, 1140014, 4544, 1140013, 1140343, 1140027, 1140117, 1140028, 1140029, 4014550, 4014490, 4012171, 6164, 6163, 1240125, 6162, 6161, 5027, 1240336, 5029, 1240252, 5031, 1250174, 4251, 4250, 4249, 4248, 4247, 1250404, 4868]",24343,Sport
1244,"[6530, 1030559, 6528, 6527, 6526, 1030586, 6525, 1209, 1030206, 1030205, 1030517, 1030198, 4002491, 1030199, 1030200, 1030201, 1030006, 1030202, 1030497, 1050150, 6045, 1050465, 6046, 6044, 4949, 6524, 1050088, 6523, 1050344, 6522, 1050371, 4015995, 4015996, 4015994, 4512, 3862, 6049, 4513, 1040031, 4514, 1040222, 4515, 1040394, 4516, 1040091, 4517, 1040529, 1040578, 4003277, 6626, 6625, 4003272, 6630, 4003329, 6536, 4003330, 6538, 4003331, 6537, 6632, 6629, 4003321, 6540, 6541, 1040569, 306, 1282, 1328, 717, 960, 718, 307, 719, 308, 1048, 1070129, 1070130, 1070476, 1070131, 1070132, 1070487, 1070133, 1070498, 1070497]",7436,Courses
1245,"[1600520, 1300376, 4002775, 1300378, 1300179, 1300471, 1300178, 1600525, 1300395, 5682, 1300511, 1310070, 5686, 5681, 3942, 4613, 4612, 1310230, 4611, 4610, 4609, 4608, 6187, 4615, 6182, 4607, 4614, 6647, 6646, 4009153, 1330624, 1600683, 1330575, 1600581, 1330526, 4016659, 4016660, 4016786, 4016661, 4002713, 4017218, 4017182, 4017219, 4013971, 4017027, 4017029, 4002714, 4016886, 4016774, 4013641, 4017159, 4017176, 4017188, 4017187, 4010460, 4010461, 4010459, 1361012, 1360657, 1361011, 1360130, 1600658, 1360508, 1600660, 1360296, 1360506, 1360505, 1600144, 1360503, 1360654, 4002712, 1600150, 4007746, 4007748, 641, 210, 215, 1350611, 1350612, 1600200, 4015780, 4015782, 1350033, 4015781, 1350578, 1350549, 1600642, 1350184, 1600479, 1350015, 1600504, 1600503, 4002854, 1350623, 4010479, 4010480, 5371, 4000450, 4000531, 1601376, 1601378, 1601380, 1601382, 1601384, 1601386, 1601410]",7087,Domicile-travail
1247,"[1380279, 5057, 1380532, 1381375, 7223, 1371185, 7224, 1381373, 7225, 1381371, 7226, 1381153, 7227, 1380462, 7228, 6974, 1380778, 6975, 1380613, 6976, 6977, 4130, 4004933, 1371428, 4007669, 1371425, 6983, 6985, 1260047, 1260290, 1260048, 1260051, 1260049, 1261044, 1260647, 1260561, 1260562, 1260563, 1260889, 1260888, 1260034, 1260454, 1260035, 4871, 1260036, 1260592, 1260037, 1260729, 1250002, 4140, 1250085, 4139, 4490, 6988, 4456, 4880, 4465, 4017672, 1442, 4007414, 1441, 1443, 4007406, 4007424, 4007423, 4007418, 4011658, 4017803, 1623961, 1623907, 1261205, 1261207, 1604152, 1604151, 1604149, 1604141, 1604142, 1604102, 1604103, 1604104, 1604056, 4000961, 1604057, 4009016, 1604065, 1604060, 1604061, 1604177, 1625085, 5036, 1625096, 5037, 5035, 1270295]",6422,Domicile-travail
12494,"[4012510, 1600189, 1600185, 1600236, 1600187, 4014720, 4014721, 4014719, 1371419, 1625140, 1625137, 1625136, 1370140, 1370141, 1625249, 1370718, 1370142, 4015791, 4015790, 4015789, 1625102, 1370143, 1625107, 1600207, 1371208, 6657, 6658, 6659, 4015764, 4015766, 4015765, 4616, 1371145, 4617, 1600444, 4618, 1600446, 4619, 4621, 1600508, 1371220, 4622, 7265, 5087, 5084, 5088, 5085, 5086, 4017324, 4017326, 4017325, 4016119, 4015027, 5089, 4282, 4011766, 4011765, 4007121, 1601246, 4002867, 1601226, 4000991, 4007719, 1601221, 1601220]",5220,Domicile-travail
1250,"[1030394, 1040065, 1040295, 4958, 4957, 4956, 5309, 1040250, 1040548, 5308, 1041150, 6054, 4010961, 1110382, 1110105, 5007, 1110337, 5008, 1110235, 5006, 1110266, 5013, 1120118, 5012, 1120270, 5011, 5010, 5009, 6154, 1120130, 1120161, 1140196, 1141101, 1140195, 1140240, 1140194, 6149, 1140193, 1140048, 1140192, 1140160, 1140191, 1140375, 1140190, 1140017, 1140189, 5635, 4015044, 4014422, 1141107, 4015047, 4015046, 1140424, 1141106, 1140426, 1141104, 660, 4014889, 4014893, 4014892, 1240420, 1240043]",5619,Domicile-travail
1252,"[4005774, 4005773, 1380736, 1380898, 1380896, 1623799, 1220049, 4827, 4826, 1220036, 1220043, 4830, 1220138, 5931, 1230345, 6098, 1230190, 6102, 4542, 4987, 7180, 6108, 6111, 1625599, 6110, 1230416, 6109, 1, 4014876, 4014878, 4014879, 4014883, 4014882, 4014880, 236, 4999, 5000, 7189, 7190, 1140382, 7191, 6179, 7192, 1120172, 5004, 1120085, 5001, 1120281, 5003, 1120208, 5002, 843, 1014, 7196, 1120061, 1110605, 7195, 1110278, 7194, 1625211, 1622544, 1110081, 1110082, 1111117, 4003284, 4009723, 4010977, 1110381, 1040375, 4009724, 4003283, 1040095, 1040096, 4010496, 4010495, 1040100, 1040101, 1040102, 1040103, 1040561, 6630, 6535, 4007760, 4935, 1180, 4936, 4007759, 1625549, 6040, 6039, 6038, 1050099, 1050098, 1050097, 1050334, 1050096, 1050145, 1050095, 1050401, 1050094, 1050283, 1050093, 1050421, 1050092, 1050077, 1625560, 1051137, 1050249, 1050477, 1050090, 1050005, 1050089, 1050088, 6524, 1050087, 1030495, 1030171, 4002538, 1030170, 1030289, 1030169, 1031155, 1031156, 1030168, 1030510, 1030174, 1030059, 1030175, 1030537, 1030176, 1030158]",11364,Domicile-travail
1253,"[1261218, 5258, 7625, 1250158, 4141, 4866, 4140, 1250085, 6991, 1250086, 4465, 1442, 4007414, 4017673, 4007404, 4007399, 1441, 3748, 1439, 1440, 5016, 5030, 5015, 5018, 5019, 5017, 1240251]",2187,Commute
1258,"[1380275, 1380274, 1381174, 1380273, 1380272, 1381654, 6978, 6979, 6961, 6969, 6962, 6963, 6964, 4017731, 6965, 6957, 1608943, 1608940, 4014673, 4014672, 1380969, 1381061, 4017761, 4017760, 1381305, 1381062, 1381063, 5534, 4002956, 1381064, 1381065, 1380495, 1381631, 1381068, 1381069, 1381070, 1380882, 1220339, 4836, 4837, 1220305, 1220306, 4016798, 1220308, 1220190, 1220309, 1220084, 1220310, 4118, 1220311, 1220132, 1220312, 1220174, 1220313, 1230432, 1230433, 1230549, 1230434, 7185, 1625228, 1230478, 1230479, 1230461, 1624686, 4014898, 4014899, 4014895, 1140420]",5616,Domicile-travail
12581,"[1030060, 1030512, 5560, 1030624, 1030242, 1030410, 1030290, 5567, 1030628, 1030004, 5568, 1030495, 5558, 6524, 4949, 3867, 6518, 1050007, 1624976, 1624759, 1050078, 1050196, 1050462, 1050468, 4002547, 1050251]",1384,Travail
12617,"[1200260, 4813, 4812, 4816, 4009858, 1625591, 1625740, 1625497, 4012713, 4012712, 1200039, 4237, 4530, 1200301, 4011784, 4588, 4586, 4585, 4584, 6085, 6086, 4011684, 1657, 6096, 6095, 1160296, 7871, 1160589, 1160595, 4015970, 4015965, 4015961, 4015964, 4015962, 659, 230, 4014866, 1045, 231, 4014881, 4014883, 467, 232, 1140089, 1140088, 4014895, 4014897, 660, 4014902, 4008174, 1141104, 4014887, 4014889, 1140086, 233, 4015043, 1140253, 4014424, 1140173, 4014422, 4017235, 1140314, 4015040, 5632, 4543, 1140014, 4544, 1140371, 4545, 4546, 4547, 1140257, 4548, 4549, 5005, 6159, 6153, 1120109, 1120186, 1120110, 1120089, 1120111, 1120269, 1120112, 1120117, 1120024, 1120116, 1120230, 1120231, 1110263, 1110497, 1110498, 1110499, 1110102, 1111121, 4009683, 4009682, 1040161, 1040534, 4003252, 1625196, 4003253, 1625198, 1030503, 1040295, 1030504, 4003270, 1030505, 1623817, 1623814, 4011544, 4011545]",9497,Domicile-travail
1266,"[4017627, 4017628, 4017635, 4017629, 4017633, 4017630, 4017642, 4017641, 4017637, 4017638, 4003001, 4017644, 4017645, 4017652, 4017650, 4017646, 4017656, 4017655, 4012745, 4003023, 658, 229, 4015049, 4015052, 4015050, 4015048, 4010077, 1420443, 1420523, 670, 1464, 1382, 842, 4012747, 4012746, 1190200, 1190070, 1190162, 1190028, 4012748, 1190136, 4451, 1190014, 4450, 4449, 7162, 4810, 1190078, 4809, 4808, 4807, 1190215, 4803, 4802, 4006017, 4006016, 1625296, 4006047, 4006044, 4006045, 1200163, 1200379, 4003005, 1200308, 1200380, 4982, 1200381, 1200231]",8705,Sport
1269,"[1110488, 1110236, 5006, 1110266, 5013, 5012, 5011, 1120091, 5010, 5009, 6154, 1120130, 1120161, 1140196, 1141101, 1140195, 1140194, 6149, 1140193, 1140192, 1140191, 1140375, 1140190, 1140017, 1140189, 5635, 1140005, 5634, 1140175, 5633, 5632, 5660, 4016041, 234, 1240426, 4016042, 4014488, 4014490, 6180, 5024, 5023, 1240377, 5022, 1240123, 5021, 6168, 6120]",4419,Domicile-travail
1271,"[723, 4011658, 1260187, 1240257, 1240256, 1625542, 1625541, 1240255, 1240254, 6166, 7198, 6167, 6169, 1240437, 1240335, 6168, 6120, 5021, 1240123, 5022, 1240377, 5023, 7949, 1240353, 1240354, 5661, 4014490, 4014488, 1240426, 4016042, 4016043, 4016040, 234, 4016041, 5660, 1140314, 5632, 5633, 4015040, 5634, 5635, 4015044, 5636, 2594, 5637, 4017151, 5638, 1140366, 5639, 5640, 1140328, 5641, 1140296, 5642, 5000, 6129, 1150100, 6130, 6139, 6140, 6138, 6152, 2316, 2313, 1100041]",5366,Domicile-travail
1272,"[1370694, 1614645, 1260292, 1260445, 1260053, 1260446, 4002897, 4008726, 1260447, 1260100, 1260448, 1260894, 1260449, 4463, 1260450, 1614637, 1614660, 1260734, 1260465, 1260733, 1260977, 1260732, 5258, 1261218, 7625, 4141, 4866, 6992, 6991, 4880, 4879, 1250138, 4878, 1624383, 4869, 4012232, 4868, 1250035, 4867, 1250375, 1250376, 1250093, 1250377, 1250243, 1250378, 1250379, 1250337, 1250380, 1250381, 1250006, 1250382, 1250077, 1250383, 5337, 1625079, 1250386, 1250173, 1250387, 1240250, 1240343, 7963, 1240344, 1240437, 4003149, 1240335, 1240345, 6113, 1240346, 1240123, 1240348, 1240349, 1240350, 1240351, 7947, 1240353, 4014494, 1240354, 4014490, 5661, 4016042, 4016043, 4016040, 234, 4016041, 4012173, 1140342, 1140343, 1140344, 1140371, 1140346, 1140347, 1140348, 1140349, 1140263, 1140350, 1140351, 1140292, 1140352, 1625648, 1625647, 1120254, 1120027, 1120255, 1120203, 1120257, 1120259, 1120260, 1120261, 1120115, 4009621, 4009620, 4009625, 1110596, 1110232, 1110233, 1110234, 1110235, 5008, 1110236, 1885]",8871,Domicile-travail
1274,"[1110026, 1110071, 1110403, 1110070, 1110275, 1120250, 1110276, 1120216, 1110277, 1120016, 4009752, 1625210, 1014, 843, 5002, 5003, 1120281, 5001, 1120085, 5004, 7192, 6151, 7191, 4990, 7190, 1150004, 7189, 6129, 5000, 1150199, 4999, 236, 4014882, 4014883, 4014879, 4014878, 1, 7181, 6109, 6110, 6111, 6108, 1230260, 7180, 1230497, 1230544, 4987, 6102, 1230189, 6098, 5931, 1220137, 4830, 1220042, 1220036, 244, 937, 1020, 1220360, 1220213, 4840, 1220155, 4838, 1220305, 4837, 1220316, 4836, 1220340, 4835, 1220005, 4014904, 4014906, 1221004, 1221003, 1220365, 4014907, 1381442, 4014910, 4011697, 1380636, 4008499, 1380635, 1380634, 1380633, 1380863, 1380632, 1380396, 1380629, 1380142, 1380626, 1380625, 1381105, 1380657, 1380200, 1381630, 4124, 4127, 1381196, 1381195, 1381238]",8343,Work-related
12743,"[1200426, 1200425, 1200307, 4003006, 1200308, 1200370, 2604, 4982, 1200380, 4976, 4977, 4017889, 4983, 4970, 1190219, 4971, 4972, 4973, 1190084, 4974, 4975, 7165, 1190094, 1190110, 6075, 1190043, 6076, 1190282, 1170120, 7168, 1170074, 5318, 1170010, 6080, 7157, 1170228, 7158, 1170235, 7159, 3007, 7160, 1170248, 7161, 4017591, 4214, 4017593, 4213, 1170255, 4206, 1170260, 4207, 2644, 4208, 2647, 4209, 1170275, 4210, 1170280, 4211, 1170285, 4212, 4522, 5310, 1180391, 3877, 3878, 3879, 1180327, 3880, 1180420, 3881, 1180423, 3882, 3883, 3884, 1180433, 3885, 1180440, 3886, 1180447, 3887, 1180008, 3888, 1180168, 3889, 1180129, 3890, 3891, 1180448, 3892, 1180223, 5282, 5285, 4009903, 5279, 4008052, 5272, 5273, 5274, 5275, 5276, 3848, 3849, 1612402, 3850, 1612477, 3851, 5278, 5277, 5280, 5283, 4009975, 3852, 6509, 4900, 1430171, 4901, 1430315, 4902, 4903, 4909, 4480, 4479, 4478, 4477, 4482, 1613854, 7039, 1149, 7038, 4000909, 6505, 1613901, 6506, 1613899, 6611, 4003795, 6617, 6002, 6612, 6614, 6613, 4003799, 6615, 6616, 4016492, 4016487, 1613988, 6610, 4003806, 1613972, 4003807, 6604, 4003808, 6606, 4003809, 6607, 6594, 6608, 6599, 6597, 6598, 5983, 1614152, 1614151, 1614195]",10398,Domicile-travail
12744,"[4002904, 1261037, 1260954, 1261046, 1260652, 1624139, 1260097, 1260956, 1260958, 1260946, 4870, 1260069, 4875, 4008012, 4876, 1380422, 1380423, 1624134, 1380424, 1380909, 1250131, 6987, 4142, 4878, 1624383, 1250010, 1250424, 1250247, 1250246, 1250404, 1250245, 1250244, 1250037, 1250243, 1250377, 1250235, 1250361, 1250292, 1250362, 1250213, 1250363, 1250364, 1250276, 1625078, 1250367, 1250368, 1250369, 1240309, 1240310, 7964, 1240311, 1240312, 1240435, 1240074, 1240434, 1240326, 7934, 6115, 6116, 6117, 6118, 6119, 5324, 5325, 5326, 7182, 1230007, 7183, 1230396, 7184, 7185, 1230435, 1230037, 4242, 4243, 7181, 1, 4014878, 4014879, 231, 4014885, 4014883, 4014882, 236, 4999, 1150199, 5000, 7189, 1150004, 7190, 4990, 4991, 6140, 4992, 1150174, 4993, 4994, 1150158, 4995, 4996, 4997, 1150168, 4998, 1150185, 4989, 1160126, 4988, 6121, 4218, 1160291, 4219, 1160206, 4220, 1160310, 4221, 2626, 4222, 2617, 4223, 1160255, 4224, 1160354, 4225, 1744, 4226, 1160480, 4227, 1161000, 4228, 1160514, 1160481, 1090029, 1160517, 1090030, 1090315, 1090306, 1090028, 1160535, 1090031, 1090032, 1160558, 1090033, 4008350, 4008351, 1090034, 1170181, 1090035, 1170192, 1090036, 1170199, 1090037, 1170208, 1090038, 6081, 1090039, 1090395, 1090020, 1090021, 1090413, 1080213, 1080537, 1080214, 1080547, 1080215, 1080548, 1080549]",11125,Domicile-travail
1275,"[1380812, 1380196, 1380810, 1381102, 1624333, 1381103, 1381209, 1381037, 1381210, 1380068, 1381211, 1381212, 1381213, 1381255, 1381214, 1380858, 1381215, 1381217, 1380084, 4839, 5254, 7852, 7851, 7850, 5252, 4011930, 4011932, 4012064, 4014910, 4014908, 1381441, 1220005, 4014905, 4014904, 4014906, 1220365, 1221003, 1220125, 1221004, 1220062, 1220367, 1220363, 4002984, 1220011, 4835, 1220340, 4836, 1220316, 4837, 1220305, 4838, 1220155, 4840, 1220213, 1220360, 1020, 937, 244, 5243, 1220036, 4830, 5931, 1230344, 6098, 1230189, 6102, 1230212, 4987, 1231017, 3808, 1230497, 7180, 1230260, 6108, 6111, 1625599, 6110, 6109, 7181, 1, 4014878, 4014879, 231, 4014883, 4014882, 236, 4999, 5000, 6129, 7189, 1150004, 7190, 7191, 7192, 5004, 1120085, 5001, 1120281, 5003, 5002, 843, 1014, 1110605, 7195, 7194, 1110406, 7193, 1110044, 1110405, 1110482, 1110404, 1110517, 1110403, 1110071, 1110402, 1110026]",9052,Commute
12760,"[1614195, 1614186, 1614268, 1614270, 1614265, 1614153, 4161, 4003839, 6589, 1614259, 6585, 1614150]",1138,Courses
1278,"[1380119, 1380161, 1381439, 1381633, 5255, 1381115, 5256, 4861, 4017450, 4017761, 4017760, 4854, 4846, 4843, 1380356, 5053, 5052, 5533, 1380440, 5534, 1381063, 5521, 1380945, 5522, 5523, 1380012, 5524, 1381358, 5525, 5526, 5528, 1381412, 5529, 5530, 4012991, 5531, 6952, 1381430, 1381603, 1381604, 1381608, 6955, 1390038, 4842, 5933, 6948, 5932, 4017100, 1773, 1625386, 4007893, 1188, 1390521, 1390727, 1187, 430, 196, 916, 629, 195, 4009295, 1390300, 1311, 1390446, 1390207, 627, 912, 192, 624, 191, 1292, 149, 595, 1410700, 1410216, 1410217, 1410561, 1410218, 1410219, 1400006, 1400349]",4597,Domicile-travail
12790,"[1360499, 1360418, 1360498, 1360238, 1360497, 1360461, 1360459, 1608911, 1360458, 1600682, 1360457, 1600411, 1360456, 1600412, 1360454, 1360453, 1360452, 1360451, 1600404, 1360450, 1360449, 1600406, 1360448, 1600407, 1360447, 1600408, 1360446, 4002878, 1360445, 1360443, 1360582, 4008071, 1371078, 1371077, 1371076, 1371074, 1371073, 1370923, 1371072, 1370601, 1371071, 1371070, 1371069, 1371067, 1371553, 1371065, 4006455, 4017145, 4017146, 1370839, 1371062, 1370164, 1371061, 1371060, 1371059, 4007667, 1370096, 4014945, 4014946, 4014944, 4015715, 4002900, 1371428, 1371338, 1370099, 1260817, 1371165, 4004564, 6982, 4131, 6977, 4130, 4015028, 4134, 4133, 1260061, 4132, 1380415, 4136, 4135, 6980, 6968, 1381099, 1381635, 1381100, 1380365, 1381101, 1381389, 4002949, 1380810, 1381102, 1624333, 1381103, 1380172]",5203,Domicile-travail
12807,"[1381374, 1380279, 5057, 1380532, 4590, 1370634, 4591, 1370859, 4011484, 1380285, 243, 4014974, 4014975, 667, 669, 4014973, 4014972, 4014971, 459, 4014695, 4012770, 4014733, 4014732, 4014696, 1183, 4014731, 4014701, 1381461, 1624381, 7642, 1520, 1625335, 4007320, 4017752, 4017753, 4008723, 4008462, 4008387, 1133, 1462, 1622354, 1622352, 4014955, 4014952, 1614672, 4008532, 4008531, 1525, 1523, 4006504, 5066, 5067, 4599, 4008452, 4597, 4594, 4595, 4600, 1150, 1151, 5064, 5065, 1624943, 6644, 4014940, 4014941, 4014939, 4596, 1524, 4008459, 1519, 4008388, 4004206, 1381649, 1016, 4007319, 4014730, 1380033, 4014700, 6, 246, 4593, 4592, 1381643, 1381644, 1380278, 1381159]",14114,Domicile-travail
12817,"[235, 4821, 1210016, 4828, 1210096, 4829, 5926, 7624, 7621, 1210097, 1210017, 1220196, 5513, 1220049, 244, 1220359, 1220216, 1220275, 1220158, 1220274, 1220308, 1220272, 1220319, 1220271, 1220342, 1220270, 1220057, 1220363]",1748,Magasinage
1282,"[1110184, 1110291, 1110289, 4013662, 4009623, 1120301, 1120302, 1120099, 1120303, 4003241, 4003242, 1120304, 4003243, 1120254, 1120027, 5005, 1121102, 4549, 1140292, 4548, 1140257, 4547, 1140044, 4546, 1140156, 4545, 1140371, 4544, 1140013, 4543, 5660, 5632, 5633, 5634, 5635, 5636, 5637, 4017151, 5638, 5639, 1140109, 5640, 1140328, 5641, 1140296, 5642, 5000, 1150199, 1150098, 1150200, 1150190, 1150191]",4225,Domicile-travail
1284,"[1291190, 1290269, 1291187, 4014317, 1291185, 4014089, 1290414, 4014091, 1291161, 1291160, 1291165, 1291024, 1291026, 1624874, 1291171, 1603825, 1603826, 1603671, 1603655, 1603667, 1603660, 1603659, 1603686, 1603701, 4643, 4003181, 4642, 1603730, 4644, 7647, 1604502, 1840, 5757, 5755, 1603524, 5764, 5765, 5759, 4003191, 5758, 5761, 4003192, 1604388, 5762, 5763, 1603430, 1603445, 1603444, 1603461, 1603443, 1603460, 1604343, 1614590, 4003201, 1604357, 1604353, 1603466, 4003228, 4009751, 4009750, 1130052, 1130051, 1130050, 1130049, 1130048, 1130047, 1130046, 1130045, 1130044, 1130043, 1130042, 1130041, 1131111, 1131002, 4015038, 4015039, 4009873, 4017439, 4017441, 4017157, 4017156, 1140035, 1624922, 1624923, 1624745, 1624747, 4004293, 1140270, 1624924, 1624925, 4013864, 4013865, 1240022, 1240197, 7952, 1240118, 1240020, 7951, 6165, 1240379, 6164, 1240148, 6163, 6162, 1240065, 6161, 1240216, 5027, 1240337, 1240439, 5026, 5029, 1240252, 5031, 5030, 4251, 3747, 4250, 4249, 4248, 4247, 1250246, 1250404, 4882, 4012232, 4016797, 6959, 4862, 1380905, 4126, 4125, 1381630, 1380657, 1380625, 1381040, 1380484, 1381039, 1381038, 1381210, 1380068, 1380174]",11127,Commute
12858,"[1210260, 1210220, 1210294, 1210293, 1210292, 5247, 7971, 1210308, 4012307, 4012305, 4012306, 5246, 5927, 6487, 6486, 6485, 1220203, 6484, 1220145, 1220244, 1220090, 4824, 1220097, 4822, 1220115, 4827, 5512, 4826, 1220036, 5243, 5514, 5242, 1220069, 5250, 5249, 1220032, 4120, 1220163, 4119, 1220311, 4118, 1220322, 4117, 1220345, 4116, 1220059, 1220228, 1220016, 4115, 1220257, 4113, 4017387, 4122, 1250065, 4121, 1250100, 5336, 7984, 5335, 1250113, 5334, 1250021, 5333, 1250053, 1250276, 1625078, 5332, 1625079, 5337, 5018, 5015, 5030, 5016, 439, 1440, 1439, 1441, 3748, 4007399, 4007403, 1442, 4007413, 4007414, 4465, 4456, 6988, 4490, 4139, 1250085, 4140, 4866, 4141, 7625, 1261218]",4547,School
1286,"[1260399, 1260902, 1260058, 1260901, 1260205, 1260900, 1260899, 1260243, 4606, 1260244, 4008401, 1260741, 1260877, 1260740, 1260550, 1260738, 1260472, 1260735, 1614660, 1260734, 1260465, 1260733, 1260732, 1260731, 1260948, 1260037, 1260125, 1260721, 1260720, 1260072, 1380911, 1250131, 6986, 1250134, 1250138, 1250139, 1250248, 1250424, 1250247, 1250246, 1250404, 1250245, 1250244, 1250037, 1250243, 1250377, 1250235, 1250360, 1250236, 1250048, 1250237, 1250016, 1250238, 1250108, 1250239, 7979, 1250240, 1250096, 1250097, 1250297, 1250063, 1250298, 3783, 1220267, 1220268, 1220363, 1220012, 1220269, 1220270, 1221018, 1220271, 1220317, 1220272, 4016798, 1220274, 1220275, 1220216, 4002980, 1220359, 244, 1220049, 5513, 235, 1220196, 4821, 1210016, 4828, 1210096, 4829, 5926, 7624, 1210203, 7623, 1210204, 1210308, 7622, 5247, 1210291, 5248, 5244, 4266, 4102, 1210185, 4177, 4093, 4094, 1210004, 4095, 4096, 4098, 4814, 5502, 5501, 4800, 4813]",6821,Commute
1287,"[1380948, 1381002, 1380496, 1381631, 1380495, 1380084, 4839, 4841, 1381017, 4844, 4848, 4847, 1380484, 1381104, 7901, 7902, 4009270, 1175, 1381630, 4125, 1380748, 1624134, 1380423, 1380750, 1260070, 1260069, 4870, 4871, 1260035, 4872, 4873, 4457, 4462, 4464, 4463, 4459, 4460, 1260550, 4461, 4606, 1260244, 4601, 4603, 1260207, 1260420, 1260060, 4604, 4605, 4008720, 1604450, 7231, 1260566, 7232, 1260853, 7233, 1260839, 7234, 7230, 7235, 1260120, 1260436, 7236, 5070, 5071, 1600963, 5068, 5069, 1600957, 7241, 1601162, 7238, 1601164, 7240, 7239, 7237, 1601156, 1601153, 7243, 1601150, 7242, 1601167, 1262, 4268, 7244, 7247, 1604275, 7248, 1604276, 7245, 4013437, 4013735, 5073, 5074, 5077, 1330325]",6219,Autres
1288,"[1140309, 6142, 1140370, 6143, 1140112, 6144, 1140331, 6145, 1140299, 6179, 7191, 7190, 1150004, 7189, 6129, 5000, 1150199, 4999, 236, 4014882, 4014883, 4014885, 231, 4014879, 4014878, 1, 7181, 6109, 6110, 1230416, 1625599, 6111, 6108, 1230260, 7180, 1230497, 1230544, 4987, 6102, 1230190, 6098, 1230345, 1220052, 1230346, 1220118, 1230347, 1230348, 1221010, 1230349, 1220150, 1230350, 1220208, 1210250, 1210020, 1210251, 1210252, 5928, 1210253, 1210217]",4382,Courses
1289,"[1260296, 1614651, 1623980, 4017148, 1370839, 4017150, 4017146, 1370096, 4017358, 4017686, 4017685, 1370777, 1370778, 4010714, 1370779, 1370724, 1370101, 1370722, 1371248, 1371249, 1370597, 4017821, 4017822, 1370930, 1789, 1371251, 1371089, 1371252, 1370965, 1371253, 1370964, 1370109, 4015717, 224, 654, 4015716, 849, 223, 653, 222, 917, 1625256, 1371110, 4627, 1370046, 4626, 1370628, 1370174, 4625, 1370209, 4623, 7268, 6208, 4010723, 4015763, 4015762, 1370615, 1370637, 1370614, 1370957, 1370190, 1600431, 1600123, 1600428, 1370146, 1370145, 4017324, 4017326, 4017325, 4016119, 4016105, 4016115, 4006107, 4015027, 5089, 5357, 4282, 4007124, 4007127, 1609, 1332, 4017050, 4017051, 4016500, 4016501, 4016112, 4014057, 4016103, 4012987, 1309, 1370884, 1082, 461, 21, 4012398, 4012397, 1609859, 478, 20, 1609864]",6169,Domicile-travail
12908,"[1120025, 1120116, 1120024, 1120117, 1120269, 1120023, 1120022, 1120021, 1120020, 6159, 1120027, 1120255, 4003244, 4003241, 1120038, 1120064, 1120175, 1140122, 1140263, 1140121, 1140120, 1140385, 1140118, 1140028, 1140117, 4014549, 4014550, 4014551, 1240426, 4014489, 4014552, 1241002, 1538, 1240369, 7951, 6165, 1240379, 6164, 6163, 1240125, 6162, 6161, 1240216, 5027, 1240337, 1240439, 5026, 6167, 7198, 5029, 1240252, 5031, 1250175, 5030, 5016, 4251, 3747, 4250, 4249, 4248, 4247, 1250246, 1250404, 4882, 4012232, 4869, 4016797, 6959, 4142, 6987, 6986, 1250218, 6988, 4456, 4139, 4140, 4866, 4141, 1250158, 7625, 5258, 1260731, 4458, 1260595, 4457, 4462, 1260464, 1614644, 4463, 1260450, 4459, 1260472, 4460, 1260550, 4461, 1260877, 4606, 1260244, 4601, 4017031, 4603, 1260207, 1260420, 4604, 1260059]",8408,École
1292,"[1260732, 1260733, 1260734, 1614660, 1260735, 1260737, 1260472, 1260738, 1260550, 1260553, 1625072, 1260558, 1260578, 1260579, 1444, 310, 722, 1445, 1446]",2487,Travail
1294,"[5572, 5566, 5565, 1030160, 1030418, 1030584, 5564, 1030538, 5562, 1030539, 1030061, 5561, 1030512, 5560, 5570, 1030242, 1030410, 1030290, 5567, 1030628, 5569, 5568, 5558, 6524, 1050087, 6523, 1050344, 6522, 4015995, 4015996, 4015994, 4512, 6049, 4513, 1040030, 4514, 1040221, 4515, 1040393, 4516, 1040090, 4517, 1040529, 1040578, 6626, 4003276, 6625, 1172, 4003272, 4003275, 6630, 1040062, 6631, 6633, 1040018, 6632, 6629, 4003321, 6635, 6628, 306, 959, 305, 716, 1437, 1048, 308, 719, 307, 718, 960, 717, 1328, 1166, 1070028, 4920, 1070055, 4015740, 4015741, 4016549, 4016548, 1060270, 5297, 5298, 5296, 5299, 5301, 5304, 1060139, 5302, 5300, 5555, 5554, 4012793, 4012792, 4012791, 5544, 1060284, 5553, 5552, 5551, 5550, 1060382, 5549, 1060128, 5548, 1060372, 5547, 1060244, 4015997, 4015999, 4016002, 4016005, 4015998, 620, 4930, 4929, 4928, 4927, 1050111, 4926, 1050233, 4931, 5056, 5055, 1050127, 4925, 1050073, 4924, 4923, 1050260, 4922, 1050261, 4921, 1050041, 4933, 188, 1675, 1676, 7114, 7113, 6514, 1050079, 6513, 4014011, 4016008, 4016010, 4016009, 6516, 1050396, 6515, 1030498, 7116, 1030194, 7115, 1209, 6525, 1030586, 6526, 6527, 6528, 1030559, 6529, 5571, 5573, 1030257, 5574, 1030606]",16089,Sport
1295,"[4003648, 4009870, 1180278, 1180109, 1180277, 1180271, 1180314, 4005058, 4005045, 4005046, 4005051, 1181042, 1180519, 1180250, 1180249, 1180421, 1180099, 1180419, 1180098, 1180321, 1180097, 7867, 1180096, 1180408, 1180095, 1180094, 5313, 1180093, 4521, 1170090, 1170284, 1170089, 1170279, 1170088, 1170274, 1170087, 2648, 1170086, 2645, 1170085, 1170259, 1170084, 1170254, 1170083, 4017602, 4003088, 4017601, 1170082, 1170079, 3009, 1170078, 1170077, 1170074, 7168, 5318, 1170073, 7883, 7891, 1170071, 1170178, 1170070, 1170145, 1200026, 1200405, 1200025, 2279, 1200024, 1200023, 2608, 1200022, 1200368, 1200021, 1200353, 1200020, 1200019, 1200344, 1200018, 1200017, 1160253, 1160075, 1160074, 2628, 1160073, 1160072, 1160204, 1160071, 1160070, 1160069, 5327, 6137, 6136, 6135, 6125, 6134, 6133, 1150090, 6132, 1150173, 6131, 1150191, 6130, 1150099, 6129, 5000, 5642, 5641, 1140328, 5640, 1140110, 5639, 1140366, 5638, 1140306, 5637, 5636, 4015044, 5635, 5634, 4015040, 5633, 5632, 5660, 4012173, 1667, 4016041, 4016040, 234, 4016042, 1240426, 4014488, 4014490, 6180, 4012171, 5024, 6160, 7949]",7204,Domicile-travail
1297,"[4011545, 1030155, 1623816, 4011544, 1030038, 1030431, 1030297, 1030532, 1030296, 1030054, 1030295, 1030504, 1040295, 4958, 4957, 4956, 5309, 1040250, 1040548, 5308, 6054, 4010961, 1110382, 6055, 4009689, 5007, 1110338, 5008, 1110236, 5006, 1110267, 5013, 1120119, 5012, 1120271, 5011, 1120091, 5010, 5009, 1120130, 1120162, 1140196, 1141101, 1140195, 1140240, 1140194, 1140193, 1140049, 1140192, 1140191, 1140190, 1140017, 1140189, 5636, 4015044, 1141107, 4015047, 1140424, 4015046, 1140086, 660, 1141104, 4008173, 4008174, 4014902, 4014903, 4014897, 4014895, 1140088, 1140089, 4014884, 4014885, 4014881, 1150055, 231, 4014857, 1045, 821, 4014868, 4014866, 230, 659, 1044, 1160595, 4015970, 4015969, 4015960, 4015959, 4015968, 4986, 4984, 6086, 6085, 1732, 4584, 4585, 4586, 4588, 4011784, 4530, 4237, 1200039, 4012712, 4012713, 1625497, 1625740, 1625591, 4816, 4812, 4813, 1200260]",9622,Domicile-travail
12970,"[4269, 4275, 1360648, 1360178, 1360099, 1360593, 1600243, 1360271, 1360097, 1624962, 1360096, 1360200, 1360095, 1360525, 1360094, 1360617, 1360248, 4006066, 4006063, 4006065, 850, 7903, 648, 219, 1041, 7, 7995, 6217, 5091, 6216, 6215, 1370751, 6214, 4016099, 4016100, 4016102, 4016101, 4279, 4281, 4280, 5094, 5095, 1601195, 5359, 1193, 5358, 1601235, 5357, 4011766, 4282, 4007124, 4007127, 1609, 1285, 79, 528, 80, 529, 81, 878, 82, 1274, 1869, 1874, 1873, 530, 1875, 1135, 1876, 531, 83, 532, 1031, 1116, 1117, 1164, 1601665, 1601690, 272, 879, 1601713, 533, 84, 1601710, 534, 85, 1601712, 535, 86, 1601735, 536, 87, 880, 88, 537, 4008809, 1601836, 89, 538, 90, 881, 1426, 1423, 1424, 1606572, 1422, 1421, 1419, 1420, 1418, 1606553, 1606529, 1606552, 1606426, 1606363, 1606427, 1606362, 1606360, 541, 1606358, 1606356, 542, 1606353, 4008967, 871, 95, 870, 1320, 1606280, 1606279, 1606278, 1632, 544, 96, 5408, 1605681, 4014283, 4014284, 4014285, 4014287, 4014286, 5406, 5405, 4014281, 4014282, 4014280, 5409, 5411, 5410, 4395, 1257, 1256, 4005192, 4005191, 1605247, 1605245, 1605242, 98, 1255]",15771,other
1298,"[1150094, 1150160, 1150022, 1150159, 4995, 1150136, 4996, 1150128, 4997, 1150168, 4998, 4989, 1160127, 4988, 1160137, 6121, 1160095, 4218, 4219, 1160207, 4220, 1160311, 4221, 2625, 4222, 1160304, 4223, 4224, 1160355, 4225, 1160470, 4226, 1160481, 4227, 4228, 1160532, 4229, 1160547, 4230, 1160558, 4231, 1170147, 4232, 4233, 1170190, 4234, 1170198, 4235, 1170206, 4236, 6081, 7157, 7158, 1170235, 7159, 1080544, 7160, 1080552, 7161, 4017590, 4017588, 4213, 1170256, 4206, 1170261, 4207, 1170266, 4208, 1170271, 4209, 1170276, 4210, 1170281, 4211, 1170286, 4212, 4522, 4521, 4523, 1180241, 4524, 1181010, 1180529, 930, 670, 1383, 1180528, 1464, 249, 842, 4015050, 4015051]",6901,Social
1299,"[5321, 6107, 6103, 1230184, 1230245, 5320, 1230089, 1230088, 1230498, 7180, 3808, 1231017, 4987, 1230212, 6102, 6098, 1230345, 5931, 4830, 1220036, 244, 5243, 937, 1220360, 1020, 1220213, 4840, 4838, 1220155, 1220305, 4837, 1220316, 1220029, 4836, 1220339, 1380882, 1381070, 1381069, 1381068, 1381631, 1380495, 1381065, 1381064, 1381221]",6225,Social
1300,"[1420434, 1410449, 1410519, 1410082, 1410518, 1410517, 1410516, 1410515, 1410514, 4006852, 600, 154, 599, 1410666, 4009905, 153, 598, 1410304, 152, 597, 1410463, 151, 596, 1410085, 907, 150, 4788, 595, 1410700, 1410216, 1410301, 149, 1292, 1410043, 4009773, 4006876, 192, 912, 627, 1311, 1390300, 628, 195, 629, 196, 1187, 1390521, 1188, 1773, 1625386, 1625387, 5932, 4017100, 914, 6948, 5933, 4834, 1390594, 4842, 6955, 1381608, 6954, 1381604, 1381603, 6953, 1381430, 6952, 1380806, 4002966, 1380805, 1380804, 1380803, 1380802, 1380669, 1380801, 1381320, 1380800, 4002961, 1380799, 4002960, 1380798, 4002959, 1380797, 4002958, 1380796, 1380794, 1380793, 1380792, 1381063, 5521, 5534, 1380791, 1380790, 1380786, 1381402, 5052, 1381013, 1380785, 4002953, 1380784, 1380783, 1380782, 1380780, 1381036, 1380779, 4002949, 1380810, 1380812]",6587,Work-related
13005,"[4002904, 1261037, 1260954, 1261046, 4002908, 1260652, 1624139, 1260097, 1260956, 1260957, 1260958, 4873, 4457, 1260594, 4458, 1260731, 5258, 7625, 4141, 4866, 6992, 1250085, 6991, 4880, 1250218, 4879, 4878, 1624383, 1250424, 1250247, 1250010, 1250246, 1250404, 1250245, 1250244, 1250037, 1250243, 1250377, 1250235, 1250360, 1250361, 1250362, 1250363, 1250068, 1250364, 5332, 1625078, 1250276, 1250053, 5333, 1250021, 5334, 5335, 7984, 1250169, 1250170, 1250065, 1250171, 4017391, 4017393, 4017392, 1220168, 1220259, 1230017, 1230402, 1230199, 1230200, 1231000, 1230403, 1230552, 4003142, 1230489, 1230404, 7182, 7183, 7184, 7185, 1230434, 7186, 7187, 7188, 5630, 1230260, 5319, 1230089, 5320, 5321, 6107, 6103, 6104, 1230300, 1230301, 1230472, 1230377, 1230303, 1230074, 1230304, 4238, 6097, 6090, 1230283, 6089, 4015966, 4015967, 4015968, 6084, 4986, 4011683, 4984, 6085, 4584, 1732, 7730, 1200226, 1200227, 1200348, 1200228, 1200357, 1200229, 1200363, 1200230, 1200231, 1200381, 1200232, 1200385, 1200233, 1200234, 1200235, 1190105, 1190106, 1190107, 1190085, 1190040, 1190086, 1190041, 7886, 1190283, 1190282, 1190256, 1190281, 1190280, 1170123, 4003103, 1170124, 1170232, 1170234, 1170077, 3008, 3007, 7160, 1080544, 1080032, 1080545, 1080016, 1080547, 1080548]",10962,Domicile-travail
13010,"[1240316, 1240374, 1240377, 5023, 1240378, 1240379, 1240415, 1240380, 1240381, 7954, 1240382, 4009067, 1240383, 1240182, 1604029, 1604076, 1604040, 1604041, 1604039, 7208, 4550, 6174, 1604036, 1604044, 6173, 1604046, 6171, 7207, 6564, 4003260, 1603997, 1604333, 6563, 7200, 1604340, 1603995, 1603994, 1604024, 1603993, 1604014, 1603992, 1604023, 4012717, 1604021, 1604020, 1604019, 1604156, 1604157, 1604158, 1604185, 1604160, 1604183, 1604161, 1280143, 1600354, 1280272, 1280277, 1280104, 1280278, 1280279, 1280203, 1600084, 1600087, 1600091, 1600090, 1600094, 1600098, 1290276, 4009036, 4009038, 4009039, 1600103, 1290108, 1291132, 1291133, 1290350, 1290044, 1290349, 1290134, 1270206, 1270120, 1270204]",5590,Commute
1304,"[4012069, 7852, 4008551, 4839, 1380084, 1381217, 6956, 1380441, 6958, 1381402, 5052, 5054, 4843, 4846, 4854, 4017450, 4017760, 4017761, 4861, 5256, 5255, 1381633, 4014669, 4014012, 4014670, 4014671, 4016645, 5934, 1608943, 6957, 6965, 1625247, 1624098, 1624100, 1624103, 1624105, 1380217, 1380218, 1625250, 1380219, 1381437, 1625251, 1380220, 5057, 4590, 4591, 4592, 4593, 243, 667, 4014975, 3803, 5346, 1370518, 5343, 1370756, 4014692, 4014693, 4014697, 4014691, 4014699, 4014690, 1625781, 1370995, 1174, 1326, 666, 4012048, 4015723, 935, 240, 663, 242, 933, 237, 934, 1043, 7262, 227, 656, 1625745, 4015716, 223, 653, 917, 222, 652, 927, 221, 651, 220, 650, 926, 219, 649, 4014213, 1324, 1331, 647, 919, 217, 1350614, 646, 216, 645, 215, 644, 214, 1350637, 638, 1350033, 207, 763, 1280, 922, 206, 637, 205, 636, 921, 635, 1091, 920, 203, 634, 202, 1129, 1021, 200, 501, 868, 7650, 1513, 1165, 4001099, 4001095, 51, 4014288, 500, 4014291, 50, 1272, 49, 499, 48, 867, 1605551, 545, 4013990, 546, 98, 1605242, 1256, 1605249, 1605257, 4395, 1257, 1605578, 97, 5410, 5411, 5409, 4014280, 4014282, 4014281, 5405, 1605635, 5406, 1605636, 4014286, 4014287, 4014285, 4014284, 4009404, 4014283, 1605681, 5408, 96, 544, 1320, 95, 871, 543, 94, 542, 93, 1606360, 541, 92, 1606362, 1606363, 1606426, 1606552, 1606529, 1606553, 1418, 1420, 1419, 1421, 1606554, 1606572, 1424, 1423, 1426, 881, 90, 538, 89, 537, 1601836, 4008809, 4008807, 87, 536, 86, 535, 85, 534, 84, 533, 879, 272, 1164, 1117, 1116, 1329, 1868, 1876, 1135, 530, 1274, 1873, 1869, 82, 878, 81, 529, 80, 528, 79, 1285, 4007127, 4007124, 4282, 4011766, 5089, 4015027, 4006107, 4016119, 4017325, 4017326, 4017324, 5086, 1370118, 5085, 1370186, 5088, 5084, 1370610, 5087, 7265, 4622, 1371220, 1600508, 4621, 4619, 1600446, 4618, 1600444, 4617, 1371144, 4616, 1370465, 4015768, 4015769, 4015767, 6659, 6658, 6657, 7263, 1370580, 7259, 1370169, 7260, 1370920, 7261, 1600241, 1313, 241, 936, 668, 245, 4014698, 4014696, 913, 1296, 246, 4014973, 669, 4014974, 1370997, 1381643, 1381385, 1380345, 1381438, 1381142, 1381439, 1381115, 1380356, 5053, 1380069, 1380786, 5254, 7851, 7850, 5252, 5253, 4011697, 4011698, 1381442, 4014910, 4014911, 1380879, 4014907, 1220365, 1221003, 1221004, 1220062, 1220367, 1220363]",36678,Sport
1306,"[4015051, 4015050, 842, 249, 1464, 670, 1180528, 1180243, 5314, 5311, 5312, 1180093, 5313, 1180025, 5315, 5316, 5310, 1180383, 4212, 1170286, 4211, 1170281, 4210, 1170276, 4209, 1170271, 4208, 2644, 4207, 1170260, 4206, 1170255, 4213, 4017588, 4214, 4017590, 7161, 1080552, 7160, 1080544, 7159, 1080534, 7158, 7157, 6081, 4236, 4235, 1170198, 4234, 1170190, 4233, 4232, 4231, 4230, 4229, 4228, 1160514, 4227, 1160481, 4226, 1160470, 4225, 1160355, 4224, 4223, 1160304, 4222, 2625, 4221, 1160311, 4220, 1160207, 4219, 4218, 1160095, 6121, 1160137, 4988, 4989, 4998, 1150168, 4997, 1150128, 4996, 4995, 1150159, 1150021, 1150160, 1100168, 1100056, 1150094]",6924,Social
13067,"[7168, 1190282, 6076, 7887, 6075, 1190111, 7165, 4975, 4215, 1190207, 1190306, 7166, 1190125, 7164, 1190126, 1190053, 7163, 7162, 4810, 6927, 1400487, 6928, 6923, 4787, 1400284, 4798, 1400039, 4797]",2866,Social
1308,"[1110073, 1110329, 1110071, 1110402, 1110070, 1110274, 1120056, 1120233, 1120055, 1120209, 1120054, 1120126, 1120249, 1120127, 1120215, 1120128, 5002, 5003, 1120281, 5001, 5004, 1120172, 7192, 6151, 1150102, 6152, 7880, 2302, 1150020, 1150094, 1150021, 1150159, 1150022, 1150023, 1150128, 1150024, 1150025, 1160368, 1100009, 1160127, 1100010, 1160137, 4988, 5329, 1160015, 5328, 5327, 1160380, 6122, 1160102, 1160103, 1160104, 1160287, 1160288, 1160105]",4982,Social
13095,"[1360499, 1360417, 1360498, 1360239, 1360497, 1360461, 1360435, 1360459, 1608911, 1360458, 1600682, 1360457, 1360456, 1600412, 1360454, 1600413, 1360453, 1360452, 1360451, 1600404, 1360450, 1360449, 1600406, 1360448, 1600407, 1360447, 1600408, 1360446, 4002878, 1360445, 1360443, 1360582, 4008071, 1600401, 1371078, 1371077, 1371076, 1371074, 1371073, 1370923, 1371072, 1370601, 1371071, 1371070, 1371069, 1624284, 1371067, 1371553, 1371065, 4017145, 1370096, 4017146, 1370839, 1371062, 1370164, 1371061, 1371060, 1371059, 4007667, 4007177, 4014945, 4014946, 4014944, 4002900, 1371338, 1371428, 4002901, 1260817, 1371165, 6982, 4131, 6977, 4130, 4015028, 4134, 4133, 1260061, 4132, 1380415, 4136, 4135, 6980, 4006980, 6968, 1381099, 6966, 6967, 4014648, 1380964, 4858, 4859, 4860, 4861, 1380969, 4014672, 1381061, 4017760, 1381062, 1381063, 5521, 5522, 4002957, 1380796, 5523, 4002958, 5524, 5525, 5526, 5528, 1381412, 5529, 5530, 5531, 6952, 6953, 4002967, 6954, 6955, 4842, 1390720, 1390594, 4834, 5933, 6948, 5932, 914, 4017100, 1625387, 1625386, 1188, 1390521, 1390675, 1390523, 1390524, 1390397, 1390525, 1390356, 1390527, 1390077, 1390528, 1390474, 1390529, 1390332, 1390530, 1390602, 1390531]",8552,Domicile-travail
13099,"[7280, 1601502, 4012819, 4012818, 1870, 1274, 530, 1135, 531, 83, 532, 1117, 1164, 879, 272, 1869, 82]",7083,Sport
131,"[1030194, 1030517, 1030205, 1030206, 6525, 1030586, 6526, 6527, 6528, 1030559, 6529, 1030286, 6530, 6531, 1031000, 6533, 6532, 7117, 1030219, 4011713, 4011712, 1624767, 1624764, 1030228, 1030231, 1211, 1212, 1020346, 1020347, 1020348, 1020807, 1020350, 1020351, 1624005, 1020352, 1020353, 1020354, 1020355, 1020356, 6543, 7131, 7120, 1021127, 7121, 1020875, 7122, 1020362, 4015737, 4015739, 4016825, 4010889, 4015738, 7125, 7127, 1011047, 1010234, 7128, 6546, 6545, 1010623, 6544, 6548, 1010179, 6547, 6549, 4961, 1609497, 4962, 1609498, 4960, 4963, 4964, 1015, 4966, 4965, 4967, 6064, 4968, 6702, 4017791, 6701, 3982, 3981, 5597, 4017346, 4017345, 5775, 6070, 6290, 1608276, 6292, 6293, 6291, 6294, 6295, 6301, 1608246, 6300, 1608239, 1608237, 1608235, 1608229]",9495,Domicile-travail
1310,"[1160105, 1160288, 1160382, 1160091, 1160381, 5327, 1160069, 5328, 1160016, 5329, 4988, 1160127, 4989, 1160368, 4998, 1150168, 4997, 1150128, 4996, 1150136, 4995, 1150158, 4994, 1150092, 4993, 1150174, 4992, 4991, 1150102, 4990, 7191, 6151, 7192, 1120172, 5004, 1120085, 5001, 1120281, 5003, 1120208, 5002, 1120016, 4009752, 4009753, 1110042, 1110043, 1110361, 1110406, 1110044, 1110207, 1110045, 1110046, 1110332, 1110331, 1110518, 1110519, 1110520, 1110346, 1110072, 1110073]",4768,Social
13100,"[4014885, 467, 232, 4014895, 4014897, 660, 4008173, 1141104, 4014887, 4014889, 233, 661, 4014424, 4014422, 234, 4016043, 4016040, 1667, 1880, 1325, 4014550, 4014549, 1140029]",1964,School
1311,"[1380057, 1380328, 1380059, 1380648, 1380060, 1380893, 1220068, 937, 244, 1623799, 1220049, 4826, 5512, 4827, 1220115, 4822, 1220097, 4824, 1220090, 1220244, 1220145, 6484, 1220203, 6485, 6486, 6487, 5927, 5246, 4012306, 4012307, 1210308, 7971, 5247, 1210292, 5248, 1210242, 5244, 4100, 4266, 1210034, 4102, 4177, 1210118, 4093, 1210136, 4094, 4095, 1210180, 4096, 4098, 4814, 5502, 5501, 4180, 4800, 4815, 1625591, 4816, 4812, 4813, 1200260, 4006017, 4802, 4803, 1614632, 1190215, 4807, 4808, 4809, 1190079, 4810, 4449, 4450, 1190014, 4451, 1190136, 4012748, 1190028, 1190162, 1190070, 1190200, 4012746, 4012745, 4012747, 658, 229, 4015049, 842, 249, 1382, 670, 1463, 1180528, 1383, 1180529, 1464, 4015050, 4015053, 4015051, 4017904, 5492, 4782, 5614, 4779, 4781, 4012484, 4778, 4780, 814, 1410453, 4771, 6894, 6901, 7067, 6900, 1410345, 6893, 1410059, 6892, 1410518, 6891, 1410235, 6908, 6906, 6907, 1410308, 6912, 6911, 6916, 6915, 6919, 4090, 1400328, 1400212, 4089, 1400278, 4087, 4006854, 4092, 4006855, 4091, 4006856, 1625153, 1400163, 1625347, 1625147, 1625152, 1625149, 1625150, 1400193, 1400003, 1410245, 1410244, 1410509, 1410243, 1410559, 1410558, 1410355, 1410557, 1410044, 1410556, 1410411, 4006872, 4009991, 4009992, 4006873, 4006089, 1390681, 5503, 1390680, 1390402, 1390212, 1390401, 1390400, 1390575, 1390399, 1390159, 1390398, 6931, 1390397, 1390524, 1390396, 1390323, 1390395, 1390370, 1390393, 4017100, 914, 6951, 1390392, 1390391, 1390507, 1380510, 1380166, 1380509, 1380005, 1380508, 1380731, 1380507, 1380673, 1380506, 1380505, 1381323, 1380504, 1380056, 1380055]",15817,Exercise
13112,"[1622141, 1622137, 1622131, 1622111, 1622120, 1622121, 1622088, 1622130, 4012917, 4012918, 1622100, 1622101, 1622090, 6768, 4331, 6767, 7372, 7374, 7373, 4014047, 4014048, 5173, 5172, 5171, 4004608, 4009259, 4009260, 4009261, 4004856, 1609572, 1609574, 7370, 1609575, 7368, 7367, 7366, 7365, 4006536, 7363, 948, 1315, 280, 707, 958, 300, 713, 301, 1234, 4015828, 4015838, 302, 714, 303, 706, 1100, 715, 304, 848, 1010327, 4015853, 4015848, 4015843, 1232, 700, 699, 1316, 4005864, 956, 1327, 951, 282, 283, 693, 281, 1130, 692, 1139, 574, 128, 1621972, 573, 127, 898, 1621969, 572, 1621924, 1621391, 4383, 4382, 4381, 4006086, 4002039, 1621404, 1621405, 1621371, 4002037, 1621381, 4384, 4385, 4386, 4709, 1621444, 7519, 7518, 4013391, 4013388, 4013390, 4013389, 1621527, 7517, 7516, 1621524, 4697, 4390, 4696, 4695, 1621507, 4700, 4701, 4699, 4698, 4694, 4389, 4388, 4387, 5181, 1621123, 5180, 4012913, 4006216, 5182, 5428, 4006211, 4006207, 4010533, 4010534, 4017364, 4017363, 1621738, 4651, 1621736, 6782, 6783, 1622180, 1622177, 1622186, 4002129, 1622178, 4660, 4004785, 4006885, 4006887, 4004786, 1235, 4332, 1622174, 1622165, 1622164, 7376, 7378, 1622173, 4333, 1622147, 4001492, 4001794, 4001795, 4001489, 4001801, 4001799, 4001372, 4001369, 4001368, 1622123, 4001998, 1622098, 1622136]",20640,Autres
1312,"[4299, 1601412, 4298, 4297, 1601424, 4296, 4295, 4292, 4294, 4293, 4287, 4286, 1601315, 4285, 1601217, 4290, 1601203, 4289, 1601173, 4288, 4012540, 5093, 4280, 4281, 4279, 4016101, 4016102, 4016100, 4016099, 4016098, 6214, 6215, 7272, 6216, 5091, 6217, 7995, 7, 1371503, 1371114, 1041, 926, 220, 4015718, 651, 221, 927, 652, 222, 653, 223, 4015716, 1625745, 656, 227, 1043, 934, 662, 4015723, 933, 242, 663, 240, 935, 4012048, 1371302, 666, 1326, 1174, 1370995, 1370834, 1625781, 4014690, 4014691, 4014693, 4014692, 1370756, 5343, 5346, 3803, 667, 4014975, 4014974, 243, 4593, 4592, 4591, 1370634, 4590, 1370997, 5057, 1380532, 1371273, 7223, 1371185, 7224, 1371228, 7225, 7226, 1371119, 7227, 7228, 1371096, 6974, 6975, 1380613, 1381266, 1380612, 1380611, 1381166, 1380610, 1380609, 1380608, 1381089]",7391,other
1313,"[1300373, 1300325, 1300374, 1300411, 1300375, 1300164, 4015317, 4015332, 1600520, 1624377, 1600519, 1624378, 5685, 1624379, 5684, 1600204, 5682, 1300512, 1310074, 1310135, 5681, 4613, 4612, 1310230, 1310280, 1310231, 1310215, 1310232, 1310285, 1310233, 1310185, 1310234, 1310394, 1600532, 1310221, 1310236, 1310124, 1310237, 1310305, 1310239, 1600534, 1310241, 1600536, 1310242, 1600537, 1310243, 5694, 1310244, 1310199, 1310245, 1310210, 1310246, 1600158, 1310247, 1310021, 1310248, 1310044, 1310249, 1320248, 1310250, 1320378, 1320215, 1320223, 1320216, 1320177, 1320217, 1320272, 1320218, 1320197, 1320219, 1320204, 1320220, 1320081, 1320296, 1320002, 4009367, 4009366, 1320388, 1320298, 1320397, 1320299, 1320242, 1320301, 1320302, 1320144, 7296, 7295, 7294, 7297, 1320140, 1320139, 1320369, 1320345]",4723,Travail
13145,"[5043, 1270229, 1270132, 1270228, 1600032, 5045, 1270140, 1270226, 1270178, 5042, 5041, 1600037, 5039, 5040, 1624231, 1624239, 1600049, 1600054, 1600356, 1280079, 1600353, 1280077, 1600354, 1280076, 1623886, 1623885, 1604178, 1280071, 1604179, 1604181, 1604168, 1604186, 4009010, 3919, 4569, 4556, 1604064, 4554, 4553, 4552, 4562, 4555, 4007452, 4567, 4565, 4000944, 4566, 4568, 4557, 4559, 4558, 1604095, 4564, 4009014, 1604123, 1604090, 1604087, 1604088, 1604080, 1604079, 4016914, 1240219, 1240218, 1240267, 1240217, 1240216, 5027, 7197, 6168, 5021, 1240123, 5022, 1240377, 5023, 7949, 1240351, 7947, 1240353, 4014494, 1240354, 4014490, 4014488, 5661, 4016042, 234, 4016040, 4016041, 5660, 1140314, 5632, 5633, 5634, 5635, 1140189, 5636, 5637, 5638, 1140366, 5639, 5640, 1140328, 5641, 5642, 7189, 6129]",8127,Social
13146,"[4004151, 1490852, 4004166, 1490510, 1490202, 1490201, 1491208, 1491201, 1491152, 1490891, 1490200, 1490405, 1490816, 1624484, 1490890, 1490818, 1490358, 1490819, 1490874, 1490820, 1490821, 4016137, 4016134, 4016129, 1490374, 1490823, 1490825, 1490366, 1490464, 4010170, 4016733, 4010171, 4010097, 4010103, 4010102, 1624557, 4015209, 4015210, 4015212, 4015211, 1624559, 1624577, 1481283, 1624578, 1481273, 1624579, 1624641, 1480890, 1624638, 1481253, 1624637, 1481237, 1624636, 1481223, 1624635, 1481209, 1624633, 1608648, 1624631, 1624623, 1624622, 1624621, 1624649, 1624645, 1624617, 4009200, 4009199, 1624612, 1624611, 1624608, 4004050, 1624603, 1470700, 1624602, 1470067, 1470763, 1624599, 1470380, 1624598, 1470843, 1624595, 1624594, 1624591, 1470432, 1624590, 1470641, 1625484, 4010904, 1625508, 4016024, 4016011, 4010935, 4010905, 4010939, 4010906, 1624588, 1379, 1470260, 4014640, 4014642, 135, 581, 4014641, 4001316, 4001313, 580, 134, 1278, 1611371, 4013107, 4009180, 4009179, 4009185, 4009184, 1611355, 4009192, 4009191, 4009196, 1611095, 1611098, 1611101, 1611042, 1611044, 1611050, 1611053, 1610953, 4009209, 1610952, 1610867, 1610871, 5293, 1610894, 1610897, 1610892, 1610903, 1610893, 1610905, 1610672, 1610673, 1610652, 1610677, 1610653, 1610683, 1610654, 1610687, 1610656, 1610690, 1610659, 1610695, 1610661, 1610699, 1610663, 1610527, 1610530, 1610531, 1610616, 1610544, 1610632, 1610511, 1610241, 1610536, 1610243, 1610489, 1610244, 1610202, 1610484, 4007555, 4011429, 4007554, 1610193, 4012222, 4012221, 4012228, 4012950, 4012951, 4012949, 1610171, 1610174, 4189, 1610177, 1610181, 1609922, 1610183, 1609925, 1610185, 1609928, 1610002, 1609931, 6028, 1609934, 1610004, 1609937, 1610005, 4000293, 4000619, 1610006, 1609946, 1610007, 1609950, 1610008, 1609953, 1610009, 1609958, 1609960, 1609962, 1609965, 1609972, 1609976, 1609987, 1609989, 1609993, 1609995, 1609994, 1060152, 1060175, 1060151, 1060150, 1060007, 1060149, 1060398, 1060148, 1060254, 1060146, 1060326, 1060145, 1060005, 1060144, 4006972, 1061116, 1060415, 1060416, 5302, 1060139, 1060138, 1060225, 1060137, 1060136, 1060282, 1060135, 1060214, 1060134, 1060381, 1060133, 1060127, 1060132, 1060372, 1060131, 1060244, 4016000, 4016003, 1050215, 1050232, 1050214, 1050218, 1050213, 1050111, 1050212, 1050233, 1050211, 1050434, 1050210, 1050127, 1050209, 1050073, 1050208, 1050189, 1050207, 1050259, 1050206, 6036, 4007001, 1050341, 1050204, 1050036, 1050202, 1050201, 1050148, 1050200, 1050404, 1050199, 1050286, 1050198, 1050423, 1050462, 1050469, 1050468, 1050463, 4011498, 1050464, 6519, 1050465, 6045, 1050466, 1030497, 1030249, 1030006, 1030248, 1030292, 1030247, 1030244, 1030622, 1030246, 4012715, 4012716, 1030252, 1030064, 1030253, 1030540, 1030254, 1030585, 1030255, 1030161, 1030256, 1030377, 1030257, 5573, 5571, 6528, 1030559, 6529, 1030286, 6530, 6531, 1031000, 6533, 6532, 7117, 1210, 911, 187, 1211, 1035, 130, 1084]",22530,Exercise
13152,"[4008598, 4008603, 4008604, 1460343, 4003969, 1460447, 1460061, 1460410, 1460060, 1460199, 1460059, 1460377, 1460058, 1460057, 1460056, 1460359, 1460148, 1460088, 1460147, 1460228, 1460146, 1460145, 4041, 4040, 4039, 1460021, 4005125, 4005126, 608, 164, 1460381, 6857, 6859, 6858, 163, 607, 4049, 4045, 4044, 4043, 1450042, 1450424, 1614625, 1487, 1132, 4050, 4048, 4047, 4046, 4013113, 4013112, 4013488, 4013116, 4013115, 4053, 4052, 4009950, 4060, 4009948, 5236, 1604491, 5235, 5234, 5233, 5239, 5238, 5237, 1440435, 5241, 1440719, 4009896, 6884, 6883, 4011958, 6882, 6881, 4011965, 4017916, 6879, 6874, 6878, 6877, 4009846, 6876, 6875, 4072, 4071, 1441010, 4009832, 4069, 4443, 4009827, 4444, 4007365, 4445, 1293, 4015926, 4015927, 4015925, 604, 1625186, 1625336, 159, 4009814, 1410405, 4009811, 603, 158, 4012578, 602, 4009808, 157, 900, 1410381, 133, 579, 156, 601, 155, 600, 154, 1410666, 153, 598, 152, 1410463, 597, 151, 596, 1410085, 907, 1410646, 1410364, 1410051, 1410644, 150, 4788, 4009778, 1410387, 4009776, 1292, 1410043, 4009773, 4006876, 192, 912, 627, 1390447, 1390207, 1390446, 1390300, 4009295, 4009294, 1390727, 4007893, 1625386, 1625387, 5932, 4017100, 6948, 5933, 1390594, 4002967, 4002970, 1380806, 4002966, 1380805, 4002965, 1380804, 1380803, 1380729, 1380802, 1380801, 4002963, 1380800, 1380799, 1380798, 1381359, 1380797, 1380796, 4002958, 1380794, 1380793, 1380792, 4002956, 1380791, 1380790, 6958, 5052, 5053, 5054, 4843, 4846, 4854, 4017450, 4017760, 4017761, 4861, 5256, 5255, 4014669, 4014670, 4014671, 1381438, 4016645, 1380345, 6957, 6965, 1625247, 4017731, 6964, 6963, 6962, 6969, 6961, 6979, 6978, 1381654, 1380272, 1380273, 1381174, 1380274, 1380275, 1380277, 1380278, 1380279, 1380532, 5057, 4590, 1370634, 4591, 1370859, 4011484, 4593, 1380285, 5346, 4014974, 243, 4014975, 4014973, 246, 4014972, 4014971, 4008490, 459, 4014695, 4014698, 4014696, 460, 4012770, 4014733, 4014732, 6, 4014700, 1380033, 4014730, 1624364]",17862,other
13156,"[1340460, 1340237, 1600310, 1600312, 1340007, 1600249, 6261, 1600282, 1340281, 1600618, 1600615, 1600614, 1600612, 1340043, 1340042, 1340507, 1351003, 1350605, 1350576, 1350606, 763, 207, 638, 1350637, 214, 644, 215, 645, 216, 4007751, 4007748, 646, 217, 647, 1331, 1324, 649, 219, 926, 220, 651, 221, 652, 222, 653, 223, 849, 654, 4015717, 1042, 655, 225, 929, 657, 238, 4017833, 4017835, 664, 4017837, 239, 665, 240, 4015723, 935, 666, 1326, 1174, 1625781, 4014690, 4014691, 4014693, 4014692, 5343, 5346, 3803, 4014975, 4014974, 243, 4593, 4592, 4591, 1370634, 4590, 1370997, 5057, 1380532, 1380279, 1381644, 1380278, 1380277, 1381428, 1380275, 1380274, 1380273, 1380272, 6978, 6979, 6961, 6969, 1380411, 1380408, 1381133, 1380409, 1380847, 1380410, 1380588, 1380379, 1380380]",9096,Domicile-travail
13159,"[1620513, 7511, 1110, 4709, 4014033, 4386, 4006078, 4385, 4384, 4006084, 4006086, 1621407, 1623531, 7519, 1623524, 7518, 4013391, 4013388, 4013392, 4013389, 7517, 7516, 1621524, 4391, 4392, 4393, 7507, 7514, 7513, 1621252, 7509, 1620512, 1620516, 7512, 1620509, 1620499, 1620501, 1620503, 1620505, 1620443, 1620461, 1620396, 1620446, 1620447, 1620398, 1620308, 1620300, 1620276, 1620273, 1620274, 1620268, 1620251, 1620250, 1620267, 1620247, 1620243, 1620207, 1620208, 1620213, 1620399, 1620303, 1620306, 1620400, 1620401, 1620403, 1620402, 1620393, 1620404, 1620406, 1620407, 1620394, 4002092, 1623516, 894, 120, 570, 1620365, 119, 569, 1620341, 118, 568, 892, 567, 1617727, 891, 1105, 890, 566, 1617733, 4714, 1617725, 4711, 1617732, 4712, 4715, 4710, 4716, 4713, 1623480, 6799, 4001322, 6798, 6797, 1617730, 1623520, 121, 4013224]",16884,Exercise
1316,"[1210096, 4829, 4828, 4821, 1220196, 4013758, 4013756, 5513, 1380898, 1380896, 1623799, 1380895, 1380894, 1220068, 1380893, 1220362, 1380891, 1380890, 1221002, 1380888, 1380885, 1380884, 1220304, 1380882, 1220339, 1380880, 1220005, 4014905, 4014907, 1220365, 1380878, 1221009, 1380877, 1380876, 4013875, 1380875, 1250106, 1380874, 1250014, 1380873, 1250046, 1380871, 1250357, 1380870, 1250373, 1380902, 1250032, 1380903, 4862, 1380905, 4128, 1380909, 1250131, 1380911, 1250217, 1260720, 1260721, 1260724, 1260125, 1260728, 1250002, 1260730, 1260731, 1260732, 1260977, 1614643]",3509,Commute
1317,"[1390670, 1390505, 4831, 1390671, 6950, 1390672, 914, 4017100, 1390368, 1390674, 1390521, 1390675, 5923, 1390676, 1390154, 1390677, 1390678, 1390679, 1390209, 1390210, 1390211, 1390212, 1390213, 1390214, 1390206, 1390215, 1390216, 1390217, 1390218, 1390219, 1390609, 1390220, 1390610, 5509, 4818, 1390251, 1390612, 1390020, 4819, 1624886, 4820, 1624885, 4804, 1390699, 4805, 4806, 1390347, 4014993, 4014994, 4014991, 4014992, 1400322, 4791, 4792, 4794, 1400436, 1400165, 4795, 4796, 4797, 1400038, 4798, 4787, 1400065, 4783, 1400330, 4784, 6917, 6918, 4007323]",3998,Autres
1319,"[1600451, 1600452, 1600450, 4621, 4619, 4618, 1600444, 4617, 1371145, 4616, 4015765, 4015768, 4015769, 4015766, 4015764, 6659, 6658, 6657, 1371208, 1600207, 1625106, 1625102, 1625101, 4015722, 4015723, 663, 240, 4012048, 4012049, 1370752, 1625097, 1371265, 1371196, 1370834, 1371195, 1371194, 4015728, 4015730, 4015729, 4008487, 4008488, 4014697, 1371189, 1370857, 1371188, 1370860, 1371187, 1371186, 1371185, 7224, 7225, 7226, 1371119, 7227, 7228, 6974, 6975, 1380613, 1380612, 1380301, 1380611, 1381166, 1380610, 1380609, 1381089, 1380608, 1381052, 1380607, 1380726, 1380606, 1380727, 1380605, 1381096, 1380583, 1380584, 1380585, 1380586, 1380587, 1380588, 1380379, 1380589, 1380119, 1380590, 1381439, 4014670, 4014012, 4017820, 1380594, 4017449, 1380596, 4007674, 4013754, 4013755, 1390735, 1390734, 1080, 4016959, 1390436, 1390437, 1390716, 1625386, 1773, 1188, 1187, 430, 1624148, 196, 4008472, 916, 629, 195, 628, 1390300, 1311, 1390207, 912, 192, 624, 191, 1410043, 1292, 149, 906, 595, 1410483, 1625407, 1410242, 1410301, 1410700, 150, 907, 1410644, 1410646, 596, 151, 1410463, 152, 598, 153, 4009800, 4009905, 1410666, 1410293, 1410667, 1410668, 4081, 1410234, 1410020, 1410516, 4076, 1410343, 4078, 1410653, 4176, 4079, 1410629, 4077, 4770, 6886, 1410036, 6887, 1410534, 6888, 1410330, 6889, 6890, 4448, 1410585, 1410586, 1410587, 1411109, 1410657, 1410658, 4009812, 4009813, 1625186, 604, 1293, 4007365]",11276,Domicile-travail
1320,"[1400349, 1400164, 1625347, 1400163, 1401005, 1410219, 1411111, 1410218, 1410560, 1410217, 1623993, 1410216, 1410700, 595, 1410301, 1410242, 1625407, 1410483, 1624254, 906, 1410043, 191, 624, 192, 912, 1390207, 1311, 1390300, 628, 195, 629, 916, 196, 1187, 1390521, 1188, 1625386, 1625387, 5932, 4017100, 914, 6948, 5933, 4834, 1390594, 4842, 6955, 1381608, 6954, 1381604, 1381603, 6953, 1381430, 6952, 5531, 4012991, 5530, 5529, 1381412, 5528, 5526, 5525, 1381358, 5524, 1380012, 5523, 1381180, 5522, 1380945, 5521, 4002956, 5534, 1380791, 1380790, 5533, 6958, 1381402, 5052, 1380069, 5053, 1380356, 4843, 4846, 4854, 4017450, 4017760, 4017761, 4861, 5256, 1381115, 5255, 1381633, 1381439, 4014012, 1381142, 1381438, 1380345, 6957, 1380115, 6965, 1380117, 6964, 1380527, 6963, 1380408, 6962, 1380411, 6969, 6961, 1381055, 6979, 1381090, 6978, 1381093, 1380272, 1381029, 1380273, 1381174, 1380274, 1624274, 1624283, 1380275, 1380151, 1380277, 1380747, 1380278, 1381159, 1381374, 1380279, 1380532, 5057, 4590, 1370634, 4591, 4592, 4593, 4014974, 243, 4014975, 669, 1296, 4014973, 4014972, 4014971, 4012770, 460, 4014733, 4014732, 1183, 4014731, 4007319, 4007320, 4017752, 1520, 4008462]",9042,Sport
1321,"[7949, 7947, 1240353, 1240354, 4014490, 5661, 4016042, 4016043, 234, 4016040, 4016041, 5660, 5632, 5633, 4015040, 5634, 5635, 5636, 5637, 4017151, 5638, 1140366, 5639, 1140109, 5640, 1140328, 5641, 1140297, 5642, 6129, 1150099, 6130, 1150191, 6131, 1150172, 6132, 1150090, 6133, 6134, 6125, 6135, 1150184, 6136, 1160123, 6137, 5327, 1160069, 1160092, 1160070, 1160071, 1160289, 1160072, 1160073, 1160308, 2628, 1160074, 1160075, 1200017, 1200241, 1200018, 1200019, 1200020, 1200353, 1200021, 1200022, 1200023, 1200024, 2279, 1200025, 1200026, 1170145, 1170070, 1170071, 7892, 7883, 7884, 1170073, 7168, 1170074, 1170077, 1170078, 1170079, 1170082, 4017601, 4017602, 1170083, 1170084, 1170259, 1170085, 2646, 1170086, 1170087, 1170088, 1170089, 1170284, 1170090, 1180093, 1180094, 1180095, 1180408, 1180096, 7867, 1180097, 1180098, 1180419, 1180099, 1180421, 1180100, 2651, 1180101, 1180102, 1180103, 1180104, 1180444, 1180257, 4003645, 1180511, 1180502, 1180493, 1181001, 1180274, 4013860, 4013861, 4013859, 4009870, 4003648]",7161,Domicile-travail
1322,"[1381374, 1380582, 1381375, 1380279, 1380532, 5057, 1370997, 4590, 1370634, 4591, 1370859, 4011484, 4014974, 243, 3803, 4014975, 669, 4014973, 4014972, 4014971, 4008490, 4014696, 4012770, 4014733, 460, 1370090, 4008406, 6, 1183, 4014731, 4014701, 4007319, 4007320, 1520, 4017752, 4017753, 4008723, 4008462, 4008387, 1519, 1133, 1462, 1622354, 4014955, 1622352, 4014952, 4015026, 1614672, 4008459, 1614674, 4008532, 4008531, 4006504, 1524, 1525, 5066, 4007798, 4599, 4598, 4597, 4594, 4595, 4600, 1150, 1614701, 5064, 1614700, 5065, 6644, 4014940, 4014941, 4014939, 4596, 5067, 1523, 4008388, 4014732, 4593, 4592, 1381644, 1380278, 1381159]",14341,Sport
1323,"[1609864, 20, 478, 851, 21, 4012397, 4012398, 461, 1082, 1309, 4014057, 1370884, 4017051, 4017050, 1332, 1609, 4007127, 4284, 4007124, 4282, 5089, 4015027, 4016119, 4017325, 4017326, 4017324, 5086, 5085, 5088, 5084, 5087, 1370826, 7265, 4622, 1371220, 4621, 4619, 1600455, 4618, 4617, 1371144, 4616, 1370465, 4015768, 4015769, 4015766, 4015764, 6659, 6658, 6657, 1371208, 1600207, 1625107, 1625106, 4015789, 1625102, 1625101, 1625104, 1625103, 4015722, 242, 4015723, 663, 4012048, 4014049, 4012049, 1624663, 4017222, 4017221, 1370815, 1370720, 1370721, 1371247, 1370722, 1370100, 1370724, 1370779, 1370725, 1371065, 1371200, 1371446, 1370096, 4007667, 1371294, 1370728, 1370729, 4016878, 4016493, 4016495, 4016494, 1260298, 1260297, 1260296, 4017250, 4017249, 1261050, 1260543]",6031,Domicile-travail
1325,"[1600052, 1600057, 1600058, 1600059, 5037, 5035, 1625096, 1625085, 1604176, 1604177, 1604061, 1604060, 4009016, 4000961, 1604056, 1604104, 1604103, 1604142, 1604141, 1604149, 1604151, 1604152, 1624233, 1261205, 1623903, 4017803, 1240257, 1260187, 4011658, 4007416, 4007418, 4007423, 4007424, 4007406, 4007407, 4007403, 1441, 1442, 4017673, 4007413, 4007414, 1250451, 4465, 4880, 4456, 6988, 4490, 1250118, 1260721, 1250081, 1260724, 1260125, 1260124, 4871, 1260123, 1260454, 1260122, 1260887, 1260563, 1260562, 1260561, 1261033, 1260650, 1261045, 1260049, 1260048, 1260290, 1260047, 6983, 1260986, 1371425, 6982, 4137, 4138, 6976, 1370765, 6975, 6974, 7228, 7227, 1371119, 7226, 7225, 1371228, 7224, 7223, 1371273, 1380532, 5057, 1370997, 4590, 4591]",6912,Domicile-travail
13261,"[1250134, 4879, 1250138, 4878, 4869, 4012232, 4868, 4882, 1250094, 1250037, 1250243, 1250377]",621,Courses
1327,"[847, 1611693, 1611692, 1611694, 1611724, 1611723, 1611687, 1611720, 1611686, 1611651, 1611635, 1611634, 1611633, 1611652, 1611632, 1080106, 1080615, 1080105, 1080589, 1080104, 1080576, 1080103, 4017519, 4017518, 1080728, 1080640, 1080727, 1080642, 1080726, 1080644, 1080725, 1080646, 1080724, 1080650, 1080723, 1080653, 1080722, 1080716, 1080657, 1080715, 4013669, 4013668, 1081144, 1081138, 1080152, 1080711, 1080669, 4017495, 4017496, 1080671, 1080709, 1080674, 1080708, 1080675, 1624167, 4017501, 4009225, 4017491, 4017492, 4017486, 1625060, 1610415, 1610408, 1610403, 1610401, 1610399, 1610397, 1610396, 4000860, 4000861, 4017478, 4017477, 1610395, 1610023, 1610028, 1610027, 1610079, 1610112, 1610080, 1610114, 1610116, 1610084, 1610118, 1610086, 1610120, 6025, 1610122, 4009499, 4009497, 4009496, 1610126, 1610128, 1610094, 1610130, 1610096, 1610132, 1610134, 1610100, 1610135, 1610102, 4003405, 1610138, 1610107, 4003408, 1610140, 1610139, 4003406, 1060093, 1060173, 1060092, 1060186, 1060091, 1060396, 1060090, 1060322, 1060089, 1060003, 1060088, 1060087, 1060015, 1060086, 1060085, 1060084, 1060223, 1060083, 4003394, 1060079, 1060234, 1060078, 1060209, 1060077, 1060076, 1060075, 1060074, 1060019, 1060073, 4003341, 4012456, 1050108, 1050107, 1050106, 1050135, 1050105, 1050104, 1050103, 1050102, 1050101, 1050257, 1050100, 6034, 1050099, 1050339, 1050098, 1050034, 1050097, 1050334, 1050096, 1050146, 1050095, 1050401, 1050094, 1050093, 1050421, 1050092, 1050077, 1625560, 1051137, 4002543, 4008641, 1050090, 1050006, 1050089, 3867, 1050088, 6524, 1050087, 1030495, 1030171, 1030004, 4002538, 1030628, 1030170, 1030290, 1030169, 1030242, 4002535, 1030624, 1030168, 1030511, 1030174, 1030060, 1030175, 1030538, 1030176, 1030177, 1030159, 1030418, 1030160, 1030605, 4002482, 1030256, 1030377, 1030257, 5573, 1030258, 1030284, 1030259, 1030567, 1030260, 1030545, 1030261, 1030262, 4008670, 4008669, 1030612, 4016202, 1625262, 4016204, 1625261, 4016203, 4002474, 1020926, 3789, 1020382, 1020715, 1020383, 1021216, 1020024, 1020384, 1020047, 1020108, 4015661, 4015662, 4015666, 4015670, 4015673, 1623853, 4016573, 4016574, 4016579, 4016162, 1607966, 4007506, 1607829, 4002411, 1607828]",11625,Domicile-travail
1328,"[1604362, 1603443, 5767, 3980, 6700, 3978, 1603417, 4003205, 1610558, 4003206, 1610557, 4003207, 1610556, 4003209, 1610555, 4003208, 4000835, 4003211, 1610548, 4003212, 1610547, 4003213, 1610546, 4003214, 1610543, 4003215, 1610541, 4003216, 1610540, 4003222, 1610539, 1610376, 4003224, 1610374, 4003225, 1610372, 4003226, 1610370, 1603306, 4006172, 4006173, 4006174, 4015493, 4007513, 4015492, 4009666, 4009661, 4009668, 4015506, 4015510, 4015508, 4015495, 4015918, 4015489, 4017709, 4006133, 4010728, 4006189, 1020168]",3022,Commute
13281,"[4006067, 1360272, 1360631, 4002874, 1360027, 1360273, 1360223, 1360274, 1360275, 1360362, 1360276, 1360277, 1360076, 1360597, 1261, 1360518, 1360158, 1360439, 1608911, 1360434, 1360435, 1360436, 1360437, 1360499]",1651,Magasinage
13282,"[1360499, 1360418, 1360498, 1360239, 1360497, 1360462, 1360461, 1360435, 1360459, 1608911, 1360458, 1600682, 1360457, 1360456, 1600412, 1360454, 1360453, 1360452, 1360451, 1600404, 1360450, 1360449, 4011928, 1751, 1360180, 1360224, 1360595, 1360223, 1360274, 1360273, 1625626, 4006897, 1625627, 1625632, 1625630, 4006068]",1721,Magasinage
133,"[1140017, 1140016, 1140006, 1140085, 1140005, 1140175, 5634, 5633, 1140095, 5632, 1140314, 234, 4014422, 4017235, 4014424, 233, 660, 4014887, 232, 4014884, 4999, 1140290, 5000, 5642, 7189, 1140297, 5641, 1140329, 5640, 1140110, 5639, 1140367, 5638, 5637, 2594, 5636, 1140189, 5635, 4015040, 661, 4016041, 1667, 1325, 4014550, 1880, 1140029, 4014549, 1090, 4014551, 4014487, 4014552, 1312, 4014489, 4014490, 4012171, 5024, 7949, 5023, 1240377, 5022, 1240123, 5021, 7197, 5027, 1240337, 1240439, 5026, 5029, 1240252, 5031, 1250175, 5030, 5016, 4251, 1250078, 4250, 1250007, 4249, 4248, 4247, 1250246, 1250404, 4882, 4012232, 4869, 4016797, 6959, 4862, 1380905, 4126, 1380325, 1380326, 4125, 1381630, 4124, 1381196, 1381195, 1381239, 1381194, 1380813, 1381391, 1381192, 1381190, 1381188, 4453, 1380293, 4454, 1380176, 1380417, 6970, 1380019, 6971, 1260062, 6981, 6972, 1260315, 4004936, 4004933, 1371425, 6985, 6983, 1260986, 1370096, 1260817, 1371428, 1371338, 1371152, 4008542, 1371324, 4009568, 1370761, 4014930, 4014929, 1370624, 1370774, 1624357, 1370775, 1371328, 1371326, 1370161, 1370776, 4017684, 4006455, 1370777, 1370755, 1370837, 1371243, 1371267]",11845,School
1330,"[4013715, 4006104, 1625572, 1625573, 1624973, 4006102, 4007892, 4007446, 4004299, 4015472, 4015466, 1131105, 1130108, 1130128, 1130244, 1130192, 1130193, 1130194, 1130195, 1130196, 1130226, 1130025, 1130224, 1130158, 1130223, 1130222, 1130276, 2671, 1130277, 1130278, 1130057, 1130279, 1130005, 1625036, 1603401, 1603433, 1603404, 1603408, 3976, 3979, 3978, 3980, 1603443]",4289,Commute
1331,"[1030179, 1030375, 1030178, 1030158, 1030177, 1030582, 1030176, 1030175, 1030059, 1030174, 1030510, 1030168, 1031155, 1030169, 1030289, 1030170, 1031104, 4002538, 1030171, 1050087, 6523, 1050343, 6522, 1050476, 1050370, 4015995, 4015996, 4015994, 3871, 1040066, 3870, 1040297, 1040042, 5305, 6052, 1040194, 1040195, 1040196, 1040197, 1040198, 1040526, 1040199, 1040200, 4204, 7118, 4013714, 6050, 4013713, 4959, 5306, 1040375, 4519, 1110381, 4010977, 4518, 1110351, 7193, 1110406, 7194, 1110278, 7195, 1110605, 1014, 843, 5002, 5003, 1120280, 5001, 1120085, 5004, 7192, 6179, 7191, 4990, 7190, 7189, 5642, 5000, 4999, 236, 4014882, 4014883, 4014885, 4014879, 4014878, 4014876, 1, 6109, 6110, 6111, 6108, 1230260, 7180, 1230497, 1230544, 4987, 1230212, 6102, 1230189, 1230344, 5931, 1220137, 4830, 1220042, 1220036, 244, 4826, 4827, 1220115, 4822, 1220097, 4824, 1220244, 5513, 1380898]",11154,Domicile-travail
1332,"[1600514, 1600513, 1320140, 7294, 7295, 7296, 7293, 1320144, 1320301, 1320299, 1320298, 6248, 4009366, 4009367, 1625231, 4009169, 4009168, 1320294, 1320195, 1320293, 1320292, 1320240, 1320291, 1320290, 1320289, 1320239, 1320288, 1320287, 1320221, 1320286, 1320376, 1310312, 1320029, 1600610, 1310311, 1600609, 1310310, 1330598, 1330500, 1330499, 1330282, 1330498, 1330497, 6203, 1330496, 1600546, 1330495, 1600548, 1330494, 1600549, 1330493, 1600550, 1330492, 1330491, 1600551, 1330490, 4009112, 1600557, 1330488, 1600556, 1330486, 1330603, 1330485, 1330262, 1330484, 1600597, 1600596, 1600595, 1330482, 1600594, 1330481, 4614, 1330480, 1331116, 4015083, 4015075, 1331119, 4009099, 1331118, 1600586, 1330477, 1330476, 1330368, 1330475, 1330325, 1330474, 1330589, 1330473, 1330249, 1330471, 1600812, 1600813, 1600814, 1600821, 1604278, 1600819, 1604274, 1600818, 1604273, 1600849, 1604272, 1600848, 1600858, 1601116, 1601118, 1601119, 1601120, 1601127, 1601128, 1601145, 4000799, 4000798, 1601146, 1601134, 1601139, 1601147, 1601140, 1601148, 1601144, 1600985, 1600984, 1601160, 1600983, 1600982, 1600981, 1600979, 1600964, 1600965, 1600963, 1600962, 1600960, 1260758, 4008444, 1260017, 4008447, 4008442, 1260757, 1260133, 1260756, 1260121, 1260755, 1260271, 1260753, 1260845, 1260752, 1260857, 1260751, 1260311, 1260750, 1260749, 1260403, 1260748, 1260747, 1260060, 1260746, 1260745, 1260207, 1260744, 4017030, 4017032, 1260742, 4008402, 4008401, 1260741, 1260877, 1260740, 1260550, 1260738, 1260472, 1260737, 1260735, 1260734, 1260733, 1260977, 1260732, 4458, 1260731, 5258, 1260730, 1260037, 1260728, 1260125, 1260721, 1260082, 1260720, 1260072, 1380911, 1380424, 1380909, 1380905, 4126, 1380903, 1380202, 1380902, 1381107, 1380870, 1381043, 1380871, 1380873, 1380144, 1380874, 1380397, 1380875, 1380876, 1624279, 1380877, 1381021, 1380878, 1381442, 4014911, 4014909, 1381441, 1380880, 1381070, 1380882, 1380953, 1380885, 1381609, 1380888, 1380018, 1380890, 1221002, 1220361, 1221000, 1020, 937, 244, 4826, 1220036, 4830, 1220138, 5931, 1230345, 6098, 1230190, 6102, 1230212, 4987, 3808, 7180, 5319, 6108, 6111, 1625599, 6110, 6109, 7181, 1, 4014876, 4014878, 4014879, 4014883, 4014882, 236, 4999, 1150199, 5000, 6129, 7189, 1150004, 7190, 4990, 7191, 6151, 7192, 1120172, 5004, 1120085, 5001, 1120281, 5003, 1120280, 5002, 843, 1014, 1110605, 7195, 7194, 1110406, 7193, 1110351, 4518, 4010977, 1110381, 4519, 1040375, 5306, 4959, 4013713, 6050, 4013714, 7118, 4204, 1040200, 1310, 4951, 1279, 194, 626, 193, 6625, 4201, 1180, 4935, 4936, 4934, 1624002, 6041, 6040, 1050384, 6039, 1050355, 6038, 1050099, 1050100, 1050101, 1050102, 1050103, 1050123, 1050104, 1050105, 1050134, 1050106, 1050085, 1050107, 1050246, 1050108, 1050269, 1060240, 1060073, 1060018, 1060074, 1060075, 1060125, 1060076, 1060378, 1060077, 1060209, 1060078, 1060234, 1060079, 4012463, 4012460, 1060083, 1060222, 1060084, 1060314, 1060085, 5296, 1060086, 1060014, 1060087, 1060157, 1060088, 1060089, 1060090, 1060091, 1060185, 1060092, 1060172, 1060093, 4003406, 1610140, 1625025, 4003407, 1610141, 1625024, 4003405, 1610136, 1610135, 1610100, 4495, 1610061, 1610060]",22721,Domicile-travail
13335,"[1250404, 1250094, 1250246, 4247, 4248, 1250339, 1250338, 1250337, 1250379, 1250380, 1250381, 1250382, 1250383, 5332, 1625079, 1250386, 1250387, 1240343, 1240344, 1240437, 4003149, 1240345, 1240346, 1240123, 1240348, 1240349, 1240374, 1240350, 1240351, 1240353, 1240354, 4014490, 4014488, 5661, 4016042, 4016043, 4016040, 234, 4016041, 5660, 4012173, 1140183, 1140342, 1140343, 1140027, 1140344, 1140346, 1140384, 1140347, 1140348, 1140349, 1140263, 1140350, 1140351, 1140352, 1625648, 1625647, 1121102, 1120254, 1120255, 1120257, 1120184, 1120259, 4003245, 1120260, 1120261, 4009621, 4009620, 4009631, 1110596, 1110595, 4003250, 4009599, 4009597, 4009598, 4003251, 1110593, 1110102, 1111112, 4009683, 4009682, 1040161, 1040534, 1625196, 4003253, 1625198, 1030503, 1040295, 1030504, 1040065, 4003270, 1030505, 1623806, 4015540, 4015542, 4015541, 1030508, 1030509, 1030510, 1030174, 1030059, 1030175, 1030537, 1030176, 1030583, 1030177, 1030159, 1030179]",8907,Domicile-travail
13350,"[1380879, 4014906, 4014904, 1220365, 1381442, 4011698, 5253, 5252, 7850, 7851, 7852, 5254, 4839, 4841, 1381018, 4844, 1380859, 4848, 4847, 1381039, 1380484, 1381104, 7901, 4017220, 1380570, 7902, 1175, 4127, 1380423, 4876, 4008012, 4875, 4870, 1260124, 4871, 1260035, 4872, 4873, 4457, 4462, 4463, 4459, 4460, 1260550, 4461, 4606, 4601, 1260494, 4603, 1260207, 1260420, 1260060, 4604, 4605, 4008720, 7231, 7232, 7233, 7234, 7230, 7235, 1260120, 1260436, 7236, 5070, 4008736, 4008737, 4011570, 1625638, 1625636, 1625094, 1625091, 1625093, 1625092, 4014980, 4014981, 4015756, 4014982, 1601394, 1360404, 1360405, 1360406, 1601395, 4015269, 1360407, 1360408, 1360409, 4017284, 4012964, 1360410, 1360411, 1600410, 1600681, 1360413, 1600679, 1360414, 1600677, 1360415, 1600676, 1360416, 1600675, 1360499]",6303,Domicile-travail
1336,"[1140110, 1140330, 1140023, 1140298, 1140024, 1140025, 7189, 6129, 5000, 1150199, 4999, 236, 4014882, 4014883, 4014879, 4014878, 4014876, 1, 6109, 1230416, 6110, 1625599, 6111, 1230467, 6108, 1230260, 7180, 1230497, 1230544, 4987, 6102, 1230189, 6098, 5931, 4830, 1220036, 4826, 244, 5243, 5514, 5242, 1220357, 937, 1020, 1221000, 1220362, 1380893, 1380568, 1380567, 1380566, 1380502, 1380565, 1381227, 1380564, 1380798, 4002960, 5526]",5200,Domicile-travail
1339,"[1606765, 1601922, 4002641, 1601919, 1606713, 1606712, 1606711, 1606710, 1606721, 1606709, 1606682, 1606679, 1602031, 1602030, 1602029, 1602028, 1602040, 1602039, 1602046, 1602032, 1602033, 4008820, 4008821, 1602058, 1602054, 1602062, 1602056]",1998,Commute
13390,"[1200260, 4813, 4812, 4816, 1625591, 1625740, 1625298, 1625497, 4012713, 4012712, 1200039, 4237, 7179, 1200301, 4011784, 4588, 4586, 4585, 4584, 1732, 6085, 6086, 4011684, 4015971, 1657, 6096, 1160296, 6095, 7871, 1160589, 1160595, 4015970, 4015965, 1044, 659, 230, 4014866, 4014868, 1045, 821, 1160157, 4014853, 4014857, 231, 4014881, 4014883, 467, 232, 4014895, 660, 4014902, 4008174, 4008173, 4014889, 1141104, 1140086, 233, 4015043, 4017236, 1140173, 4015040, 4017237, 4017235, 5632, 4543, 1140013, 4544, 1140372, 4545, 1140157, 4546, 1140044, 4547, 4548, 4549, 5005, 1120027, 6159, 6153, 6154, 1120109, 1120110, 1120089, 1120111, 1120269, 1120112, 1120117, 1120024, 1120116, 1120231, 1110263, 1110497, 1110498, 1110499, 1111121, 1110103, 1040161, 1040534, 4003252, 1625196, 1625198, 1030503, 1040295, 1030295, 1030054, 1030296, 1030531, 1030297, 1030298, 1030578, 1030039, 4002515, 1623816, 4011545]",9664,Domicile-travail
1341,"[1270144, 1270052, 1270363, 4002761, 4002760, 1270357, 1270299, 1270054, 1270182, 1270055, 1270196, 1270155, 7210, 1270109, 5044, 1270228, 1270132, 1270229, 5043, 1270222, 5041, 5039, 5040, 1624231, 5035, 1270295, 5037, 5036, 1625096, 3921, 3920, 3923, 3922, 3919, 4569, 1604154, 4556, 4554, 1604023, 4553, 4552, 1604014, 1604024, 4555, 1604025, 4565, 4566, 4007455, 4568, 1604116, 4557, 1604070, 4559, 1604074, 4558, 4564, 1604123, 1604091, 4560, 1604128, 1604109, 4561, 1604516, 4009013, 4009012, 1604150, 1604147, 1604148, 1604146, 1240176, 1240076, 1240257, 1260187, 1240174, 1240256, 1240263, 1240255, 1625541, 4007420, 1439, 439, 5016, 5030, 5015, 5018, 5337, 1625079, 5332, 1625078, 1250276, 1250053, 5333, 1250021, 5334, 1250113, 5335, 7984, 5336, 1250100, 4121, 1250065, 4122, 4017387, 4113, 1220257, 4115, 1220016, 1220228, 1220059, 4116, 1220345, 4117, 1220322, 4118, 1220311, 4119, 1220163, 4120, 1220032, 5249, 5250, 1220069, 4008245, 4008246, 5242, 5514, 5243, 1220036, 4826, 5512, 4827, 1220115, 4822, 1220097, 4824, 1220090, 1220244, 1220145, 6484, 1220203, 6485, 6486, 6487, 5927, 5246, 4012306, 4012307, 1210308, 7971, 5247, 1210292, 5248, 1210242, 5244, 4100, 4266, 1210034, 4102, 1210186, 4177, 1210118, 4093, 1210136, 4094, 4095, 1210180, 4096, 4098, 4814, 5502, 5501, 4180, 4800, 4009859, 4815, 1625591, 4816, 4812, 4813, 1200260, 4006017, 4802, 4803, 1614632, 1190215, 4807, 4808, 4809, 1190079, 4810, 7162, 4449, 4450, 1190014, 4451, 1190136, 4012748, 1190028, 1190162, 1190070, 4012746, 4012745, 4012747, 658, 229, 842, 249, 1382, 670, 7637, 1420443, 6619, 1421119, 6618, 1420569, 6622, 6621, 6620, 6623, 4012180, 7881, 4012408, 1420246, 1420579, 4012411, 4012413, 4003060, 1420248, 1420581, 4003061, 1420582, 1420249, 4003062, 1420250, 1625179, 4015747, 4015748, 4015746, 4015749, 1420251, 4003077, 1440529, 4007262, 1625425, 1440530, 1440773, 1440772, 4005777, 1178, 1440590, 1625436, 1440708, 1036, 575, 1852, 1543, 1542, 4016097, 1541, 576, 899, 1850, 577, 131, 578, 4016408, 132, 1176, 4057, 4766, 3812, 1441244, 4014734, 4014735, 4011399, 4014784, 4014789, 4014796, 4014799, 4014736, 1450278, 1450279, 1625677, 1625679, 4003928, 1625678, 1625741, 4003929, 1625681, 1450372, 1450373, 1450520, 1450374, 1450721, 1450705, 1450722, 5886, 1450723, 1450692, 1450724, 1450431, 1450725, 1450327, 1450016]",18737,Domicile-travail
13414,"[1250259, 1250016, 1250238, 1250109, 1250239, 1250240, 1250097, 1250098, 1250073, 1250099, 5336, 1250100, 4121, 1250065, 4122, 4017387, 4113, 1220257, 4115, 1220016, 1220228, 1220059, 4116, 1220345, 4117, 1220322, 4118, 1220311, 4119, 4120, 1220032, 5249, 5250, 1220069, 5242, 5514, 1220042, 5532, 5543, 5518, 1230343, 5625, 5628, 1230414, 1230545, 4003135, 1230415, 1230260, 7180, 6108, 6111, 6110, 6109, 7181, 1, 4014876, 4014878, 4014879, 4014883, 4014882, 236, 4999, 1150199, 5000, 6129, 6130, 6131, 6132, 6133, 6134, 6135, 1150184, 6136, 1160123, 6137, 5327, 1160069, 5328, 1160016, 5329, 6121, 4218, 4219, 4220, 4221, 2626, 4222, 2617, 4223, 4224, 4225, 4226, 4227, 4228, 4229, 4230, 1160557, 4231, 1170147, 4232, 4233, 4234, 4235, 4236, 6081, 7157, 7158, 7159, 3007, 7160, 7161, 4214, 4213, 1170256, 4206, 4207, 1170266, 4208, 1170271, 4209, 4210, 1170281, 4211, 1170286, 4212, 5310, 3877, 1180411, 3878, 3879, 1180322]",9560,Domicile-travail
1342,"[1240148, 6163, 1240125, 1240126, 7957, 1240115, 7987, 7956, 7955, 1240130, 4009053, 1240131, 1240182, 1604077, 1604076, 1604081, 1604082, 1604085, 1604084, 1604123, 4009014, 4564, 4558, 1604074, 4559, 4557, 4568, 4566, 4565, 4567, 4007452, 4555, 1604065, 4562, 4552, 1604062, 4553, 4554, 1604064, 4556, 4569, 3919, 4009017, 1604173, 4009019, 3920, 1604172, 3921, 5036, 5037, 5035, 1624231, 5040, 5039, 5041, 1600037, 5043, 1270229, 1270132, 1270110, 1270109, 1270108, 1270224, 1270107, 1270106, 1625001, 1271110, 1270178, 1270105, 1270297, 1270104, 1270352, 1270246, 1270102, 1270302, 1270101, 1270369, 1270361, 4002757, 1270370, 1270265, 1270372, 1270373, 1270142, 4004364, 4009273, 1260183, 4017890, 5653, 7651, 4015656, 1447, 4015657, 4017876, 4017873, 4017875, 4017874, 4010951, 1452, 4015659, 4017872, 4017891, 1454, 1270038, 1270040, 1270041, 1271104, 1270301, 1624998, 1270141, 1270228, 4013767, 1600046, 1625096, 1625085, 1604177, 1604061, 1604060, 4009016, 1604054, 4000961, 1604057, 1604056, 1604104, 1604103, 1604142, 1604141, 1604149, 1604151, 1604152, 1261207, 1261205, 1623907, 1623961, 1260084, 1260085, 1260086, 4008378, 4008380, 4008379, 1623903, 4017803, 4011658, 1240257, 1240256, 1240263, 1240264, 4255, 1240265, 1240441, 1240339, 1240266, 1240267, 1240218, 1240268, 1240269, 1240414]",34378,Sport
1345,"[1210221, 1210295, 1210219, 1210218, 7972, 7973, 1210254, 1210209, 1210210, 1210354, 1230508, 1230282, 1230271, 1230283, 6089, 6087, 1230284, 4014861, 4014862, 4014866, 4014865, 1160584, 1160161, 230, 1045, 231, 467, 232, 660, 233, 661, 4014424, 4014422, 234, 1325, 1880, 1140029, 1140406, 1140032, 1140169, 1140033, 1140034, 4017156, 4017440, 4017439, 4009873, 4015037, 4015036, 1130230, 1130040, 4011692, 4011693, 1130162, 1130233, 1131001, 1131110, 1130312, 4007425, 4009607, 1625642, 1130167, 1130150, 1130169, 4013679, 4013678]",5797,Social
1348,"[1210263, 1210131, 5515, 5622, 1210299, 5620, 7975, 5621, 7652, 4532, 5623, 4536, 1210023, 4535, 1230372, 4540, 1230298, 4539, 1230165, 4538, 4537, 3809, 4541, 3811, 4542, 4987, 1230544, 3808, 1230497, 7180, 1230260, 6108, 6111, 6110, 6109, 7181, 1, 4014878, 4014879, 4014883, 4014881, 4014885, 4014882, 236, 4999, 1150199, 5000, 6129, 7189, 7190, 4990, 7191, 6151, 7192, 5004]",4541,Domicile-travail
1349,"[4014938, 4135, 6980, 4006980, 6968, 1381099, 6966, 6967, 4014648, 1380964, 4858, 4859, 4860, 4861, 4017761, 4017450, 4017760, 1381303, 4008383, 4843, 1380356, 5053, 5052, 1381402, 6958, 1380786, 6956, 1381220, 1380084, 4839, 5254, 7852, 7851, 7850, 5252, 4011930, 1380639, 1380640, 1381070, 1380882, 1220339, 4836, 1220316, 4837, 1220305, 1220304, 4838, 1220155, 4840, 1220213, 4917, 1220212, 1220361, 1221000, 1220362, 1380891, 1380568, 1380893]",3164,other
1351,"[1110071, 1110403, 1110070, 1110275, 1120250, 1110276, 1120216, 1110277, 1120016, 4009752, 1625210, 843, 5002, 5003, 1120281, 5001, 1120085, 5004, 7192, 6151, 7191, 4990, 7190, 1150004, 7189, 6129, 5000, 1150199, 4999, 236, 4014882, 4014883, 4014879, 4014878, 1, 7181, 6109, 6110, 6111, 6108, 1230260, 7180, 1230497, 3808, 1230544, 4987, 1230212, 6102, 1230190, 6098, 5931, 1220138, 4830, 1220043, 1220036, 4826, 244, 937, 1220360, 1220213, 4840, 1220155, 4838, 1220305, 4837, 1220316, 4836, 1220340, 4835, 1220011, 1220363, 1220367, 1220062, 1221004, 4014906, 4014904, 1220005, 1380879, 1381441, 4014908, 4014910, 4011698, 5253, 5252, 7850, 7851, 4012065, 7852, 5254, 4839, 4008500, 4841, 1381018, 4844, 1380859, 4848, 4847, 1381039, 1380484, 1381104, 7901, 1380570, 1381195, 1381238]",8549,Commute
1352,"[4017904, 5616, 1420471, 5617, 4017909, 4017908, 5619, 1420491, 1420404, 4017910, 6623, 4012180, 7881, 4012408, 1420246, 1420579, 4440, 4442, 4438, 4437, 4436, 6890, 4448]",1876,Magasinage
1353,"[1410584, 1410583, 1410593, 6889, 1410594, 4775, 1410595, 1410330, 4774, 1410534, 4773, 1410036, 1410276, 4770, 6894, 4771, 1410453, 4780, 814, 1410500, 4778, 4012484, 4012481, 4779, 5614, 4017904, 5615]",2079,Courses
1356,"[5492, 5614, 4003043, 5613, 5499, 4003042, 5612, 4017898, 4017899, 4017894, 4017893, 1420519, 1420369, 5500, 4017660, 4017661, 1420441, 1190200, 4012746, 1190070, 1190162, 1190028, 4012748, 1190136, 4451, 1190014, 4450, 4449, 7162, 4810, 1190078, 4809, 4808, 4807, 1190215, 1614632, 4803, 4802, 1200260, 4813, 4812, 4816, 4009858, 4815, 4800, 4180, 5501, 5502, 4814, 4098, 4096, 4095, 1210004, 4094, 1210136, 4093, 1210118, 4177, 1210186, 4102, 1210034, 4266, 4100, 5244, 1210242, 5248, 1210292, 5247, 7971, 1210308, 4012307, 4017349, 5246, 7621, 6487, 1210097, 6486, 1210017, 6485, 1220203, 6484, 1220145, 1220244, 1220090, 4824, 4822, 1220115, 4827, 4826, 1220036, 5243, 5514, 5242, 1220356, 5250, 5249, 4120, 1220163, 4119, 1220311, 4118, 1220322, 4117, 1220345, 4116, 1220059, 1220228, 4115, 1220257, 4113, 4017387, 4122, 4121, 5336, 7984, 5335, 5334, 5333, 1250053, 1250276, 1625078, 5332, 1625079, 5337, 5018, 5015, 5030, 5016, 439, 7819, 829, 1240254, 1240190, 1240255, 1240263, 1240256, 1240257, 1240076, 1604151, 1624236, 1604146, 1604148, 1604150, 4009013, 1604516, 4561, 4560, 1604128, 4563, 4564, 1604095, 4558, 4559, 4557, 4568, 4566, 4565, 4567, 4007452, 4555, 1604065, 4552, 1604062, 4553, 4554, 1604064, 4556, 4569, 3919, 3922, 3923, 3920, 3921, 5036, 1625096, 5037, 5035, 1270295, 1624231, 5040, 5039, 5041, 5042, 5043, 1270229, 1270132, 1270228, 5045, 1270226, 1270178, 1270179, 1270105, 1270297, 1270104, 1270298, 1270151, 1270299, 1270357, 1270055]",11632,Courses
1357,"[1200385, 1200382, 1200231, 1200381, 2604, 4982, 1200370, 1200308, 1200424, 1200369, 1200379, 1200163, 4006045, 4006044, 4006046, 4006043, 1625310, 1625312, 1625736, 1625737, 1625314, 1625592, 1625593, 1625291, 1625591, 4815, 4800, 4180, 5501, 5502, 4814, 4098, 4096, 4095, 4094, 4093, 1210118, 4177, 1210186, 4102, 1210034, 4266, 4100, 5244, 1210242, 5248, 1210292, 5247, 1210308, 4017349, 4012306, 5246, 5927, 6487, 6486, 6485, 1220203, 6484, 1220145, 1220244, 1220047, 1220090, 1220046, 1220097, 1220045, 4822, 1220115, 4827, 5512, 4826, 1220043, 1220036, 5243, 244, 1220357, 4002982, 1220358, 1220217, 1220216, 1220215, 1220214, 1220031, 1220213, 1220155, 1220030, 1220305, 1220029, 1220316, 1220340, 1220028, 1220027, 1220011, 1220363, 1220062, 1221004, 4014906, 4014907, 4014911, 4014910, 4011932, 4011930, 5252, 7850, 4012069, 7851, 7852, 5254, 4008500, 4839, 1380084, 1381217, 6956, 1380786, 1381402, 1380069, 1380356, 4843, 4846, 4854, 4017450, 4017760, 4017761, 4861, 5256, 1381115, 5255, 1381633, 1380161, 1381439, 1381142, 1381438, 1380345, 6957, 6965, 1625247, 1624098, 1624103, 1624105, 1380217, 1381385, 1380218, 1625250, 1380219, 1381437, 1625251, 1380220, 1380279, 5057, 4590, 1370997, 4591, 4592, 4593, 243, 4014974, 5346, 1370518, 5343, 1370756, 4014692, 4014693, 4014697, 4014699, 4014691, 4014690, 1370138, 1625781, 1174, 1370995, 1370996, 1370752, 4017500, 1326, 4016603, 666, 4012048, 935, 240, 4015723, 663, 4015722, 242, 933, 237, 934, 1043, 227, 656, 226, 928, 1042, 224, 654, 4015716, 849, 223, 653, 222, 652, 221, 4015718, 220, 926, 648, 219, 649, 4014213, 4014216, 1324, 1331, 647, 4012557, 4012556, 217, 646, 4007751, 216, 1350614, 645, 1350613, 1350612, 215, 1350611, 644, 214, 638, 1350033, 207, 4015775, 1350606, 1280, 922, 206, 637, 4015721, 205, 636, 921, 635, 1091, 920, 1340373, 203, 1604513, 634, 1129, 1021, 200, 501, 868, 1513, 1165, 4001097, 4001098, 4001096, 4001094, 51, 500, 4014294, 4014295, 4014298, 50, 1272, 4014545, 4014544, 49, 499, 48, 867, 545, 4013989, 4013990, 4013988, 4013986, 1511, 1605242, 98, 4015893, 4015894, 4015892, 1255, 1254, 547, 546, 4001772, 1605550, 1605551, 1605552, 1605553, 4012094, 4014546, 4014547, 4008834, 4001092, 4002669, 1605855, 4001099, 5697, 4006621, 52, 204, 639, 208, 4017116, 923, 640, 210, 641, 211, 924, 212, 643, 213, 925, 4010438, 4010436, 1371115, 1371114, 1371113, 927, 917, 1625745, 662, 1313, 241, 936, 668, 245, 4014698, 4014696, 913, 1296, 669, 4014975, 246, 4014973, 667, 1370859, 1370634, 1381644, 1380278, 1380277, 1381428, 1380275, 1380274, 1380273, 1381654, 4007318, 1624100, 4007729, 4014671, 4014670, 4014012, 4014669, 5053, 5052, 6958, 5533, 1380790, 1381220, 1380495, 5253, 4011698, 4014908, 4014909, 1380879, 4002984, 4835, 4836, 4837, 4838, 4840, 1020, 1221000, 1220360, 4002980, 1220359, 5514, 4824, 4012307, 1210136, 1210178, 1625740, 1625313, 1625311, 4003005, 1200380, 4976]",47023,Sport
13572,"[1260463, 4462, 1614642, 4463, 1260449, 4459, 1260472, 4460, 1260549, 4461, 4606, 1260244, 4601, 1260494, 4603, 1260207, 1260420, 1260060, 4604, 4605, 4008720, 7231, 7232, 1260853, 7233, 7234, 7230, 7235, 1260120, 1260436, 7236, 5070, 5071, 1600963, 5068, 1600964, 5069, 1600957, 7241, 1601162, 7238, 1601164, 7240, 7239, 7237, 1601156, 1601153, 7243, 1601150, 7242, 1601167, 1262, 4268, 1600868, 4015217, 4015219, 4015218, 4017691, 4017692, 4017690, 4004255, 5732, 5729, 1361002, 1361006, 1623763, 1614878, 1360466, 1360166, 1360465, 1360464, 1360236, 1360463, 1360554, 1360555, 1360419, 1600671, 1600670, 1600672, 1360499]",5120,Domicile-travail
13575,"[1270204, 1270291, 1270212, 1270290, 1270057, 5047, 5046, 1270109, 1270132, 5043, 1270222, 1270323, 1270098, 1600047, 1623888, 1600048, 1600049, 1600054, 1600050, 1600056, 1600051, 1600057, 1600052, 1600053, 1604165, 1604166, 1604173, 4009017, 3919, 4569, 4556, 1604064, 4554, 4553, 1604062, 4552, 4562, 1604065, 4555, 4007452, 4567, 4565, 1604025, 4566, 4007455, 7207, 6171, 6173, 1604044, 1604036, 6174, 4550, 7208, 1604039, 1604040, 1604029, 1240183, 1240383, 1240382, 1240196, 1240381, 1240117, 1240380, 1240379, 6165, 1240378, 5023, 1240377, 1240350, 1240316]",4797,Commute
13584,"[4192, 6022, 1610013, 1610164, 1610012, 1610165, 1610011, 1610010, 1610159, 1610160, 1610162, 1610156, 4003368, 1609974, 1609996, 1609997, 1609998, 1609995, 1624752, 1609999, 1060119, 1060175, 4003364, 1060151, 4003363, 1060407, 1060187, 7096, 1060186, 1060092, 1060185, 1060184, 1060365, 1060364, 1060363, 1060362, 1060361, 1060012, 1060360, 1060359, 5297, 1060270, 4016549, 4015740, 1070055, 4920, 1070028, 1166, 1328, 717, 960, 718, 307, 719, 308, 1048, 1625782, 1625225, 1070171, 1070170, 4003336, 1070169, 4007520, 1090209, 4007522, 1091100, 1090136, 1090135, 1090134, 1090133, 1090132, 1090091, 1100120, 1100088, 1100119, 1100235, 1100118, 1100117, 1100095, 1100116, 1100212, 1100211, 1160293, 1160292, 4218, 6121, 1160137, 4988, 1160127, 4989, 1150185, 4998, 6127, 4997, 2598, 4996, 1150135, 4995, 1150158, 4994, 1150092, 4993, 1150174, 4992, 4991, 4990, 7190, 1150004, 7189, 5642, 5000, 1150199, 4999, 236, 4014882, 4014880, 4014883, 4014885, 4014879, 4014878, 4014876, 1, 7181, 4243, 4242, 7186, 1230435, 7185, 1625228, 1625229, 7184, 7183, 1230396, 1230091, 1230395, 1230490, 1230394, 1230393, 1230020, 1220223, 1230019, 1220018, 1230018, 1230402, 4012497]",12793,Exercise
13602,"[1090377, 1090162, 1090104, 1090401, 1090402, 1090180, 1090403, 1090404, 1090287, 4009595, 1090407, 1090062, 1080520, 1090199, 1080267, 1080521, 1080178, 1080243, 1080179, 1080180, 1080181, 1080551, 1080182, 1080558, 1080183, 1080564, 1080184, 1081109, 1080298, 4017564, 1081106, 1080185, 1080186, 1080187, 1623918, 1080188, 1080192, 1611880, 1611854, 4003601, 4000874, 1611846, 1611844, 1611842, 1611840, 1611838, 1611834, 1611858, 1611859, 1611941, 4003481, 1612027, 1612025, 1612028, 1612076, 1612074, 1612071, 1612070, 1612067, 1612069, 1612054, 1612049, 1612053, 1612051, 1612143, 1612191, 1612190, 1612189, 4008983, 4008984, 1612176, 1612174, 1612173, 1612292, 1612293, 1612320, 1612361, 1612362, 1612316, 1612318, 1612317, 1612819, 4003749, 1612177, 1612052, 1614577, 1612148, 1612023, 1611837, 1611843, 4000875, 4009654, 1611908, 1611899, 1611900, 4016526, 1611898, 1611907, 1611897, 1611893, 1625088, 1625087, 1611889, 1611886, 1611884, 1611883, 1080133, 1080132, 1080131, 1080734, 1080291, 1080130, 1080129, 1080555, 1080128, 1080548, 1080127, 1080538, 1080126, 1090414, 1090107, 1090184, 1090106, 1090400, 1090398, 1090163, 1090397, 1090018, 1090017]",11753,Magasinage
13610,"[1601134, 1601139, 1601147, 7240, 1601164, 7238, 1601162, 7241, 1600957, 5069, 4010760, 5068, 4007311, 5071, 5070, 4008736, 4008734, 7236, 1260131, 1260436, 1260119, 7235, 1260269, 1260909]",1800,Exercise
1363,"[4003648, 4009870, 1180278, 1180109, 1180277, 1180271, 1180314, 4005058, 4005045, 4005046, 4005051, 1181042, 1180519, 4003637, 1180249, 1180421, 1180248, 1180099, 1180098, 1180321, 1180097, 7867, 1180096, 1180408, 1180095, 1180094, 1180093, 4523, 1170090, 1170283, 1170089, 1170279, 1170088, 1170274, 1170087, 2648, 1170086, 2645, 1170085, 1170259, 1170084, 1170254, 1170083, 4017602, 4003088, 4017601, 1170082, 1170079, 3009, 1170078, 1170077, 1170074, 5318, 1170073, 7883, 7891, 1170071, 1170177, 1170070, 1170145, 1200026, 1200025, 2279, 1200024, 1200023, 2608, 1200022, 1200021, 1200353, 1200020, 1200344, 1200019, 7728, 1200018, 1200242, 1200017, 1160253, 1160075, 2619, 1160074, 2627, 1160073, 1160309, 1160072, 1160205, 1160071, 1160290, 1160070, 1160093, 1160069, 5328, 6137, 1160123, 6136, 1150184, 6135, 6125, 6134, 6133, 6132, 1150173, 6131, 6139, 6130, 1150099, 6129, 5000, 5642, 1140297, 5641, 1140329, 5640, 1140110, 5639, 1140367, 5638, 1140306, 5637, 2594, 5636, 1140189, 5635, 1140005, 5634, 1140175, 5633, 1140095, 5632, 4543, 5660, 4012173, 1667, 234, 4016040, 4016043, 4016042, 1240426, 5661, 4014488, 4014490, 6180, 5024, 6160, 7949]",7133,Domicile-travail
13630,"[1120089, 1120022, 1120184, 1120021, 1120020, 6159, 5005, 4549, 4548, 4547, 1140045, 4546, 4545, 1140372, 4544, 4543, 1140013, 5660, 4016041, 4016040, 234, 4016043, 4016042, 5661, 4014488, 4014490, 1240354, 6180, 5024, 5023, 5022, 5021, 7197, 6168, 1240335, 6169, 6167, 5029, 1240252, 5031, 1250174, 5030, 4251, 4250, 1250007, 4249, 4248, 4247, 1250404, 4882, 4012232, 4016797, 6960, 4862, 1380903, 4126, 4125, 4124, 4127, 1380423, 4876, 4008012, 4875, 1260070, 4870, 1260123, 4871, 1260035, 4872, 4873, 4457, 4462, 4463, 4464, 4459, 4460, 1260550, 4461, 1260549, 1260548, 1260897, 1260547, 1260546, 1260543, 1260659, 4002895, 4017683, 4017681, 1260296, 1614651, 1623980, 4016879]",7952,Autres
1364,"[1040042, 4955, 3869, 5305, 1040580, 1625657, 1040581, 1041165, 1625195, 1110107, 4013109, 1110339, 1110489, 1110237, 1110488, 1120225, 1120120, 1120224, 1120272, 1120222, 1120092, 1120221, 6156, 1120219, 4008707, 1140309, 6141, 7818, 1140049, 1140192, 1140191, 7817, 1140376, 7816, 1140190, 1140018, 2594, 5636, 1140189, 5635, 1140005, 5634, 4015040, 5633, 5632, 1140314, 5660, 4016041, 4016040, 4016043, 4016042, 5661, 4014488, 4014490, 1240354, 4014494, 1240353, 7949, 5024, 6160, 1240369, 7951, 1240417, 1240020, 1240118, 7952, 1240197, 1240022, 1240023, 1240183, 1604028, 1603973, 1603974, 1603975, 1603976, 1603977, 1603980, 4262, 1604001, 1603982, 1604000, 1603984, 1603999, 1603987, 1603998, 1603988, 1603997, 4000820, 7204, 1603995, 1603990, 1603994, 1603991, 1603993, 1604014, 4552, 4553, 1604023, 4554, 4556, 1604154, 4569, 1604157, 4009011, 1604186, 1604168, 1604166, 1604167, 1604165, 1604164, 1600053, 1270296, 1270319, 1600051, 1600355, 1600050, 1600356, 1600049, 1270017, 1600048, 1600047, 1270098, 1270323, 1270222, 5043, 1270228, 5044, 1270108, 7210, 1270155, 1270055]",9503,Domicile-travail
13643,"[1030061, 1030602, 4002484, 1030253, 1030540, 1030206, 1209]",698,Social
13645,"[1030624, 1030242, 1030410, 1030290, 5567, 1030628, 1030004, 5568, 1030495, 5558, 6524, 4949, 3867, 6518, 1050007, 1624976, 1624759, 1050078, 1050196, 1050462, 1050468, 4002547, 1050251]",1099,Travail
13646,"[1051137, 3867, 6518, 4949, 5558, 1030496, 5568, 1030005, 1030629, 5567, 1030291, 1030410, 1030243, 1030623, 5560, 1030513, 5561, 1030062, 5562, 1030060]",1518,Travail
1367,"[1601601, 1601602, 1601628, 1601604, 1601629, 1601631, 1604510, 1145, 1604509, 1601636, 1625003, 4002697, 4004237, 1600315, 1340457, 1600313, 1350004, 1600250, 1600275, 1350225, 1350230, 1600277, 1350178, 1600280, 1600617, 1340257, 1600616, 1350569, 1350570, 1351003, 1350605, 1350576, 1350606, 763, 207, 1280, 639, 208, 4007663, 923, 209, 4011552, 4008178, 4008182, 4008180, 1600652, 1600653, 1360298, 1600654, 1600659, 1600657, 1360130, 1360657, 1361012, 4010459, 4010460, 4017187, 4017189, 4017025, 4017159, 4013641, 4009554, 4016886, 4002714, 4017029, 4013971, 4017219, 4017182, 4017218, 1330520, 4012584, 4012585, 1330521, 4017060, 4016676, 4017057, 1330522, 4017059, 4016789, 4016786, 1600583, 1330525, 1600581, 1330575, 1600580, 1600578, 1600576, 1330577, 1600577, 1330578, 4007727, 1330579, 1330332, 1600571, 1330463, 1600561, 1330077, 1330583]",6061,Domicile-travail
1368,"[4591, 4590, 5057, 1380220, 1381643, 1380532, 1381375, 7223, 7224, 1381373, 7225, 1381371, 7226, 1381153, 7227, 1380462, 7228, 6974, 1380778, 6975, 1380613, 6976, 1381081, 6977, 4130, 4004933, 4007667, 4014931, 4007669, 6985, 1260047, 1260289, 1260048, 1260049, 1261044, 1260647, 1260561, 1260562, 1260563, 1260888, 1260034, 1260454, 1260123, 4871, 1260124, 1260592, 1260037, 1260729, 1260730, 1250002, 4140, 1250081, 4139, 4490, 4456, 4880, 4465, 4017672, 1442, 4007414, 4007413, 4017673, 4007406, 1443, 4007424, 4007423, 4007418, 6560, 4007420, 1439, 1625541, 439, 7819, 1250175, 1240252, 5031]",4368,Courses
1372,"[1608108, 6057, 1607932, 1607938, 1607937, 1607935, 1608042, 1608041, 1608043, 1608044, 1608045, 1608047, 4967, 1608049, 1608050, 1608051, 1608053, 1608054, 7147, 7142, 1609531, 7143, 7141, 7140, 7139, 1609460, 7137, 4010393, 4010391, 4010392, 4009530, 4009532, 4012351, 4009528, 4012353, 4012352, 4006005, 5834, 4006910, 4006911, 5835, 5833, 4005929, 4005928, 5827, 5828, 5829, 4004631, 5830, 4004630, 4004636, 6396, 4004648, 5845, 5849, 4006417, 5848, 5847, 4008004, 5846, 5850, 4006376, 1612, 4006364, 5852, 4006379, 5853, 4009424, 1857, 4009426, 4008118, 4008119, 4006396, 7678, 1609391, 1769, 6409, 3510, 6721, 1609398, 1609397, 4017052, 4017053, 1609059, 1609093, 1609058, 1609057, 1609056, 4000876, 1609052, 4013255, 4015594, 4015593, 4015599, 4015604, 4015607, 4015610, 4015613, 4015602, 4015592, 1614511, 1614508, 4001243, 4001443, 4004671, 4004425, 4017035, 4017036, 4005864, 1316, 956, 1327, 951, 282, 283, 693, 281, 1130, 692, 4013148, 1139, 574, 128, 1621972, 573, 127, 898, 1621969, 126, 572, 1621924, 4383, 4382, 4381, 1621408, 4002037, 4006086, 4384, 4385, 4386, 4709, 1110, 274, 1277, 1276, 1621314, 125, 4013383, 4013386, 4013384, 4013526, 571, 1623532, 124, 1621285, 1275, 1621302, 1621248, 897, 1621205, 896, 122, 1620419, 1620416, 4013225, 4013226, 1620396, 1620446, 1620444, 4006982, 1623374, 1620588, 1620590, 4012920, 4012921, 4010543, 5190, 1620600, 1620609, 1620610, 7391, 1620618, 4006971, 4000527, 1620620, 1620621, 1620614, 4004607, 4004606, 1620658, 1620657, 1620809, 1620802, 1620801, 1620832, 1620841, 1620839, 1620923, 1620922, 1620921, 1620919, 1620904, 1620903, 1620951, 1623309, 1620974, 1620973, 1620984, 1620958, 1621713, 1623291, 1621714, 4002126, 1621736, 4014041, 4014042, 4014044, 1621796, 1621789, 1621802, 1622169, 1622170, 1622168, 1622166, 7377, 7376, 4001378, 4012927, 4012931, 4012928, 1622147, 4001492, 4001792, 4001794, 4001793, 4001795, 4001489, 4001797, 4001801, 4001798, 4001799, 4001372, 4001370, 4001369, 4001366, 4001368, 1622123, 4001998, 1622098, 1622083, 1622081, 1622070, 4004230, 1622072, 1622068, 1622077, 1609664, 4000614, 4000320, 4006328, 4000318, 1609655, 4009266, 4012923, 4012924, 4009251, 4009252, 1609622, 1609599, 7364, 1609616, 7371, 1609572, 1609574, 7370, 7368, 7367, 7366, 7365, 7363, 948, 949, 1609557, 1609556, 4002004, 4014313, 4011164, 4011159, 4017849, 4011153, 4014314, 4002005, 1609542, 1610882, 4016007, 4016006, 1010612, 4017848, 1010283, 1010282, 1010281, 1010280, 7359, 4017013, 4017014, 1010273, 1010272, 1010271, 1010270, 1010268, 1010266, 1010265, 1010264, 1010263, 1010261, 1010533, 366, 1213, 1010150, 367, 1010711, 7148, 1010712, 4013776, 1306, 4015745, 4015743, 7155, 6558, 7154, 1010607, 6557, 7153, 7152, 7151, 7150, 6559, 7156, 1010216, 1010074, 1010522, 1845, 1578, 1577, 1576, 1010655, 7130, 7129, 6546, 1010212, 6545, 1010622, 6544, 6343, 6548, 6547, 6549, 4961, 1609496, 1609499, 4960, 1609512, 1608028, 1607993, 1608027, 1608026, 1608024, 1608023, 1608020, 4012442, 4012443, 5659, 4012450, 4010439, 4012449, 457, 6555, 1607956, 1607946, 1607944, 1607943, 1607942, 1607940, 1607918]",37801,Sport
13735,"[1220363, 1220057, 1220343, 1220082, 1220344, 1220058, 1220228, 1220016, 4115, 1220257, 4113, 4017387, 4122, 1250065, 4121, 1250100, 5336, 7984, 5335, 1250113, 5334, 1250021, 5333, 1250053, 1250276, 1625078, 5332, 1625079, 5337, 5018, 1250173, 5019, 1240250, 5017, 7963, 6169, 1240344, 1240437, 1240335, 1240345, 6168, 6120, 1240346, 1240123, 1240348, 5022, 1240377, 5023, 1240350, 1240351, 7949, 1240353, 1240354, 6180, 4014490, 4012171, 1312, 4014489, 4014487, 1240426, 4014551, 4014549, 1090, 1325, 1880, 4014550, 1140032, 4014552, 1538, 5024, 1240378, 1240124, 5021, 7197, 1240336, 1240438, 5026, 7198, 5029, 1240343, 1240310, 1240395, 1240238, 1250055, 1240240, 1250023, 1250166, 1250022, 1250157, 1250114, 1220059, 1220015, 1220013]",8916,Magasinage
1374,"[4007365, 1293, 604, 159, 603, 4012578, 158, 602, 157, 900, 579, 156, 601, 155, 600, 154, 599, 4009905, 4009800, 153, 598, 152, 597, 151, 1410085, 596, 907, 150, 595, 149, 1292, 191, 624, 192, 912, 627, 1311, 1390300, 628, 195, 629, 196, 1187, 1390521, 1188, 1773, 1625386, 1625387, 5932, 4017100, 914, 6948, 5933, 4834, 4842, 6955, 1381608, 6954, 1381604, 1381603, 6953, 1381430, 6952, 5531, 4012991, 5530, 5529, 1381412, 5528, 5526, 5525, 1381358, 5524, 1380012, 5523, 1381180, 5522, 1380945, 5521, 5534, 1380440, 5533, 5052, 1381402, 1380069, 5053, 1380356, 4843, 4846, 4854, 4017450, 4017760, 4017761, 4861, 5256, 5255, 1381633, 4014669, 4014670, 4014671, 4016645, 1380345, 6957, 1380115, 6965, 4017731, 1380117, 6964, 1380527, 6963, 1380408, 6962, 1380411, 6969, 6961, 1381055, 6979, 1381090, 6978, 1381093, 1380272, 1381029, 1380273, 1381174, 1380274, 1624274, 1624283, 1380275, 1380151, 1380277, 1380747, 1380278, 1381159, 1380279, 1381643, 5057, 4590, 4591, 4592, 4593, 4014974, 243, 4014975, 3803, 5346, 5343, 4014692, 4014693, 4014697, 4014691, 4014690, 1625781, 1174, 1370995, 1326, 666, 4012048, 4015723, 240, 663, 242, 4015722, 1625101, 1371046, 1625102, 1370143, 1625107, 1600207, 1370167, 1371208, 7263, 6657, 1370744, 6658, 6659, 4015764, 4015766, 4015765, 1370466, 4616, 1371145, 4617, 1600444, 4618, 1600446, 4619, 4621, 1600450, 1600451, 1600458]",11389,Domicile-travail
13768,"[1193, 4010520, 5095, 4008060, 4281, 4001509, 4279, 4016101, 4016102, 4016116, 4016107, 4016553, 4016100, 4016985, 6214, 6215, 6216, 1370212, 5091, 6217, 7995, 7, 1371114, 1041, 926, 650, 220, 4015718, 221, 927, 652, 222, 917, 653, 223, 4015716, 849, 654, 4015717, 1042, 226, 655, 225, 929, 657, 238, 664, 239, 665, 240, 4015723, 935, 1326, 1174, 1370995, 1625781, 4014690, 4014691, 4014693, 4014692, 5343, 5346, 3803, 4014975, 243, 4014974, 4593, 4592, 4591, 4590, 5057, 1381643, 1380532, 1381375, 7223, 7224, 1381373, 7225, 7226, 7227, 1380462, 7228, 6974, 1380778, 6975, 1380613, 6976, 1381081, 6977, 4130, 4015028, 4134, 4004559, 4133, 1260061, 4014931, 4007667, 1371425, 1380019, 6970]",5676,Commute
13779,"[1080549, 1080127, 1080539, 1080126, 1090107, 1090106, 1090400, 1090218, 1090398, 1090163, 1090397, 1090019, 1090018, 6077, 6081, 1090038, 4236, 1170206, 4235, 4234, 1170190, 4233, 1170181, 4232, 1170148, 4231, 4230, 1160547, 4229, 1160532, 4228, 1160514, 4227, 4226, 4225, 1160355, 4224, 1160256, 4223, 1160304, 4222, 2625, 4221, 1160311, 4220, 1160207, 4219, 1160292, 4218, 1160095, 6121, 1160137, 4988, 1160127, 4989, 1160368, 4998, 1150168, 4997, 1150128, 4996, 1150136, 4995, 1150159, 4994, 1150093, 4993, 1150175, 4992, 6138, 4991, 1150102, 4990, 7190, 1150004, 7189, 6129, 5000, 1150199, 4999, 236, 4014882, 4014883, 4014885, 231, 4014879, 4014878, 1, 7181, 4243, 4242, 7186, 1230435, 7185, 1625228, 1625229, 7184, 7183, 1230008, 7182, 1230404, 5326, 1240301, 5325, 1240102, 5324, 1240158, 6119, 6118, 6117, 1240133, 6116, 6115, 7942, 6114, 6113, 1240346, 6120, 6168, 1240336, 1240438, 6169, 6167, 7198, 5029, 1240251, 5031, 1250174, 5030, 5015, 4251, 4250, 4249, 1250339, 4248, 4247, 1250404, 1250094, 4882, 4012232, 4868, 4016797, 6959, 4142, 6987, 1250134, 6986, 1250218, 6988, 4490, 4139, 4140, 4141, 7625, 1261218, 5258, 1260732, 4458, 1260595, 4457, 4873, 1260947, 1260946, 1260889, 1260945, 1260890, 1260944, 1260650, 1260652, 1261046, 1260954, 4002908, 4002904]",11535,Domicile-travail
1378,"[1020168, 4006189, 4007952, 4010728, 4015489, 4015918, 4015495, 4015508, 4009668, 4015492, 4015493, 4006174, 4006173, 4007951, 4006172, 4006170, 1603331, 1603343, 1603345, 1603347, 1603349, 1625035, 1603350, 1603351, 1603381, 1603382, 1603386, 1603383, 1603385, 1603400, 1625036, 1603401, 1603404, 1603408, 3976, 1610639, 3979, 3978, 3980, 1604362]",3099,Commute
13785,"[1260951, 1261041, 4002902, 1261039, 1260291, 1260444, 1260445, 1260053, 1260446, 4008724, 4008726, 1260447, 1260656, 4008721, 1260658, 1260543, 1260659, 1260869, 1260662, 1260663, 1260665, 1260667, 4002890, 1260668, 1260399, 1260669, 1260670, 1260673, 4002886, 1261060, 1260674, 1260512, 1260848, 1261058]",1856,Domicile-travail
13800,"[1030548, 1030127, 1030128, 4015461, 1030129, 4015458, 4015457, 4015463, 4007446, 4015469, 4015472, 4015466, 1624131, 1130128, 1130244, 7849, 7848, 7846, 1130154, 7844, 7847, 7845, 1130272, 1053, 1130211, 1130212, 1624269, 1130213, 1130078, 1130214, 1130220, 1130215, 1130299, 1130216, 1130288, 1604372, 1130056, 4017225, 4017228, 4017224, 6698, 4016654, 1603451, 1604364, 1604360, 4003203, 4003202, 1604361, 1614590, 1604343, 4009141, 4009139, 4009138, 4009130, 4009132, 4015304, 4015307, 1625238, 1600020, 1600347, 1280120, 4009047, 4009048, 1600684, 1622350, 1280138, 1280022, 4009031, 4009032, 1290119, 4009029, 1290118, 4009027, 4578, 1290369, 4579, 1290356, 4580, 1291219, 4581, 1290382, 4582, 1291212, 4583, 5650, 5652, 5651, 1291215, 6176, 1291214, 4015353, 4015360, 1300195, 1600376, 1300194, 1600378, 1300193, 1600380, 1300192, 1300191, 1600384, 1300190, 1600387, 1300188, 1600389, 1300186, 1600391, 1300185, 1300184, 1600394, 1300183, 1300210, 1600395, 5680, 1300212, 1300213, 1300214, 1300302, 1602935, 1602934, 1602937, 1602933, 1602915, 1602913, 1602944, 1602912, 1602911, 1602947, 1602946, 1602929, 1310087, 7250, 1310181, 7255, 1310192, 7256, 1310016, 7257, 5082, 7258, 1310202, 7251, 7252, 7253, 1310031, 7254, 1310024, 1310148, 1310049, 1320149, 1320130, 4628, 1320253, 4629, 1321114, 4630, 1320227, 1320226, 3957, 1320223, 1320216, 1320177, 1320217, 1320218, 1320196, 1320219, 1320203, 1320220, 1320296, 4009169, 1625231, 4009367]",12239,Domicile-travail
1381,"[1260595, 1260596, 1260977, 4462, 4457, 4873, 1260947, 4872, 1260036, 4871, 1260123, 4870, 1260070, 4875, 1380750, 1380423, 1624134, 1380748, 4124, 1381630, 1380657, 1381105, 1380625, 1380626, 1380629, 1380632, 1380862, 1380633, 1380634, 1380635, 1380636, 4008500, 4011697, 4011698, 5253, 5252, 7850, 4012069, 7851, 7852, 5254, 4839, 1380084, 6956, 1380790, 5533, 1380440, 5534, 1381063, 5521, 5522, 4002957, 5523, 5524, 5525, 5526, 4002961, 5528, 1381412, 5529, 5530, 5531, 6952, 6953, 1381430, 1381603, 7072, 6954, 1381608, 6955, 1390038, 1390720, 5933, 4834, 6948, 5932, 914, 4017100, 1625387, 1625386, 1773, 1188, 1390521, 1187, 430, 196, 916, 629, 195, 628, 1390300, 1311, 1390207, 627, 912, 431, 4006873, 4009992, 4009991, 4006872, 191, 1292, 4009775, 4009776, 1410387, 595, 1410242, 1410301, 150, 4788, 907, 1410364, 1410646, 6913, 1410085, 596, 151, 597, 1410463, 152, 598, 1410304, 153, 4009800, 599, 4009905, 154, 600, 155, 1614624, 1614623, 1625358, 601, 156, 579, 133, 1625408, 4769, 1410579, 1410068, 4777, 6886, 4770, 4771, 1410276, 1410037, 1410455, 1410536, 1410456, 1410332, 1410457, 1410458, 4438, 1410459, 1410614]",9152,Domicile-travail
13828,"[1030370, 1030548, 1030127, 1030277, 1030128, 1030129, 1030385, 4015458, 4007446, 4015463, 4015469, 4015472, 4015466, 1624131, 1130108, 1130128, 1130244, 1130192, 7849, 7848, 7846, 1130154, 7844, 7847, 7845, 1130271, 1053, 1130211, 1130133, 1130212, 1130068, 1130213, 1130214, 1130221, 1130215, 1130216, 1130288, 1604372, 1130056, 4017225, 1130003, 4017223, 4017224, 4016654, 1603451, 1604354, 1604360, 1604356, 1604348, 1604352, 1604342, 1604343, 1603460, 4009141, 4009139, 4009130, 4009127, 4009128, 4015304, 4015307, 1625238, 1600020, 1600347, 1280120, 4009047, 4009048, 1600684, 1622350, 1280022, 4009031, 4009032, 1290119, 4009029, 1290118, 4009027, 4578, 1290370, 4579, 1290357, 4580, 4581, 4582, 4583, 5652, 5651, 1291207, 6176, 1290235, 1291214, 4015353, 4015360, 1300195, 1600376, 1300194, 1600378, 1300193, 1600380, 1300192, 1600382, 1300191, 1600384, 1300190, 1600387, 1300188, 1600389, 1300186, 1600391, 1300185, 1300184, 1600394, 1300183, 1300210, 1600395, 1300212, 6181, 1300213, 1300214, 1300302, 1602935, 1602934, 1602937, 1602933, 1602915, 1602913, 1602898, 1602912, 1602911, 1602900, 4002783, 1602901, 1602929, 1311102, 7250, 1310182, 7255, 7256, 7257, 7258, 7251, 7252, 7253, 7254, 1310148, 1320149, 4628, 1320253, 4629, 4630, 1320227, 1320226, 3957, 1320223, 1320216, 1320177, 1320217, 1320218, 1320197, 1320219, 1320220, 1320296, 1320002, 4009367]",12313,Domicile-travail
1384,"[1261218, 7625, 4141, 1250002, 4140, 1250085, 6991, 4465, 4017672, 1442, 4007414, 4007409, 4017673, 4007406, 4007403, 4007404, 4007399, 1261136, 1260253, 3748, 4007421, 1441, 6560, 4007420, 1439, 439, 5016, 5015, 5018, 1250174, 5019, 1240250, 1240251, 5017]",2366,Commute
13845,"[1490, 1449, 1489, 963, 722, 1446, 1445, 310, 1444, 723, 1260084, 1623961, 4017803, 4011658, 4007418, 1443, 6560, 1439, 1440, 5016, 5015, 5337, 5332, 1250364, 1250276, 5333, 5334, 1250112, 5335, 7983, 5336, 1250099, 4121, 4122, 4017384, 4113, 1220256, 4115, 1220228, 1220058, 1220081, 1220015]",5564,Sport
13848,"[1604277, 7245, 7248, 1604274, 7247, 1604273, 7244, 1604272, 4268, 1262, 1601167, 7242, 1601150, 7243, 1601153, 1601156, 7237, 7239, 7240, 1601164, 7238, 7241, 1600981, 5069, 4010760, 5068, 4007311, 5071, 5070, 1260015, 7236, 1260131, 1260436, 1260119, 7235, 1260270, 7230, 7234, 1260840, 7233, 1260854, 1260853, 1260905, 1260852, 1260851, 1260850, 1260674, 4002886, 1261060, 1260512, 1260673]",3205,Sport
13857,"[1420521, 4015049, 229, 4015052]",597,Autres
1388,"[1030179, 1030376, 1030178, 1030158, 1030177, 1030583, 1030176, 1030537, 1030175, 1030059, 1030174, 1030510, 1030168, 1031156, 1031155, 1030169, 1030289, 1030170, 1031104, 4002538, 1030171, 1050087, 6523, 1050343, 6522, 1050476, 1050370, 4015995, 4015996, 4015994, 1040347, 3871, 1040066, 3870, 1040298, 1040299, 1040028, 1040300, 1040301, 1040391, 1040197, 1040087, 1040198, 1040526, 1040199, 1040367, 1040200, 4204, 7118, 4013714, 4013713, 4959, 5306, 1040375, 4519, 1110381, 4010977, 4518, 1110351, 7193, 1110406, 7194, 1110278, 1110605, 7195, 7196, 843, 5002, 1120208, 5003, 1120280, 5001, 1120084, 5004, 1120171, 7192, 6179, 7191, 1140382, 7190, 1140025, 1140297, 7189, 5642, 5000, 1140290, 4999, 236, 4014882, 4014883, 4014885, 4014879, 4014878, 4014876, 1, 7181, 6109, 6110, 6111, 6108, 1230260, 7180, 1230497, 1230544, 4987, 1230212, 6102, 1230189, 1230344, 5931, 1220137, 4830, 1220042, 1220036, 5243, 244, 4826, 4827, 1220115, 4822, 4824, 1220244, 5513, 4013756, 1380654]",11522,Domicile-travail
1389,"[1380654, 4013756, 5513, 1220244, 1220090, 4824, 1220097, 4822, 1220115, 4827, 1220044, 5512, 4826, 1220043, 4830, 1220138, 5931, 1230345, 6098, 1230189, 6102, 4542, 4987, 7180, 5319, 6108, 6111, 6110, 1230416, 6109, 1, 4014876, 4014877, 4014881, 4014885, 1150230, 4014882, 1150098, 1150200, 1150099, 1150100, 1150005, 1150101, 4991, 1150102, 6152, 1150103, 1100066, 1100067, 1100344, 1120281, 1625212, 5003, 1120208, 5002, 843, 1014, 7196, 1120061, 1110605, 1110278, 7194, 1625211, 1622544, 1110081, 1110408, 1110082, 1111117, 4003284, 4009723, 1110381, 4009724, 4003283, 1040095, 1040096, 4010496, 4010495, 1040100, 1040200, 1040199, 1040526, 1040198, 1040088, 1040197, 1040196, 1040195, 1040027, 1040194, 6047, 1040299, 6048, 1040068, 6049, 4513, 3862, 1040228, 4015991, 4015993, 4015992, 1050293, 3863, 4017425, 4017428, 1050345, 3866, 1050089, 3867, 1050088, 6524, 1050087, 1030171, 1031103, 4002538, 1030628, 1030170, 1030169, 1031155, 1030168, 1030511, 1030174, 1030060, 1030175, 1030537, 1030176, 1030158]",11710,Domicile-travail
139,"[4555, 4007452, 4567, 4565, 4000944, 4566, 4568, 4557, 4559, 4558, 1604095, 4564, 4563, 4560, 4561, 1604516, 4009013, 1604150, 1604148, 1624236, 1240076, 1261200, 4017803, 4011658, 4007416, 4007418, 4007423, 4007424, 4007406, 1443, 4009484, 4009486, 1250451, 4465, 4880, 4456, 6988, 4490, 1250118, 1260721, 1250081, 1260724, 1260728, 1260125, 1260124, 4871, 1260123, 1260454, 1260122, 1260887, 1260034, 1260888, 1260889, 1260945, 1260096, 1260944, 1260562, 1261033, 1260650, 1261045, 1260049, 1260048, 1260290, 1260047, 1260986, 1371425, 4007669, 4007667, 1371428, 1260817, 1371165, 6982, 4137, 1370765, 1370677, 1371096, 7228, 7227, 1381153, 7226, 7225, 1371228, 7224, 1371185, 1370998, 1371186, 1370634, 1371187, 1371188, 1371189, 1370856, 1370135]",6086,Domicile-travail
1390,"[1380119, 1380161, 1381439, 1381633, 5255, 1381115, 5256, 4861, 4017450, 4017761, 4017760, 4854, 4846, 4843, 1380356, 5053, 5052, 1381402, 5533, 1380440, 5534, 1381063, 5521, 1380945, 5522, 1381180, 5523, 1380012, 5524, 1381358, 5525, 5526, 5528, 1381412, 5529, 5530, 4012991, 5531, 6952, 1381430, 1381603, 1381604, 1381608, 6955, 1390038, 4842, 4834, 5933, 6948, 5932, 914, 4017100, 1625387, 1625386, 1773, 1188, 4007893, 1390727, 1187, 430, 196, 629, 195, 628, 1311, 1390446, 1390207, 627, 912, 192, 624, 191, 1292, 1410043, 149, 595, 1410700, 1410216, 1410217, 1410561, 1410218, 1411111, 1410219, 1401005, 1400163, 1625153, 1400164, 1400165, 1400349]",4643,Domicile-travail
1391,"[4008462, 1520, 4007320, 4007319, 4014731, 1183, 6, 4014732, 4014733, 4012770, 460, 4014696, 4014698, 668, 245, 913, 1296, 4014975, 246, 4014973, 669, 667, 4014974, 243, 4593, 4592, 4591, 4590, 5057, 1381643, 1380279, 1381644, 1380278, 1380277, 1381428, 1625250, 1380275, 1380274, 1380273, 1380272, 1381654, 6978, 6979, 6961, 1625248, 6969, 6962, 6963, 6964, 4017731, 1625247, 6965, 6957, 5934, 1380345, 4016645, 1381438, 4014671, 4014670, 4014669, 1381633, 1380161, 1380120, 1380119]",4876,Domicile-travail
1392,"[4016878, 1370729, 1371019, 4016493, 4016495, 4016494, 1260298, 1260492, 1261053, 1260663, 1260493, 1260494, 4017031, 4017030, 4017032, 1260742, 1260245, 1260741, 1260877, 1260740, 1260553, 1260738, 1260737, 1260466, 1260735, 1260734, 1260733, 1260977, 1260732, 1260731, 1260730, 1260037, 1260729, 1260728, 1260724, 1250081, 1260721, 1260720, 1380911, 1250131, 1380909, 4128, 1380905, 4862, 1380903, 1380202, 1250032, 1380902, 1381107, 1250373, 1250374, 1250257, 1250375, 1250376, 1250377, 1250378, 1250379, 1250380, 1250381, 1250382, 1250383, 5337, 1625079, 1250386, 1250387, 1240343, 1240344, 1240437, 4003149, 1240345, 1240346, 1240123, 1240348, 1240349, 1240350, 1240351, 1240353, 1240354, 4014490, 4014488, 5661, 4016042, 4016043, 4016040, 234, 4016041, 4012173, 1140342, 1140343, 1140344, 1140346, 1140347, 1140348, 1140349, 1140350, 1140351, 1140352, 1625647, 1120254, 1120255, 1120257, 1120259, 1120260]",8042,Domicile-travail
1394,"[723, 4011658, 1240257, 1240256, 1625541, 1240255, 1240254, 6166, 7198, 6167, 6169, 6168, 5021, 1240123, 5022, 5023, 1240353, 1240354, 6180, 4014490, 5661, 4014488, 1240426, 4016042, 234, 4016041, 4012173, 5660, 5632, 5633, 4015040, 5634, 5635, 4015044, 5636, 5637, 4017151, 5638, 1140366, 5639, 1140110, 5640, 5641, 1140296, 5642, 5000, 6129, 1150100, 6130, 6139, 1150005, 6140, 4991, 6138, 2316]",5155,Domicile-travail
1395,"[1381640, 1381427, 1380151, 1380275, 1624283, 1624274, 1380274, 1381174, 1380273, 1380272, 1381654, 6978, 6979, 6961, 1625248, 6969, 6962, 6963, 1380527, 6964, 1380117, 4017731, 6965, 1380115, 1380345, 6957, 5934, 1608943, 1608940, 4007361, 4014673, 4014012, 4014672, 1380969, 1381061, 4017761, 4017760, 1381304, 1381062, 1380358, 1381063, 5534, 1380791, 1381064, 1381222, 1381065, 1380495, 1381631, 1380763, 1381068, 4007173, 1381069, 1380640, 1381070, 1380880, 1220339, 4835, 1220340, 1220028, 1220341, 1221018, 1220270, 1220057, 1220269, 1220013, 1220268, 1220254, 1220267, 3783, 4017379, 4017381, 4017380]",4018,Social
1396,"[4004946, 1608747, 1608738, 4010222, 6424, 6425, 6423, 1677, 1608733, 1608732, 458, 1608587, 4010316, 4010317, 4000884, 4010327, 4010328, 1608619, 4002278, 4010334, 4010335, 1608481, 1608477, 1608475, 1608476, 4002286, 1608461, 1608453, 1608452, 1608395, 4002344, 1608398, 1608450, 1608152, 1608151, 1608150, 1608148, 1608369, 1608156, 1608198, 1608142, 1608143, 1608144, 1608131, 3982, 3981, 4017346, 4017345, 6070, 6290, 1608276, 6292, 1608278, 6293, 6291, 6294, 6295, 1608248, 1607560, 1607562, 4012108, 4012102, 4012105, 4012110, 1607615, 4017701, 1603151, 4000543, 4002319, 1603173, 6281, 1603166, 6282, 6685, 4000546, 4641, 4636, 4637, 1603192, 1603203, 4638, 4639, 4640, 1603678, 4643, 4642, 4644, 1604502, 1840, 1603753, 5752, 5757, 4013246, 4013247, 1603548, 1603549, 1603536, 1603537, 4008231, 1603511, 1603509, 1603533, 1280035, 1280034, 1280255, 1625471, 1600011, 4009128, 4015304, 4015307, 1625238, 1600020, 4006087, 1600017, 1600349, 1603836, 1603838, 1603840, 4007150, 4007149, 4015279, 4015276, 4015280, 4013978, 4013979, 1603881, 4014156, 1173, 5034, 1604324, 1603899, 1603941, 1603964, 1603988, 4003260, 1603998, 1604339, 1603999, 1604002, 1604000, 1604001, 1603980, 1603976, 1604031, 1603974, 1604030, 1604028, 1240183, 1240023, 4013759, 1240022, 1240196, 1240197]",12380,other
1397,"[1600047, 1623888, 1600049, 1624239, 1624231, 5035, 5037, 1625096, 5036, 1625085, 1604177, 1604061, 1604060, 4009016, 4000961, 1604056, 1604104, 1604119, 1604103, 1604102, 1604142, 1604141, 1604149, 1604151, 1604152, 1624233, 1261205, 1624234, 1623903, 4017803, 1240257, 4011658, 4007416, 4007418, 6560, 4007420, 1439, 1440, 439, 5016, 5030, 5015, 5018, 5337, 1625079, 5332, 1625078, 1250276, 1250053, 5333, 5334, 5335, 5336, 4121, 4122, 4017387, 4113, 1220257, 4115, 1220015, 1220013, 1220268, 1220267, 3783, 1250242, 3784, 4918, 1250346, 1250391, 1250345, 1220125, 1250344, 1250343]",5687,Social
1398,"[1260296, 1614651, 1623980, 4017148, 1370839, 4017146, 1370096, 4017358, 4017686, 4017685, 1370777, 1370755, 1370778, 4010714, 1370779, 1370725, 1370780, 1370724, 1370101, 1370722, 1371248, 1371249, 1370597, 4017821, 4017822, 1370930, 1789, 1371251, 1371089, 1371252, 1370965, 1370964, 1370109, 4015717, 654, 849, 223, 653, 222, 917, 1371110, 4627, 1370046, 4626, 1370628, 1370174, 4625, 1370209, 4623, 7268, 7269, 6208, 1370749, 4015763, 4015762, 1370637, 1370614, 1370613, 1370957, 1370190, 1600431, 1600123, 1600428, 1370146, 1370145, 4017324, 4017326, 4017325, 4016119, 4016105, 4006107, 4015027, 5089, 4282, 4011766, 4284, 4007127, 1332, 4017050, 4017051, 4016500, 4016501, 1309, 4014057, 4016103, 1370884, 1082, 461, 21, 4012398, 4012397, 1609859, 4007080, 1609864]",6173,Domicile-travail
1399,"[1360422, 5732, 4004255, 4017690, 4017692, 4012962, 4017691, 4009554, 4016887, 4015218, 4015219, 4015217, 1600868, 7244, 1604272, 4268, 1262, 7242, 1601150, 7243, 1601156, 7237, 7239, 7240, 1601164, 7238, 1601162, 7241, 1600981, 5069, 5068, 1600963, 5071, 5070, 7236, 1260131, 1260436, 1260120, 7235, 1260269, 7230, 7234, 7233, 1260854, 7232, 1260566, 7231, 4008720, 4605, 1260403, 4604, 1260060, 1260420, 1260206, 4603, 4601, 4606, 4461, 1260550, 4460, 1260471, 4459, 1260450, 4463, 1614644, 1260464, 4462, 4457, 1260594, 4458, 1260731, 5258, 1261218, 1260962, 7625, 4141, 4866, 4140, 4139, 4490, 6988, 4456, 4880, 4465, 1250451, 1442, 4007414, 4007413, 4017673, 1441, 4007403, 4007399, 3748, 1439, 439, 7819, 829, 6166, 7992, 7198, 6167, 6169, 1240437, 1240335, 6168, 6120, 5021, 1240123, 5022, 1240377, 5023, 5024, 6180, 4012171, 4014490, 4014489, 1312, 1538, 4014552, 4014551, 1240426, 1880, 1325, 4014549, 1090, 1140183, 1140342, 1140013, 4544, 1140371, 4545, 4546, 4547, 6146, 6147, 6148, 6149, 1140194]",10340,Domicile-travail
1401,"[1380812, 4002947, 1381391, 1381390, 1380196, 1380810, 4002949, 1380779, 1381394, 4002950, 1380780, 1381395, 1381396, 1380782, 4002951, 1380783, 1381253, 1380784, 1381398, 1381399, 1380785, 1380786, 4002954, 1381402, 6956, 1381220, 1381217, 1380084, 4839, 5254, 7852, 7851, 7850, 5252, 5253, 4011698, 1381442, 4014910, 4014908, 4014911, 1380880, 4014905, 4014904, 1220005, 4014906, 1221004, 1220062, 1220367, 1220363, 1220011, 4835, 1220340, 4836, 1220316, 4837, 4838, 1220155, 4840, 1220213, 1220360, 937, 244, 1220036, 4830, 1220137, 5931, 1230344, 6098, 1230189, 6102, 1230212, 4987, 1230544, 1230497, 7180, 1230260, 6108, 6111, 6110, 6109, 7181, 1, 4014878, 4014879, 4014883, 231, 4014885, 4014882, 236, 4999, 1150199, 5000, 6129, 7189, 7190, 1140382, 7191, 7192, 5004, 1120085, 5001, 5003, 5002, 843, 1014, 1110605, 1110278, 7194, 1110406, 1110043, 1110405, 1110404, 1110403, 1110070, 1110401]",9052,Commute
1402,"[1160254, 2618, 1160021, 2626, 1160020, 1160310, 1160019, 1160206, 1160018, 1160291, 1160017, 1160094, 1160016, 5329, 1160015, 1160126, 1160014, 1150185, 1150012, 6127, 1150011, 2598, 1150010, 1150009, 1150158, 1150008, 1150092, 1150007, 1150174, 1150006, 6140, 1150005, 1150101, 1150004, 7190, 7189, 5642, 5000, 4999, 236, 4014882, 4014883, 231, 4014879, 4014878, 1, 6109, 6110, 6111, 6108, 1230260, 7180, 1230497, 1230544, 4987, 1230212, 6102, 6098, 1230344, 5931, 1220137, 4830, 1220042, 1220036, 244, 1220357, 1220358, 1220359, 937, 1220360, 1220213, 4840, 1220155, 4838, 1220305, 4837, 1220316, 4836, 1220340, 4835, 1220011, 1220363, 1220367, 1220062, 4014906, 4014907, 1380879, 4014911, 4014908, 4014910, 1381442, 4011698, 5253, 5252, 7850, 7851, 7852, 4008500, 4839, 1380084, 1381217, 6956, 1380786, 1381402, 1380069, 5052, 5053, 1380356, 4843, 4846, 4854, 4017450, 4017760, 4017761, 4861, 5256, 1381115, 5255, 1381633, 4014669, 4014670, 4014012, 4014671, 1381142, 1381438, 1608940, 1380345, 5934, 6957, 1608943, 6965, 4017731, 1380117, 6964, 1380527, 6963, 1380408, 6962, 1380411, 6969, 6961, 1381055, 6979, 6978, 1381093, 1380272, 1381029, 1380273, 1381174, 1380274, 1380843, 1624283, 1380275, 1380151, 1380277, 1380278, 1381159, 1381374, 1380279, 1380532, 5057, 1370997, 4590, 1370634, 4591, 1370859, 4592, 4011484, 1380285, 5346, 3803, 5343, 4014692, 4014693, 4014691, 4014690, 1625781, 1174, 1370995, 1326, 4016603, 666, 4012048, 935, 240, 4015723, 933, 663, 242, 237, 934, 1043, 227, 656, 1625745, 4015716, 223, 653, 222, 652, 221, 651, 220, 926, 219, 649, 4014213, 4014216, 1324, 925, 213, 643, 212, 5403, 5402, 1600416]",14356,Social
1404,"[1260059, 1260746, 1260745, 1260207, 1260744, 4017030, 4017032, 1260742, 1260245, 4008402, 1260741, 1260877, 1260740, 1260550, 1260738, 1260472, 1260737, 1260735, 1614660, 1260734, 1614643, 1260465, 1260733, 1260977, 1260732, 4458, 1260731, 1260948, 1260730, 1260037, 1260729, 1260728, 1260125, 1260724, 1260721, 1260720, 1260072, 1380911, 1380424, 1380909, 1380905, 4126, 1380903, 1380202, 1380902, 1381107, 1380870, 1381043, 1380871, 1380873, 1380144, 1380874, 1380397, 1380875, 1380876, 1624279, 1380877, 1221009, 1380878, 1380879, 4014907, 1220005, 1380880, 1381070, 1380882, 1380884, 1380953, 1380885, 1381609, 1380888, 1221002, 1380890, 1380891, 1380568, 1380893, 1380060, 1380894, 1381333, 1380895, 1380681, 1380896, 1380736, 1380898, 4008748, 4013756, 4013757, 1391006, 1390625, 4012075, 1390626, 1390148, 1390627, 1390030, 1390628, 1390383, 1390629, 1390174, 1390532, 1390410, 1390244, 1390623, 1390634, 1390063, 1390635, 1390318, 4105, 1390317, 4099, 1390222, 4106, 1390282, 1390274, 1390251, 1390283, 1390021, 1390284, 1390295, 1390285, 1390417, 1390286, 1390700, 1390287, 4008374, 4008376, 1400237, 1400322, 1400238, 1400239, 1400196, 1400240, 1400241, 1400167, 1400242, 1400177, 1400243, 1400156, 1400244, 1400039, 4797, 1400038]",6929,Courses
14047,"[6589, 6585, 4003838, 4160, 1614153, 1614265, 1614270, 1614186, 1614195, 1614150, 1614187]",565,Courses
1406,"[4017387, 4113, 1220257, 1220127, 4017388, 4017391, 4017392, 3778, 1230017, 4012497, 4012498, 3776, 3775, 1240429, 3774, 1230553, 1230488, 3773, 5325, 5326, 1230405, 7182, 7183, 7184, 1230477, 7185, 1230434, 1230435, 1230436, 1230037, 4243, 7181, 1, 4014876, 4014879, 4014883, 4014882, 4014880, 1150230, 1150098, 1150200, 1150099, 1150100, 1150004]",3317,Autres
14069,"[4002949, 1380196, 1380812, 1381194, 1380813, 1380814, 4002945, 1260646, 1260647, 4002943, 1260650, 1260944, 1260652, 4002906, 1260653, 4008727, 4008726, 4002897, 1260656, 4002896, 1260658, 1260659, 1260869, 1260662, 1260663, 1260665, 1260667, 1260668, 1260399, 1260669, 1260670, 1260673, 4002886, 1260674, 1260676, 4014225, 4002884, 1260678, 1260679, 1260680, 1260681, 1260684, 1624020, 4002743, 1625091, 1625093, 1625092, 4014980, 4014981, 4016690, 4015756, 4014982, 1601394, 1600920, 1360404, 1360405, 1360406, 1601395, 4015269, 1360407, 1360408, 1360409, 4017284, 4012964, 1360410, 1360411, 1600410, 1600681, 1360413, 1600679, 1360414, 1600677, 1360415, 1360416, 1600675, 1360499]",4546,Domicile-travail
14077,"[4012414, 1420581, 4003060, 1420248, 4012410, 4067, 1420381, 6483, 6482, 6481, 1420570, 6480, 1420525, 6618, 1421119, 6619, 1420443, 7637, 670, 249, 1382, 842, 229, 658, 4012747, 4012745, 4012746, 1190070, 1190162, 1190028, 4012748, 1190136, 4451, 1190014, 4450, 4449, 7162, 4810, 4809, 4808, 4807, 1190052, 4803, 4802, 1200155, 1200260, 4813, 4812, 4816, 1625591, 1625740, 1625497, 4012713, 4012712, 1200039, 4237, 4530, 1200301, 4011784, 4588, 4586, 4585, 4584, 1732, 6085, 6086, 4011684, 1657, 1160142, 6096, 1160296, 6095, 1161103, 1160589, 1160595, 1044, 659, 4014866, 4014865, 4014868, 1045, 6124, 1160157, 1160362, 4014853, 4014857, 231, 4014885, 4014881, 4014883, 4014884, 4999, 1140089, 1140088, 4014903, 4014897, 4014902, 4008170, 4008174, 4008167, 4008173, 1140425, 1141104, 4014887, 4014889, 1140426, 1140086, 4015046, 233, 4017236, 4014424, 4017235, 234, 4016043, 4016040, 1667, 4016041, 4016042, 5661, 4014488, 4014490, 6180, 5024, 7949, 6160, 6165, 7951, 1240416, 1240020, 1240117, 7952, 1240197, 1240022, 4013865, 1240023, 1240183, 1604028, 1604030, 1603974, 1604031, 1603976, 1603980, 1604001, 1604033, 1604000, 1604002, 1603999, 1604008, 1603998, 4003260, 1603997, 1604333, 1604334, 1603995, 1603990, 1603994, 1603991, 1603993, 1603992, 1604014, 4552, 1604062, 4553, 4554, 4556, 4569, 4009010, 3919, 4009017, 1604173, 4009019, 3920, 1604172, 3921, 5036, 5037, 5035, 1624231, 5040, 5039, 1600046]",12284,Travail
1408,"[1250343, 1250393, 1250095, 1250392, 1250144, 1250261, 1250108, 1250260, 1250016, 1250237, 1250017, 1250049, 1250236, 1250361, 1250291, 1250362, 1250213, 1250363, 1250069, 1250364, 1250276, 1625078, 5332, 1625079, 5337, 5018, 5015, 5030, 5016, 439, 1440, 1439, 4007420, 6560, 4007418, 1443, 4011658, 4017803, 1623961, 1623903, 1261205, 1261207, 1604152, 1604151, 1604149, 1604141, 1604142, 1604103, 1604104, 1604056, 1604057, 4000961, 4009016, 1604065, 1604060, 1604061, 1604177, 1625085, 4016918, 5036, 1625096, 5037, 1270295, 1600059, 1600052, 1600051, 1600050, 1600054, 1600049, 1623888, 1600047, 1270098]",5381,Social
1409,"[1381417, 1380943, 1380944, 1380360, 1380945, 5522, 1381180, 5523, 1380796, 1380797, 1380798, 5525, 5526, 5528, 1381412, 5529, 5530, 4012991, 5531, 6952, 1381430, 1381603, 1381604, 1381608, 6955, 1390038, 4842, 1390594, 4834, 4831, 4832, 1390392, 4833, 6947, 1390043, 7620, 1610, 1295, 4112, 6951, 1390671, 6950, 1390672, 914, 4017100, 1390368, 1390692, 1390367, 1390178, 1390366, 1625387, 1625386, 1773, 1188, 1390521, 1187, 196, 629, 195, 628, 1311, 627, 912, 431, 1390681, 5503, 5504, 5505, 1390480, 1390481, 4006089, 1390482, 1390483, 1390414, 1390461, 1390415, 1624885, 4804, 1390417, 1390286, 1390418, 1390642, 1210267, 4098, 4814, 5502, 5501, 4180, 1625497, 4012713, 1625284, 4012712, 1200039, 4237, 7179, 7178, 1200337, 1201108, 1200346, 1200427, 1200426, 1200361, 1200425, 1200369, 1200424, 1200423, 1200166, 1200422, 1200421, 1625338, 1190316, 1190204, 1190232, 4972, 1190233, 1190106, 1190238, 1190107, 1190108, 1190109, 1190110, 7165, 1190111, 1190254, 1190112, 1190259, 1190113, 1190017, 1190114, 1190140]",8362,Social
141,"[1607137, 6320, 1607135, 5807, 1607147, 6313, 6315, 5798, 1607178, 1607179, 1607229, 1607241, 1607230, 1607244, 1607245, 1607270, 1607300, 4002240, 1607271, 3753, 3754, 3755, 4013676, 4015387, 1607287, 1603100, 4012777, 1603065, 1603064, 1603071, 4012775, 4017786, 1603062, 1625725, 4017785, 4009164, 4009166, 1625585, 1625727, 1290326, 1291002, 1625587, 1290263, 4015099, 4015108, 4015109, 4015110, 4015101, 1300443, 1600370, 1300314, 1300313, 1300433, 1600385, 6181, 1300212, 5680, 1300259, 5685, 5683, 1624376, 5684, 1600204, 5682, 1300512, 1310074, 5686, 1310135, 5681, 6650, 3942, 4613, 1310153, 4612, 1310230, 4611, 4610, 4609, 4608, 6187, 4615, 4607, 1330480, 4614, 6647, 6646, 5675, 5679, 5678, 4015084, 4015081, 4015073, 4015067, 4015060, 4015085, 7249, 5079, 4016089, 4016086, 5076, 1330292, 1330368]",9503,Domicile-travail
1410,"[1600416, 1360294, 4010465, 6275, 6274, 1600661, 4013666, 4013664, 4013667, 4013665, 5724, 5728, 5729, 1360468, 5732, 4017690, 4017692, 4017691, 4016887, 4015218, 4015219, 4015217, 1600868, 7244, 1604272, 4268, 1262, 1601167, 7242, 7243, 1601156, 7239, 7240, 1601164, 7238, 1601160, 7241, 1600957, 5069, 4010760, 5068, 4007311, 5071, 5070, 4008736, 4008734, 7236, 1260131, 1260436, 1260119, 7235, 1260269, 7230, 1260925, 7234, 1260839, 7233, 1260853, 7232, 7231, 4008720, 4605, 1260400, 4604, 1260060, 1260059, 1260420, 1260206, 4603, 4017031, 4601, 4606, 1260872, 4461, 1260550, 4460, 4459, 1260449, 4463, 1614642, 1260463, 4462, 4457, 4873, 1260946, 4872, 1260035, 4871, 1260123, 4870, 1260070, 4875, 1380750, 1624134, 1381432, 1380748, 4125, 1381630, 1380200, 1380657, 1381105, 1380625, 1380626, 1380629, 1380632, 1380862, 1380633, 1380634, 1380635, 4008499, 1380636, 4011697, 1381442, 4014910, 1380879, 4014907, 4014906, 1221003, 4014904, 1220005, 4835, 4836, 1220316, 4837, 1220305, 4838, 4840, 1220213, 4917, 1020, 937, 244, 1220036, 1220042, 4830, 1220138, 5931, 6098, 1230189, 6102, 4542, 4987, 3808, 7180, 6108, 1230467, 1230468, 1230469, 1230470, 1230471, 1625581, 1230301, 1230472, 4014849, 4014850, 4014853, 4014854, 4014856, 1151100, 4014855, 1160363, 1150181, 1160217, 1160121, 1160380, 1160381, 1160382, 1160383, 1160203, 1160384, 1160385, 2628, 1160074, 2620, 1160075, 1160252]",11919,Social
1411,"[1609864, 477, 20, 478, 851, 21, 4012397, 461, 1082, 1309, 4014057, 1370884, 4017051, 4017050, 1332, 4013927, 4007127, 4007124, 4284, 4012969, 4282, 5089, 4015027, 4006107, 4016114, 4016119, 4016105, 4017325, 4017326, 4017324, 5086, 1370145, 1370146, 1600428, 1600432, 1600123, 1600431, 1600124, 1600425, 1370150, 1600426, 4010434, 4010433, 1370193, 1370750, 1370751, 1370194, 7271, 1370195, 1370211, 1370196, 1370176, 1370197, 1371043, 1370198, 1370048, 1370199, 1371112, 927, 4015719, 4015718, 651, 221, 1360093, 1360094, 1360524, 1360095, 1360199, 1360096, 1360208, 1360097, 1360269]",3913,Domicile-travail
1412,"[1250019, 1250018, 1250215, 1250070, 1250020, 1250021, 5333, 1250276, 1625078, 5332, 1625079, 1250386, 1250164, 1250387, 1240343, 1240250, 5017, 7963, 6169, 6168, 6120, 5021, 1240123, 5022, 1240377, 5023, 6160, 5024, 4012171, 4014490, 4014489, 1312, 1538, 4014552, 4014551, 4014487, 1240426, 4014550, 1880, 4014549, 1090, 1325, 234, 4014422, 661, 4017235, 4015040, 5632, 1140095, 1140084, 1140096, 1140015, 1140097, 1140372, 4545, 4546, 4547, 1140257, 4548, 4549, 5005, 1120027, 6159, 6153, 1120109, 1120186, 1120110, 1120089, 1120111, 1120269, 1120112, 1120113, 1110265]",6779,Work-related
1413,"[1381374, 1380532, 5057, 1370997, 4590, 1370634, 4591, 1370859, 4592, 4011484, 4593, 4014974, 243, 4014975, 4014973, 4014972, 4014971, 4008490, 4012770, 4014733, 460, 1370090, 4008406, 4008742, 4008741, 4014700, 1183, 4014731, 4014701, 4007319, 4007320, 1520, 4017752, 4017753, 4008723, 4008462, 4008387, 1133, 1622354, 4014955, 4014952, 1622352, 4015026, 1614672, 1614674, 4008532, 4008531, 1523, 4006504, 1524, 1525, 5066, 5067, 4599, 4598, 4597, 4594, 4595, 4016580, 4600, 1614701, 5064, 5065, 1624943, 6644, 4014940, 4014941, 4014939, 4596, 4008459, 4014958, 4008388, 6, 1380033, 4014732, 4014698, 668, 245, 1296, 669, 246, 667, 1380279, 1380278, 1381644, 1381159]",14366,Sport
14135,"[814, 1410501, 4780, 1410500, 1420300, 6897, 6895, 6902, 6905, 6899, 6904, 6903, 1410467, 6898, 1400049, 4786, 1400028, 4785, 4784, 4783, 6923, 6928, 1400487, 6927, 4810, 7162, 4809, 4808, 1190035, 4807, 1190052, 4803, 4802, 1200155, 1200260, 4813, 4812, 4816, 4009858, 4815, 4800, 4180, 5501, 5502, 4814, 4098, 4096, 4095, 1210004, 4094, 1210135, 4093, 4177, 4102, 1210034, 4266, 4100, 5244, 1210242, 5248, 1210292, 5247, 1210308, 4017349, 5246, 5927, 6487, 6486, 6485, 1220203, 6484, 1220145, 1220244, 1220090, 4824, 1220097, 4822, 4827, 5512, 4826, 1220036, 5243, 4830, 5931, 1230344, 6098, 1230189, 6102, 4542, 4987, 7180, 6108, 6111, 6110, 6109, 7181, 1, 4014876, 4014878, 4014879, 4014883, 4014882, 236, 4999, 4014884, 232, 1140089, 1140088, 4014895, 4014897, 4014903, 4014902, 4008174, 4008173, 1141104, 1140086, 233, 661, 4014422, 234, 4016040, 1880, 4014550, 1325, 1090, 4014549, 4014552, 1538, 1312, 4014489, 4014490, 4012171, 5024, 7949, 6160, 6165, 1240379, 6164, 1240148, 6163, 1240125, 6162, 6161, 5027, 1240336, 5028, 5026, 6167, 5029, 1240252, 5031, 1250174, 5030, 4251, 4250, 4249, 4248, 4247, 1250404, 4868]",12519,Social
1414,"[7190, 5642, 5000, 1150199, 4999, 236, 4014882, 4014880, 4014881, 4014883, 4014879, 4014878, 4014876, 1, 7181, 4243, 4242, 1230324, 1230494, 1230493, 1230323, 1230322, 1230321, 1230320, 1220176, 1220164, 1220133, 1220163, 4119, 1220162, 1220161, 1220160, 1220159, 1220191, 1220158, 1220157, 1220156, 1220030, 1220155, 4838, 1220305]",3523,Social
1419,"[1310024, 7254, 1310031, 7253, 1310299, 7252, 1310387, 7251, 7258, 5082, 1310336, 5081, 5694, 6207, 6206, 1310162, 6205, 6194, 6204, 6203, 5351, 1600546, 5355, 1600548, 5356, 1600549, 5354, 1600550, 1330308, 1600551, 5352, 1600557, 5353, 1600556, 5349, 1330603, 5348, 1330262, 5347, 1600597, 5688, 1600595, 5687, 1600594, 5677, 6646, 1330624, 3932, 5679, 1600588, 4015076, 4017417, 4017422, 4015073, 4015067, 4015084, 4015060, 4015085, 5078, 1600586, 5079, 1330181, 5080, 5076, 1330368, 1330292, 1330325, 5077, 5074, 1330249, 5073, 1330047, 4013735, 1600832, 4013437, 7245, 1604277, 7248, 1604274, 7247, 1604273, 7244, 1604272, 4268, 1600868, 1600856, 4000979, 4015217, 4015219, 4015218, 4016887, 4017691, 4017692, 4017690, 4004255, 1360468, 5729, 5728, 5724, 4013667, 4013666, 1600661, 6274, 1360165, 6275, 1360295, 5726, 1600662, 5727, 5720, 5719, 5718, 5401, 5402, 5403, 642, 212, 4004555, 643, 213, 925, 1331, 1324, 649, 4014216, 219, 926, 220, 4015718, 221, 652, 222, 653, 223, 849, 4015716, 1625745, 656, 227, 1043, 934, 237, 4015723, 663, 933, 1313, 241, 936, 5, 668, 4014698, 4014696, 1296, 4014975, 669, 246, 4014973, 667, 4014974, 4593, 4592, 4591, 4590, 1370997, 5057, 1381643, 1380279, 1380532, 1371273, 1370998, 1371185, 7224, 1371228, 7225, 7226, 1371119, 7227, 1380462, 7228, 1371096, 6974, 6975, 1380613, 6976, 1370677, 1370766, 1371051, 1370767, 1370570]",12170,Commute
1420,"[1604362, 1603443, 3980, 3978, 1603417, 1610639, 4003205, 1610558, 1610557, 4003207, 1610556, 4003209, 1610555, 4003208, 4000835, 4003211, 1610548, 4003212, 1610547, 4003213, 1610546, 4003214, 1610543, 4003215, 1610541, 4003216, 1610540, 4003222, 1610539, 4003223, 1610376, 4003224, 1610374, 4003225, 1610372, 4003226, 1610370, 1603306, 4006172, 4006173, 4006964, 4006174, 4007513, 4011306, 4009666, 4009661, 4009668, 4015506, 4015510, 4015508, 4015495, 4015918, 4015489, 4006133, 4010728, 4006189, 1020168]",2983,Commute
1421,"[6918, 6917, 1400028, 4785, 4784, 1400332, 1400330, 4783, 6923, 1400247, 6928, 1400488, 6927, 4449, 7162, 1190102, 7163, 1190060, 1190053, 1190126, 7166, 1190305, 1190208, 4215, 1190094, 7165, 1190111, 6075, 1190043, 6076, 1190282, 4526, 1170119, 7885, 1170118, 1190284, 1190243, 1190285, 7893, 7892, 1170115, 1170114, 4011497, 1171127, 1171128, 1200280, 1200404, 1200279, 2278, 1200278, 1200389, 1200277, 1200276, 2606, 1200275, 1200366, 1200274, 1200273, 1200272, 1200271, 1200351, 1200270, 1200269, 1743, 1200268, 1200267, 1200241, 1200266, 1160252, 1160387, 2620]",5237,Social
1422,"[1400349, 1400164, 1625153, 1400163, 1401005, 1410219, 1411111, 1410218, 1410560, 1410217, 1623993, 1410216, 1410700, 595, 1410301, 1410242, 1625407, 1410483, 1624254, 149, 906, 1292, 1410043, 191, 624, 192, 912, 627, 1390207, 1311, 1390300, 195, 629, 916, 196, 4008472, 1624148, 430, 1187, 1390521, 1188, 1773, 1625386, 1625387, 5932, 4017100, 914, 6948, 5933, 4834, 4842, 6955, 6954, 4002970, 4002967, 6953, 6952, 1380806, 4002966, 5531, 4002965, 5530, 5529, 1381412, 4002962, 5528, 5526, 5525, 1381358, 5524, 4002958, 5523, 1380796, 1381181, 1380794, 1380946, 1380793, 1380792, 1381064, 1380791, 1380441, 1380790, 6956, 6958, 5533, 5052, 5053, 1380356, 4843, 4846, 4854, 4017450, 4017760, 4017761, 4861, 5256, 1381115, 1380119]",4593,Domicile-travail
14227,"[4002982, 1220218, 1220087, 1220217, 1220193, 1220216, 7819, 439]",1938,Sport
1423,"[1030179, 1030158, 1030177, 1030582, 1030176, 1030175, 1030059, 1030174, 1030510, 1030168, 1031155, 1030169, 1030289, 1030170, 1031104, 4002538, 1030171, 1050087, 6523, 1050343, 6522, 1050476, 1050370, 4015995, 4015996, 4015994, 1040347, 3871, 1040066, 3870, 1040297, 1040042, 5305, 1040194, 1040195, 1040196, 1040197, 1040198, 1040526, 1040199, 1040200, 4204, 7118, 4013714, 4013713, 4959, 5306, 1040375, 4518, 1110381, 1110351, 7193, 1110406, 7194, 1110278, 1110605, 1014, 843, 5002, 1120208, 5003, 1120280, 5001, 1120084, 5004, 1120171, 7192, 6179, 7191, 1140382, 7190, 1140025, 1140297, 7189, 5642, 5000, 1140290, 4999, 236, 4014882, 4014883, 231, 4014879, 4014878, 4014876, 1, 7181, 6109, 6110, 6111, 6108, 1230260, 7180, 1230497, 1230544, 4987, 1230212, 6102, 1230189, 1230344, 5931, 1220137, 4830, 1220042, 5243, 244, 5242, 1220357, 1220218, 1220217, 1220216, 1220359, 1220215, 1220214, 1220360, 1220213, 1020, 1221000, 1380891, 1380568, 1380893, 1380060, 1380894, 1381333, 1380895, 1380681, 1380896, 1380736, 4005773, 4005774, 1380009]",11884,Domicile-travail
1425,"[1360269, 1360581, 4274, 1360213, 4272, 1370157, 4271, 1370216, 4270, 1370967, 4273, 1371535, 1371072, 1370600, 1371071, 1371070, 1371069, 1624284, 1371067, 1371200, 1371446, 1370096, 4007667, 1371294, 1370728, 1370729, 4016878, 4016493, 4016495, 4016494, 1260298, 1260239, 1260297, 4017250, 4017249, 1260296]",2287,Domicile-travail
1426,"[1100041, 2300, 1100042, 2299, 1100167, 2302, 1150020, 1150175, 4993, 1150174, 1150006, 1150173, 6131, 1150191, 6130, 1150100, 6129, 7189, 5642, 1140297, 5641, 1140329, 5640, 5639, 5638, 4017151, 1140304, 1141105, 1141106, 1140426, 1141104, 660, 4014889, 4014893, 4014890, 4009122, 4009123, 1230449, 1240043, 1240042, 1240160, 1240229, 1240134, 1240228, 1240227, 1240315, 1240120, 1240119, 1240346, 1240123, 5021, 7197, 6168, 1240335, 1240437, 6169, 6167, 5029, 7198, 6166, 1240254, 1240190, 1240255, 1625541, 1625542, 1240256, 1240257, 1260187, 4011658, 1623961, 1260084, 723]",5711,Domicile-travail
1428,"[2628, 1160385, 1160308, 1160384, 1160204, 1160383, 1160288, 1160105, 1160287, 1160104, 1160103, 1160090, 1160102, 6123, 1160101, 1160100, 1160119, 1160120, 1160099, 1160363, 1151100, 4014856, 4014860, 1151000, 1150062, 1150162, 1150060, 1150133, 1150059, 1150058, 1150057, 1150089, 1150056, 1150055, 4014885, 4014884, 4999, 236, 4014882, 4014883, 231, 4014879, 4014878, 4014876, 1, 7181, 6109, 6110, 6111, 1230467, 6108, 1230260, 5630, 7188, 7187, 1230324, 7186, 7185, 1625228, 1625229, 7184, 1230396, 7183, 1230007, 7182, 1230404, 5326, 3773, 5325, 1240101, 5324, 1240102]",3605,Social
14280,"[1140349, 1140352, 1625648, 1120175, 1120304, 1120176, 1120177, 1120178, 1120179, 4015019, 4015021, 4015020, 4009607, 1625642, 1625641, 1130167, 1130148, 1130169, 4013679, 4013678, 1130170, 1130238, 1130171, 1130131, 1130172, 1130066, 1130173, 1130174, 1130219, 1130175, 1130298, 1130176, 1130287, 1604372, 4017226, 4017225, 1130003, 4017228, 4017223, 4017224, 4016654, 1603451, 1604360, 1604354, 1604356, 1604348, 1604352, 1604342, 1604343, 1603460, 4009141, 4009139, 4009130, 4009132, 4015304, 4015306, 4015305, 4009136, 1280155, 1280231, 1280039]",3112,Work-Related
1429,"[4977, 1200381, 4982, 2604, 4981, 1200363, 4980, 1200357, 4979, 1200348, 4978, 1200339, 7731, 1200301, 4011784, 4014870, 4014869, 1201117, 4009876, 4009877, 1230175, 1230511, 1230330, 1230510, 1230386, 1230509, 7977, 1230508, 1230282, 1230507, 4533, 1230506, 4240, 1230505, 1230073, 1230504, 1230373, 1230503, 1230299, 1230502, 4003131, 1230501, 3807, 3806, 1230500, 4003133, 1230499, 4003134, 1230498, 7180, 1230260, 5630, 7188, 7187, 4242, 7186, 1230435, 7185, 1625228, 1230478]",2851,Domicile-travail
143,"[1370135, 1370859, 1371187, 1370634, 1371186, 1370998, 1371185, 7224, 1371228, 7225, 7226, 1371119, 7227, 7228, 1371096, 6974, 6975, 6976, 4008392, 4138, 6977, 4004933, 4007669, 1371425, 4004936, 1260289, 1260048, 1260049, 1261044, 1260647, 1260561, 1260562, 1260096, 1260563, 1260887, 1260034, 1260035, 1260036, 1260592, 1260037, 1260728, 1260729, 1250002, 4141, 4866, 6992, 1250086, 6991, 4456, 4880, 4465, 4017672, 1442, 4007414, 4007413, 1441, 4007403, 3748, 1439, 4007420, 1625541, 4009142, 1240255, 1240263, 1240256, 1240257, 1240076, 1624236, 1604151, 1604148, 1604147, 1604150, 4009012, 4009013, 1604516, 4561, 4560, 4563, 4564, 1604095, 4558, 4559, 4557, 4568, 4566, 4565, 4567, 4007452, 4555, 1604065, 4562, 4552, 1604062, 4553, 4554, 1604064, 4556, 1604154, 1604020, 1604156, 1603960, 1603959, 1603901, 1603854]",6861,Domicile-travail
1431,"[1040300, 1040029, 1040299, 6048, 1040298, 1040042, 1040297, 1040510, 1040296, 4958, 4957, 4956, 5309, 1040250, 5308, 1041150, 6054, 6055, 1110382, 1110105, 5007, 5008, 1110235, 5006, 1110266, 5013, 5012, 5011, 1120091, 5010, 5009, 6154, 1120107, 6153, 6159, 1120020, 1120027, 4003243, 4003242, 1120038, 1120064, 1120039, 1120176, 1140122, 1140121, 1140120, 1140118, 1140028, 1140117, 1090, 4014549, 4014550, 1880, 4014551, 4014487, 4014489, 4014552, 1240369, 6165, 1240379, 6164, 6163, 1240125, 6162, 6161, 1240216, 5027, 1240337, 5028, 1240439, 5026, 5029, 1240252, 5031, 1250175, 5030, 4251, 4250, 4249, 4248, 4247, 1250246, 1250404, 4882, 4012232, 4016797, 6959, 4142, 6987, 1250134, 6986, 1250218, 6988, 4139, 1250085, 4140, 4141, 7625, 5258, 1261218, 1260732, 4458, 1260595, 4457, 4462, 1260463, 4464, 1614642, 4463, 1260449, 4459, 1260471, 4460, 1260549, 4461, 1260872, 1260898, 1260897, 1260871, 1260869, 4002894, 1261052, 1261050]",10173,Domicile-travail
1432,"[7949, 5023, 5024, 6180, 4014490, 5661, 4016042, 4016043, 4016040, 234, 4016041, 4012173, 5660, 5632, 5633, 4015040, 5634, 5635, 5636, 5637, 4017151, 5638, 1140366, 5639, 1140109, 5640, 1140328, 5641, 1140297, 5642, 6129, 1150099, 6130, 1150191, 6131, 1150172, 6132, 1150090, 6133, 6134, 6135, 1150183, 6136, 1160123, 6137, 5327, 1160069, 1160092, 1160070, 1160071, 1160289, 1160204, 1160072, 1160073, 1160074, 1160075, 1200017, 1200018, 1200019, 1200343, 1200020, 1200021, 1200022, 1200023, 1200024, 2279, 1200025, 1200026, 1170145, 1170070, 1170071, 7892, 7883, 7884, 1170073, 7168, 1170074, 1170077, 1170078, 1170079, 1170082, 4017608, 4017609, 1170083, 1170084, 1170259, 1170085, 2646, 1170086, 1170087, 1170088, 1170089, 1170090, 1180093, 1180094, 1180095, 1180408, 1180096, 7867, 1180097, 1180321, 1180098, 1180419, 1180099, 1180422, 1180100, 2651, 1180101, 1180102, 1180103, 1180104, 1180105, 1180444, 1180258, 1180511, 1180502, 1181038, 1180493, 1181001, 1180274, 4013860, 4013861, 4013859, 4009870, 4003648]",7386,Domicile-travail
14328,"[1080578, 1080035, 1170261, 4206, 1170256, 4213, 4017588, 4214, 7161, 1080552, 7160, 3007, 7159, 1170235, 7158, 7157, 6081, 1090039, 1090040, 1090411]",1602,Magasinage
1434,"[4786, 1400028, 4785, 6917, 4784, 1400330, 4783, 1400065, 4787, 4798, 1400039, 4797, 1400156, 4796, 1400177, 4795, 1400166, 1400436, 1401004, 4794, 1400196, 4792, 4791, 1400322, 4014992, 4014991, 4014994, 4014993, 4806, 1390182, 4805, 1390700, 4804, 1390417, 4820, 1390294, 4819, 1390021, 1390612, 1390251, 4818, 5509, 1390610, 1390220, 1390609, 1390314, 1390313, 1390477, 1390476, 1624676, 1390475, 6938, 1390474, 1390529, 1390473, 1390472, 1390714, 4006968, 1390471, 1390027, 1390470, 1390146, 1390469, 4012076, 1390468, 4017817, 1390467, 1390515, 1380654, 4008748, 1380653, 1380009, 1380652, 1380736, 1380651, 1380679, 1380650, 1381331, 1380649, 1380060, 1380648, 1380568, 1380647, 1381363, 1380646, 1380017, 1380645, 1380644, 1380643, 1380953, 1380642, 1380641, 1381070, 1380640, 1380765, 1381441, 4012064, 4014910, 1381442, 4011697, 1380636, 1381020, 1380635, 1380434, 1380634, 1380633, 1380863, 1380632, 1380396, 1380629, 1380142, 1380626, 1380625, 1381106, 1380657, 1381630, 4125, 1380748, 1381432, 1624134, 1380424, 1380750, 1260070, 4875, 1260069, 4870, 1260124, 4871, 1260036, 4872, 1260947, 4873, 4457, 4462, 1260464, 1614644, 4463, 1260450, 4459, 1260472, 4460, 1260550, 4461, 1260877, 4606, 1260244, 4601, 4017031, 4603, 1260207, 1260206]",6914,Domicile-travail
1435,"[1140192, 1140191, 1140375, 1140008, 1140374, 1140178, 1140373, 1140098, 1140372, 4544, 1140014, 4543, 5660, 4016041, 4016040, 234, 4016043, 4016042, 5661, 4014488, 4014490, 6180, 5024, 7949, 5023, 1240377, 5022, 1240123, 5021, 6120, 6168, 1240336, 1240438, 6169, 6167, 5029, 1240251, 5031, 1250174, 5030, 5015, 4251, 1250078, 4250, 1250007, 4249, 1250339, 4248, 4247, 1250404, 4882, 4012232, 4868, 4016797, 6959, 4142, 6987, 4129, 1250416, 4128, 1380909, 1250131, 1380911, 1250217, 1260072, 1260134, 1260071, 1260590, 1260070, 4870, 1260123, 4871, 1260035, 4872, 4873, 1260958, 4462, 1260463, 1614642, 1260449, 4459, 1260471, 4460, 1260549, 4461, 1260872, 4606, 1260243, 4601, 1260494, 4603, 1260206, 1260420, 1260059, 4604, 1260400, 4605, 1604450, 7231, 1260566, 7232, 1260854, 7233, 1260839, 7234, 1260925, 7230, 1260269, 7235, 1260119, 1260436, 1260131, 7236, 4008734, 4008736, 5070, 5071, 4007311, 5068, 4010760, 5069, 1600957, 7241, 1601162, 7238, 1601164, 7240, 7239, 7237, 1601156, 1601153, 7243, 1601150, 7242, 1601167, 1262, 4268, 1600868, 1600869, 4015217, 4015219, 4015218, 4016887, 4017691, 4009554, 4012962, 4017692, 4017690, 1360422, 1360420]",10209,Domicile-travail
1437,"[1606768, 1606767, 1606766, 1606780, 1606765, 1606770, 4001065, 4001064, 1601922, 4002640, 4002643, 4002641, 1601919, 1606713, 1606712, 1606711, 1606710, 1606721, 1606709, 1606682, 1606679, 1602031, 1602030, 1602029, 1602028, 1602039, 1602046, 1602032, 1602033, 4008820, 4008821, 1602049, 1602058, 1602054, 1602062, 1602056]",2270,Commute
14370,"[1440634, 1441074, 4053, 1440125, 4013115, 4013117, 4013116, 4013112, 4013113, 4046, 4047, 4048, 4050, 1132, 160, 1487, 1614625, 1450424, 1450042, 1450317, 4043, 1450011, 4044, 4045, 4049, 607, 163, 4005332, 6858, 6859, 6857, 164, 608, 165, 4039, 4040, 4041, 4042, 4762, 4763, 4764, 1624404, 6856, 6854, 6855, 4013046, 4013047, 4013044, 4013045, 6850, 1613773, 4017240, 5463, 1613732]",5158,Sport
1438,"[5639, 1140306, 5637, 4017151, 1624677, 1624680, 4014425, 1141105, 1140424, 1141106, 1140426, 1141104, 660, 4014889, 4014893, 4014892, 4009123, 1230449, 1230448, 1230447, 1240030, 1240301, 5325, 3773, 1240331, 1240101, 1240330, 1240157, 1240329, 1240224, 1240328, 7933, 1240327, 7934, 1240326, 1240313, 1240324, 1240345, 1240335, 6168, 1240336, 5027, 1240337, 1240439, 5026, 5029, 5031, 5030, 5016, 4251, 3747, 4250, 4249, 4248, 4247, 1250246, 1250404, 4882, 4012232, 4869, 4016797, 6959, 4862, 1380905, 4126, 1380327, 4125, 1381630, 1380200, 1380657, 1381105, 1380625, 1381040, 1380626, 1380629, 1380632, 1380862, 1380633, 1380634, 1380434, 1380635, 4008499, 1381018, 4841, 1381017, 4008544, 1381015, 1381215, 1381014, 1380186]",5789,Domicile-travail
144,"[1260724, 1250081, 4139, 1250085, 6991, 4456, 4465, 4017672, 1442, 1441, 3748, 1439, 4007420, 4009142, 4009143, 1260187, 1240257, 1240076, 1624236, 1604146, 1604148, 1604147, 1604150, 4009012, 4253, 4561, 4560, 4563, 4564, 1604095, 4558, 4559, 4557, 4568, 4566, 4000944, 4565, 1604025, 1604340, 1603990, 1603947, 1603898, 1603888, 1603881, 1603878, 4013979, 4014155, 4013978, 4015280, 4015279, 4015278, 4007149, 4007150, 1603840, 1603838, 1603836, 1600349, 1600016, 1600014, 4009130, 4009127, 1600011, 1625471, 1280283, 1280034, 1280255, 1280035, 1603533, 1603509, 1603511, 4013299, 4013298, 1603532, 1603526, 1603524, 5756, 5753, 5749, 5750, 4007148, 5754, 1603773, 5751, 4008322, 1603752, 4001147, 4001149, 4001148, 4013266, 4013267, 4013265, 7647, 6691, 1603727, 6692, 1603742, 6693, 1603693, 6694, 6690, 6689, 6688, 6687, 1603171, 6686, 6685, 4000546, 4000544, 4000504, 1603162, 4011041, 4017703, 1607607, 1607609, 4012109, 4012108, 1607562, 1607560, 1608248, 6301, 6295, 6294, 1608275, 6291, 6293, 6292, 6290, 6070, 5775, 5776, 5777, 1608289, 5778, 1608292, 5779, 1608299, 1608300, 1608321]",10406,Domicile-travail
1442,"[1230376, 1625081, 4014849, 4014851, 1230472, 1625581, 1625596, 1230471, 1230470, 1625598, 1230469, 1230468, 1230467, 6111, 1625599, 6110, 6109, 7181, 1, 4014878, 4014879, 4014883, 4014882, 4014880, 236, 4999, 1150199, 5000, 6129, 7189, 1150004, 7190, 4990, 7191, 6179, 1140300, 6145, 6144, 1140113, 6143, 1140370, 6142, 1140309, 6141, 6150, 6149, 6148, 6147, 1140101, 6146, 4548, 1140293, 4549, 1121102]",3693,Domicile-travail
14422,"[1603956, 5340, 1603982, 1604033, 1604036, 1604034, 6173, 6171, 7207]",1254,other
14423,"[1603961, 1603957, 1603955, 1603930, 1603911]",1464,Exercise
1446,"[52, 501, 200, 1021, 1129, 634, 203, 1604513, 920, 1091, 635, 921, 636, 205, 637, 206, 922, 639, 208, 4007663, 923, 640, 210, 641, 211, 924, 212, 643, 213, 925, 1324, 649, 4014216, 4014213, 219, 648, 926, 220, 651, 221, 927, 652, 222, 917, 653, 223, 650, 1331, 647, 217, 4007748, 4007751, 216, 645, 215, 644, 214, 1350637, 638, 207, 1280, 204]",14303,Exercise
1449,"[7626, 1050093, 1050283, 1050349, 1050420, 1050419, 4015534, 4015535, 4015533, 4517, 1040091, 4516, 1040394, 4515, 1040222, 4514, 1040031, 4513, 6049, 1040067, 3870, 1040297, 1040042, 4955, 3869, 1040580, 1625657, 1041165, 1625195, 4010961, 4009704, 4009705, 1110107, 4013111, 4013109, 1110339, 1110489, 1110237, 1110488, 1110268, 1120225, 1120120, 1120224, 1120272, 1120222, 1120092, 1120221, 6156, 1120219, 4008707, 1140309, 6141, 1140308, 1140377, 1140307, 1140019, 1140306, 5637, 5636, 5635, 5634, 4015040, 5633, 5632, 5660, 4016041, 234, 4016040, 4016043, 4016042, 1240426, 4014488, 4014490, 6180, 5024, 6160, 1240369, 7951, 1240416, 1240020, 1240118, 7952, 1240196, 1240022, 4013865, 1240023, 1604027, 1604028, 1604030, 1603974, 1604031, 1603976, 1603980, 4262, 1604001, 1604000, 1604002, 1603999, 1604008, 1603998, 1603988, 1603997, 1604333, 1604334, 1603995, 1603990, 1603994, 1603993, 1604014, 4552, 1604062, 4553, 4554, 1604064, 4556, 4569, 3919, 4009017, 1604173, 1604168, 1604166, 1604165, 1604164, 1600053, 1600058, 1600052, 1600051, 1600050, 1600054, 1600049, 1623888, 1600047, 1270098, 1270323, 1270222, 5042, 1600037, 1600036, 1600032, 1270228, 5044, 1270109, 7210, 1270155, 1270196, 1270056, 7211, 1270055]",11337,Domicile-travail
145,"[5525, 4002960, 1380798, 1381359, 1380797, 4002958, 1380796, 1381181, 1380794, 1380946, 1380793, 1380792, 1381064, 1380791, 1380441, 1380790, 1380786, 1381013, 1380785, 4002953, 1380784, 4002952, 1380783, 4002951, 1380782, 4008053, 1380780, 1380779, 1381102, 1380810, 1380812, 1380813, 4002946, 1380814, 1381392, 4002945, 1260646, 1261043, 4002944, 1260647, 1260650, 1260652, 1261046, 4002908, 4002907, 4008725, 4008724, 4008727, 1261037, 1260954, 1260052, 1260053, 1261048, 1260658, 1261049, 4017683, 1261050, 1261052, 1261053, 4002892, 1261054, 1260665, 1261055, 1260399, 1260669, 1260670, 1260673, 1261059, 4002886, 1261060, 1260674, 1260835, 1260676, 1260265, 1260678, 1260679, 4002882, 1260680, 4002881, 1260681, 1260684, 1624020, 4002744, 4002742, 1625093, 4002740, 1600949, 1600950, 1600909, 1600908, 1601162, 1600891, 1601164, 1601165, 1601154, 1600887, 1601153, 1600886, 1601152, 1601150, 7242, 1262, 4268, 1604272, 7244, 7247, 7248, 7245, 4013437, 4013735, 1330047, 5073, 1330249, 1330473, 1330474, 1330475, 1330369]",7469,Domicile-travail
1460,"[7117, 6532, 6533, 1031000, 6531, 6530, 1030286, 6529, 1030559, 6528, 6527, 6526, 1030586, 6525, 1209, 1030206, 1030205, 1030517, 1030198, 4002491, 1030199, 1030200, 1030194, 1030201, 1030202, 1030498, 1050150, 6045, 1050466, 6046, 1050191, 6044, 6524, 6523, 1050344, 6522, 4015995, 4015996, 4015994, 4512, 6049, 4513, 1040031, 4514, 4515, 4516, 4517, 1040529, 1040578, 4003277, 6626, 4003276, 6625, 193, 1040561, 4003272, 6630, 6535, 4003329, 6631, 6536, 4003330, 6633, 6632, 6629, 4003321, 6635, 6628, 306, 1282, 1166, 1328, 717, 960, 718, 307, 719, 308, 1048, 1070129, 1070130, 1070476, 1070131, 1070132, 1070487, 1070133, 1070498, 1070497]",7798,École
14607,"[4192, 6022, 1367, 4011427]",620,Autres
1461,"[1254, 547, 1255, 4015893, 4007240, 98, 1605242, 1256, 4005191, 1257, 4395, 5410, 97, 548, 5411, 5409, 4014280, 4014282, 4014281, 5405, 5406, 4014286, 4014287, 4009405, 4014285, 4014284, 4009404, 4014283, 5408, 1605681, 1605716, 96, 1605744, 1606278, 1320, 1606239, 1606280, 4008966, 95, 543, 94, 1606353, 1606356, 1606357, 1606358, 1606360, 1606425, 1606362, 1606427, 1606363, 1606426, 1606552, 539, 1606553, 1606539, 1606554, 1606572, 1423, 273, 881, 7291, 7292, 1606583, 7290, 1606616, 7289, 1606615, 7288, 1606502, 1606497, 1606565, 1606492, 1606490, 1606556, 1030, 511, 1601872, 1019, 873, 1125, 1319, 1601842, 1601841, 1601839, 1601838, 1601954, 1601955, 1601956, 1601957, 1601958, 1601960, 1601969, 1601970, 1601967, 1601972, 4012429, 1601979, 874, 65, 66, 515, 67, 875, 190, 623, 1299, 1145, 68, 516, 69, 517, 70, 1304, 518, 1601578, 4014689, 71, 519, 1601619, 1601614, 1601618, 1601617, 1601622, 73, 876, 4017770, 521, 74, 522, 75, 877, 1305, 4010480, 1291, 523, 5368, 197, 918, 631, 198, 4016848, 4016843, 1126, 4016844, 632, 4016841, 4016850, 4013610, 4013607, 7321, 4013868, 7320, 7318, 7319, 4012556, 919, 647, 1331, 1324, 4010436, 1371115, 1371114, 1371113, 220, 651, 652, 222, 653, 223, 849, 4015716, 654, 4015717, 224, 1042, 928, 226, 656, 1625745, 227, 1043, 934, 1371047, 662, 237, 4015723, 663, 933, 1313, 241, 936, 5, 4014698, 459, 4014696, 4014971, 4012770, 668, 245, 1296, 4014975, 4014973, 246, 669, 667, 4014974, 243, 4593, 4011484, 4592, 4591, 1370634, 4590, 5057, 1381643, 1380220, 1380279, 1381644, 1380278, 1380277, 1381428, 1380275]",20467,other
1463,"[4135, 4136, 6980, 6968, 1381098, 6966, 6967, 4014648, 1380964, 4858, 4859, 4860, 4861, 5256, 4017450, 4017761, 4017760, 1381303, 4008383, 4846, 4843, 5054, 5052, 5533, 6958, 6956, 1380084, 4008551, 7852, 7851, 4012069, 7850, 5252, 4011930, 1380639, 4012064, 4014908, 4014909, 4014905, 4014904, 1220005, 4835, 1220339, 4836, 1220340, 1220028, 1220341, 1220056, 1221018, 1220270, 1220342, 1220343, 1220083, 1220344, 4117, 1220345, 4116, 1220059, 1220228, 4115, 1220257, 4113, 4017387, 4122, 1250065, 4121, 1250100, 5336, 7984, 5335, 1250113, 5334, 1250021, 5333, 1250053, 1250276, 1625078, 5332, 1625079, 5337, 5018, 1250173, 5019, 5017, 1240250, 7963, 6169, 1240437, 1240335, 6168, 6120, 5021, 1240123, 1240124]",5555,Shopping
14639,"[1270055, 1270196, 1270154, 7210, 1270108, 5044, 1270228, 5043, 5042, 5041, 1600046, 5039, 5040, 1624231, 5035, 5037, 5036, 1625096, 1625085, 1604177, 1604061, 1604060, 4009016, 4000961, 1604056, 1604104, 1604103, 1604102, 1604142, 1604149, 1604152, 1624233, 1261205, 1624234, 1623903, 4017803, 1240257, 1240256, 1240263, 1240255, 1240190, 1240254, 829, 7819, 1250175, 439, 5016, 5030, 5015, 5018, 5337, 1625079, 5332, 1625078, 1250276, 5333, 1250021, 5334, 1250113, 5335, 7984, 5336, 1250100, 4121, 1250065, 4122, 4017387, 4113, 1220257, 4115, 1220016, 1220228, 1220059, 4116, 1220345, 4117, 1220322, 4118, 1220311, 4119, 1220163, 4120, 1220032, 5249, 5250, 1220069, 5242, 5514, 5243, 1220036, 4826, 4827, 4822, 4824, 1220244, 1220145, 6484, 1220203, 6485, 6486, 6487, 5927, 1210215, 1210216, 1210206, 1210217, 7972, 1210218, 1210219, 1210220, 1210295, 1210242, 1210221, 4101, 4107, 1210036, 1210035, 1210223, 1210186, 1210224, 1210120]",8076,other
14643,"[1260035, 1260947, 4873, 1260958, 4462, 1260463, 1614642, 4463, 1260449, 4459, 1260471, 4460, 4461, 1260872, 4606, 1260244, 4601, 1260494, 4603, 1260206, 1260420, 1260059, 4604, 1260400, 4605, 1260403, 1604450, 7231, 1260566, 7232, 1260853]",1624,Social
14654,"[1107, 685, 1037, 1259, 4004899, 4008889, 4008974, 4008890, 4008973, 4001048, 1602060, 1602088, 1258, 1602085, 4015518, 1287, 633, 201, 202, 634, 203, 920, 635, 921, 636, 205, 4015721, 206, 922, 639, 4017116, 208, 4007663, 923, 209, 640, 210, 641, 4007751, 211, 4007748, 924, 642, 212, 643, 213, 925, 1324, 649, 4014216, 4014213, 219, 648, 7903, 850, 1360378, 4006067, 4006068, 4006896, 1360632, 1360272, 1360631, 4002875, 1360630, 1360028, 1360179, 4011928]",7772,Domicile-travail
1466,"[1121102, 1140292, 4548, 1140257, 4547, 1140044, 4546, 1140156, 4545, 1140371, 4544, 1140013, 4543, 5660, 1140314, 5632, 5633, 4015040, 4017235, 4014422, 4014424, 233, 4015043, 1140253, 1140424, 1141106, 1140426, 1140086, 660, 1240422, 1240420, 4014892, 4009123, 1230449, 1240043, 1230448, 1230447, 1240030, 1240301, 5325, 3773, 1240331, 1240429, 3775, 3776, 1240406, 1240143, 4012497, 3778, 1240247, 4017392, 4017394, 4017391, 1250171, 4017388, 4017384, 4017386, 4017383, 1250075, 4017380, 4017381, 4017382, 4017379, 1250298, 3783, 1250242, 3784, 4918, 1250346, 1250391, 1250345, 1250344, 1250393, 1221009, 1380877, 1381021, 1381020, 1380636, 4008499, 1381018, 4844, 1381017, 4014953, 1625346]",7321,Sport
14666,"[1300395, 5682, 1300512, 6649, 1310070, 1310282, 4005074, 1624411, 1624410, 1310224, 4015351, 4015326, 4015324, 4015348, 1330187, 1330186, 1330185, 1330184, 1330379, 1330183, 1330182, 1330476, 1330181, 5080, 5076, 1330292, 5077, 5074, 5073, 4013735, 4013736, 1600847, 4013437, 1624302, 1600841, 7245, 1604276, 7248, 7247, 1604273, 7244, 1600868, 4268, 1262, 1601167, 7242, 7243, 1601153, 1601156, 7237, 7239, 7240, 1601164, 7238, 1601162, 7241, 1600957, 5069, 4010760, 5068, 4007311, 5071, 5070, 4008736, 4008734, 7236, 1260131, 1260436, 1260119, 7235, 1260269, 7230, 7234, 7233, 7232, 1260566, 7231, 4008720, 4605, 1260400, 4604, 1260059, 1260060, 1260420, 1260207, 4603, 4017031, 1260494, 4601, 1260243, 4606, 1260872, 4461, 4460, 1260549, 1260472, 4459, 4463, 1614642, 1625389, 1625390, 1260894, 1260462, 1614641, 1260099, 4006998, 1261222, 1261034, 1260098, 1260955, 1624141, 1624143, 1624142, 1260653, 1261037]",7679,Domicile-travail
1468,"[1180068, 1180327, 1180427, 1180069, 1180071, 1180072, 1624170, 1180073, 1180074, 1180075, 1180076, 1612450, 1612492, 1612491, 1612209, 1612230, 1612226, 1612234, 1612042, 1612233, 1612086, 1612513, 1611995, 1611966, 1611967, 1611968, 4014836, 4014833, 4014830, 4014827, 4014819, 1611973, 1611976, 1611975, 1612024, 1612025, 1612027, 4011923, 4011922, 904, 143, 4507, 1612589, 1612586, 1612612, 1612598, 1612614, 1612600, 1612646, 1612650, 1612674, 7103, 1612711, 4001472, 4001470, 4001471, 1612689, 1612939, 1612912, 1612922, 4000871, 4000870, 4010792, 4010791, 1611509, 1611507, 4013068, 4013066, 4014815, 4014816, 1614548, 4008092, 1611065, 1611064, 1611057, 4000923, 4000924, 4000922, 4000920, 1611042, 1611041, 1611036, 1611032, 1611029, 4003463, 1610768, 4003464, 1610765, 4003465, 1610762, 4003466, 1610730, 4003467, 1610973, 1610968, 1610969, 1610966]",7969,Domicile-travail
147,"[6294, 4017346, 3981, 3805, 1860, 1861, 1608084, 4968, 4967, 4965, 1608037, 4966, 4964, 4963, 4960, 1609499, 1609496, 4961, 6549, 6547, 1010178, 6548, 6342, 6544, 1010622, 6545, 1010211, 6546, 7128, 1010234, 1011047, 7127, 7125, 4015738, 4015739, 4010889, 4016825, 4015737, 1020362, 7122, 1020875, 7121, 1021127, 7120, 7131, 6543, 7119, 1212, 1211, 187, 911, 1210, 7117, 6532, 1030547, 1030546, 1030545, 1030260, 1030608, 1030607, 1030606, 1031126, 1030605, 1030604, 1030603, 1030602, 1030601, 1030600, 1030623, 4002488, 1030243, 1030599, 1030598, 1030597, 1030496, 1050191, 4002494]",9878,Domicile-travail
1470,"[4004933, 4131, 1371428, 6983, 4007667, 4007669, 1371425, 1260986, 1260047, 1260290, 1260048, 1260051, 1260049, 1261044, 4002943, 1260647, 1260561, 1260562, 1260563, 1260888, 1260034, 1260889, 1260035, 1260036, 1260592, 1260037, 1260730, 1260729, 1250002, 4141, 4866, 4140, 1250081, 4139, 1250118, 4490, 4456, 4880, 4465, 4017672, 1442, 4007414, 1441, 1443, 4017673, 4007406, 4007424, 4007423, 4007418, 4011658, 4017803, 1623961, 1623903, 1624234, 1261205, 1261207, 1604152, 1604151, 1604149, 1604141, 1604142, 1604102, 1604103, 1604104, 1604120, 1604131, 1604056, 1604057, 4000961, 4009016, 1604065, 1604060, 1604061, 1604064, 1604177, 1625085, 5036, 1625096, 5037, 1270295, 1600059, 1600052, 1600058, 1600057, 1600051, 1600056, 1600050, 1600054, 1600049]",6087,Domicile-travail
1476,"[1020168, 4006189, 4010728, 4006133, 4009668, 4017709, 4015489, 4015918, 4015510, 4015506, 4009661, 4009666, 4015493, 4006174, 4006173, 4007951, 4006172, 4006170, 1603306, 1610370, 4003226, 1603291, 4003225, 1603315, 1603314, 1603782, 1603783, 1603802, 1603784, 1603810, 1603795, 1603801, 1603796, 1603798, 1603797, 1603491, 1603492, 1603521, 1603489, 1603488, 1603487, 1603486, 1603485, 1603423, 1603424, 1603439, 6284, 4003191, 6283, 4003190, 6287, 4003189, 6286, 5753, 1604395, 5755, 5756, 5764, 5765, 5759, 5758, 5761, 1604388, 1603475, 5762, 5763, 1603430, 5766, 5767, 3980, 1604362]",4896,Commute
1478,"[1370804, 1370805, 1370858, 4017877, 1370861, 1371232, 1371049, 1371231, 1371230, 1622537, 1622539, 1370675, 1371229, 1371228, 7225, 1381371, 7226, 1371119, 7227, 7228, 1371096, 6974, 6975, 1370765, 6976, 4008392, 4138, 6977, 6982, 4131, 6983, 1371428, 4007667, 4007669, 1371425, 6985, 1260047, 1260290, 1260048, 1260051, 1260049, 1261045, 1260650, 1261033, 1260562, 1260096, 1260563, 1260888, 1260034, 1260035, 4872, 1260036, 1260593, 1260037, 1260730, 1250002, 4141, 4866, 6992, 1250086, 6991, 4465, 1250451, 1442, 4007414, 4007413, 4017673, 1441, 1443, 4007403, 4007399, 1439, 4007420, 1625541, 439, 7819, 1240254, 6166, 7992, 1240439, 7991, 1240337, 7990, 1240217, 7989, 7988, 7957, 1240115, 7987, 7956, 7955, 7954, 1240382, 4013760, 1240383, 1240183, 1604028, 1604027, 1624237, 1240184]",6183,Work-related
148,"[1260445, 1260292, 1260446, 4002897, 1260447, 1260100, 1260448, 1260895, 1260449, 4463, 1260450, 1614637, 1614660, 1260734, 1614643, 1260465, 1260733, 1260977, 1260732, 5258, 1261218, 7625, 4141, 4866, 6992, 1250086, 6991, 4880, 1624406, 4879, 1250138, 4878, 1624383, 4869, 4012232, 4868, 1250035, 4867, 1250375, 1250376, 1250093, 1250377, 1250378, 1250379, 1250380, 1250381, 1250382, 1250383, 1625079, 1250386, 1250173, 1250387, 1240250, 1240343, 7963, 1240344, 1240437, 1240335, 1240345, 1240346, 1240348, 1240349, 1240350, 1240351, 7947, 1240353, 4014494, 1240354, 6180, 5661, 4016042, 4016043, 4016040, 4016041, 1667, 4012173, 1140342, 1140013, 1140343, 1140027, 1140344, 1140346, 1140347, 1140348, 1140349, 1140350, 1140351, 1140352, 1625648, 1625647, 1120254, 1120255, 1120257, 1120259, 4003245, 1120260, 1120261, 4009621, 4009620, 4009625, 1110596, 1110232, 1110498, 1110233, 1110234, 1110216, 1110235, 1110236, 1885]",8584,Domicile-travail
1480,"[1380119, 1380161, 1381439, 1381633, 5255, 5256, 4861, 4017450, 4017761, 4017760, 4854, 4846, 4843, 1380356, 5053, 5052, 5533, 1380440, 5534, 1381063, 5521, 1380945, 5522, 1381180, 5523, 1380012, 5524, 1381358, 5525, 5526, 5528, 1381412, 5529, 5530, 4012991, 5531, 6952, 1381430, 1381603, 1381604, 6954, 1381608, 6955, 1390038, 4842, 5933, 6948, 5932, 914, 4017100, 1625387, 1625386, 1773, 1188, 1390521, 1187, 196, 916, 629, 195, 628, 1311, 1390446, 627, 912, 431, 192, 624, 191, 1292, 1410043, 149, 595, 1410483, 1410301, 1410302, 1410700, 1410216, 1410217, 1410561, 1410218, 1410219, 1400006, 1401005, 1400163, 1625153, 1400164, 1400349]",4636,Domicile-travail
1481,"[1250098, 1250064, 1250075, 4017383, 4017386, 4017385, 4017384, 4113, 1220257, 4115, 1220016, 1220228, 1220059, 4116, 1220345, 4117, 1220322, 4118, 4119, 4120, 5249, 1220219, 5250, 1220356, 5242, 5243, 244, 1220036, 4826, 4827, 1220115, 4822, 1220097, 4824, 1220090, 1220244, 1220145, 6484, 1220203, 6485, 6486, 6487, 5927, 5246, 4012306, 4012307, 1210308, 5247, 1210292, 5248, 1210242, 5244, 4100, 4266, 1210034, 4102, 1210186, 4177, 1210118, 4093, 4094, 4095, 4096, 1210178, 4098, 4814, 5502, 5501, 4180, 4800, 4815, 4009858, 4816, 4812, 4813, 1200260, 4006017, 4802, 4803, 1614632, 1190215, 4807, 4808, 4809, 1190079, 4810, 7162, 4449, 4450, 1190014, 4451, 1190136, 4012748, 1190028, 1190162, 1190070, 4012746, 4012745, 4012747, 658, 229, 842, 4015050, 4015048, 249, 670, 1464, 7637, 1420443, 6619, 1421119, 6618, 1420569, 6622, 6621, 6620, 6623, 4012180, 7881, 4012408, 1420246, 1420579, 4440, 4442, 1410459]",7596,Courses
1483,"[1601654, 1299, 1604510, 1145, 68, 516, 69, 517, 70, 1304, 518, 4014689, 71, 519, 72, 520, 73, 876, 1601626, 4017770, 1601625, 521, 74, 522, 75, 877, 1290, 1305, 4010480, 1291, 5367, 1601368, 76, 524, 1118, 525, 1119, 462, 4017355, 4017008, 7274, 526, 527, 77, 5096, 5097, 4010455, 1350684, 1350688, 4013956, 4015032, 4015033, 4016110, 1370026, 1370027, 1371312, 1371313, 1370028, 7995, 7, 1041, 926, 648, 7903, 850, 1360378, 4006067, 4006066, 4006068, 4006896, 1360632, 4002874, 1360631, 1360593, 1360630, 1360629, 1360628, 1360445, 1625066, 1625064, 1360625, 1360623, 4014978, 4014979, 4011380, 4009553, 4016683, 4014977, 4014976, 1260010, 1260768, 1260011, 1261068, 1624020, 1625090, 1625637, 4008735, 4008737, 4008736, 5070, 1260015, 7236, 1260131, 1260436, 1260119, 7235, 1260269, 7230, 1260925, 7234, 1260839, 7233, 1260853, 7232, 1260566, 7231, 4605, 1260400, 4604, 1260059, 1260420, 1260206, 4603, 1260494, 4601, 1260243, 4606, 1260872, 4461, 1260550, 1260740, 1260553, 1260738, 1260472, 1260735, 1614660, 1260734, 1614643, 1260465, 1260733, 1260977, 1260732, 4458, 1260731, 1260948, 1260730, 1260037, 1260728, 1260125, 1260724, 1250081, 4139, 1250085, 6991, 4465, 1442, 1441, 4007403, 4007399, 1261136, 3748, 1439, 4007420, 1625541, 1240255, 1240263, 1240264, 4255, 1240265, 1240441, 1240339, 1240266, 1240267, 1240218, 1240268, 1240269, 1240130, 4009053, 4009067, 1240382, 4013760, 4013759, 1240022, 4013865, 4013864, 1240393, 1140270, 4004292, 1624746, 1624745, 1624922, 1140034, 4017156, 4017440, 4017439, 4009873, 1140413, 4015037, 4015036, 1130230, 4011692, 4011693, 1130162, 1130233, 1130148, 1130169, 4013679, 1130120, 1130211]",14959,Commute
14830,"[1370173, 1370628, 1370174, 1370643, 1371042, 1370948, 1371043, 1371044, 1370015, 7995, 7, 1041, 926, 648, 1360378]",1294,Courses
14855,"[1604272, 4268, 1600868, 1600869, 4015217, 4015219, 4015218, 4017691, 4017692, 4017690, 4004255, 5732, 1360468, 5729, 1361006, 1623763, 1360466, 1360246, 1360465, 1360464, 1360463, 1360554, 1360555, 1360419, 1600671, 1600670, 1600672, 1360499]",1438,Social
14857,"[1370171, 1371000, 1370173, 1370174, 1370643, 1371042, 1370948, 1371043, 1370198, 1371044, 1370015, 7995, 7, 1041, 926, 648, 1360378]",1359,Courses
14862,"[1021, 202, 634, 1604513, 920, 1091, 635, 204, 921, 636, 205, 4015721, 637, 206, 922, 1280, 207, 763, 638, 214, 1350637, 644, 215, 645, 216, 646, 217, 647, 1331]",4981,Exercise
14868,"[1030602, 4002484, 1030253, 1030540, 1209, 6525, 1030586, 6526, 6527, 6528, 1030559, 6529, 1030286, 6530, 6531, 1031000, 6533, 6532, 7117, 1210, 187, 622, 1211, 1212, 7119, 6543, 7131, 1020835, 1020834, 1020833, 1020859, 1020832, 1020831, 1020830, 1020775, 1020829, 1624770, 1021192, 1020825, 1020618, 1020619, 1020617, 1020503, 1020616, 1020439, 1020615, 1020303, 1020596, 1020436, 1020595, 6368, 1020028, 6370, 1021167, 6366, 6350, 3021, 1020274, 1020148]",5447,Social
1487,"[1371051, 1370766, 1370677, 1371096, 7228, 7227, 1371119, 7226, 7225, 1371228, 7224, 7223, 1380532, 5057, 1381643, 1380220, 4590, 4591, 4592, 4593, 243, 4014974, 4014975, 667, 669, 4014973, 246, 1296, 4014696, 4014698, 668, 5, 936, 241, 1313, 933, 663, 237, 662, 934, 1043, 7262, 227, 656, 1625745, 1625744, 223, 653, 917, 222, 652, 927, 221, 4015718, 651, 220, 650, 926, 1041, 219, 649, 4014213, 4014216, 1324, 925, 213, 643, 212, 4004555, 5403, 642, 5402, 5401, 5718, 5719, 1360605, 5720, 1360542, 5727, 1600662, 5726, 1360295, 6275, 1360165, 6274, 1360003, 4013664, 4013665, 5724, 5728, 5729, 1360468, 4004255, 4017690, 4017692, 4012962, 4017691, 4015218, 4015219, 4015217, 4000979, 1600856, 1600855, 1604275, 7248, 1604276, 7245, 1600841, 4013437, 1600847, 1624302, 4013735, 5073, 5074, 5077, 1330325, 1330292, 1330368, 5076, 5080, 7249, 5079, 4015085, 4015084, 4015060, 4015067, 4015073, 4017421, 4015081, 5678, 5679, 1600588, 4015058, 1330624, 5677, 5687, 5688, 5347, 5348, 5349, 5353, 5352, 1330308, 5354, 5356, 5355, 5351, 5695, 6203, 1330497, 6204, 1310275, 6205, 1310162, 6206, 1310163, 6207, 1310244, 5694, 3952, 5081, 6652, 1310336, 5082, 7258, 1310175, 1310202, 7251, 1310387, 7252, 1310299, 7253, 1310031, 7254, 1310024, 1310148]",11777,Commute
14907,"[243, 667, 4014975, 3803, 5346, 5343, 4014692, 4014693, 4014697, 4014699, 4014691, 4014690, 1625781, 1174, 1370995, 1326, 666, 935, 240, 665, 239, 4017416, 1370978, 1370106, 1370979]",1409,Sport
1493,"[1602088, 1258, 1602080, 1602085, 633, 201, 202, 634, 1129, 1021, 200, 501, 52, 4006621, 5698, 1605810, 5699, 1605837, 4014562, 4012760, 4017121, 4017315, 4011075, 4011360, 4011355, 4017120, 4014299, 1605849, 5109, 5110, 1605823, 1605815, 1605814, 1605795, 1605794, 1605793, 1605792, 4012440, 4012441, 4015889, 4015890, 1605806, 4015887, 4015891, 4009349, 4012940, 1602136, 1602125, 1602141, 1602138, 1602126, 1602150, 6250, 4004330, 4017232, 4013505, 4013503, 1602164, 1602129, 1320304, 1320303, 1320302, 1320144, 1320301, 1320299, 1320298, 6248, 4009366, 1320388, 5099, 1320323, 1320235, 1320322, 1320321, 1320320, 1320327, 1320319, 1320003, 1320318, 1320317, 1320205, 1320316, 1320315, 1320314, 1320178, 1320313, 1320226, 1320312, 1320379, 1320311, 1320252, 1320310, 1320309, 1310343, 1310023, 1310342]",6999,Commute
14942,"[4562, 1604023, 4554, 4556, 4569, 3919, 4009017, 1604173, 1604172, 5036, 5037, 4017814, 4017815, 4017813, 1622696]",1515,School
1495,"[1260445, 1260292, 1260053, 1260446, 4008724, 4008726, 1260447, 1260100, 1260448, 1260894, 1260449, 4463, 1260450, 1614637, 1614660, 1260734, 1614643, 1260733, 1260977, 1260732, 5258, 1261218, 1260962, 7625, 1250158, 4141, 4866, 6992, 1250086, 6991, 4465, 4880, 1624406, 4879, 1250138, 4878, 1624383, 4869, 4012232, 4868, 1250035, 4867, 1250375, 1250092, 1250376, 1250377, 1250235, 1250378, 1250291, 1250379, 1250380, 1250381, 1250382, 1250068, 1250383, 1625079, 1250386, 1250387, 1240250, 1240343, 1240344, 4003149, 1240345, 6120, 1240346, 1240123, 1240348, 1240349, 1240350, 1240351, 7947, 1240353, 4014494, 1240354, 4014490, 5661, 4016042, 4016043, 4016040, 234, 4016041, 4012173, 1140342, 1140013, 1140343, 1140344, 1140371, 1140346, 1140347, 1140348, 1140044, 1140349, 1140263, 1140350, 1140351, 1140352, 1625647, 1625648, 1120254, 1120255, 1120257, 1120184, 1120259, 1120087, 1120260, 1120261, 4009621, 4009620, 4009625, 4009631, 1110596, 1110232, 1110498, 1110233, 1110234, 1110216, 1110235, 5008, 5006]",8417,Domicile-travail
14952,"[1360499, 1600671, 1360419, 1360420, 1360247, 1360421, 1360422, 4017690, 4004255, 4017692, 4012962, 4009554, 4016888, 4015218, 4015219, 4015217, 1600869, 1600868, 4268, 1604272, 1600849, 1604273, 1600818, 1600817]",1562,Magasinage
14957,"[4842, 5933, 1390720, 1390038, 6955, 1390594, 1390504, 1380806, 1380162, 1381271, 1380163, 1380346, 1380164, 1381234, 1380165, 1380509, 1380166, 1380476, 1380167, 1380168, 4008748, 1380898, 5513, 1220244, 4824, 1220097, 4822, 1220115, 4827, 5512, 4826, 1220036, 4830, 1220137, 5931, 1230344, 6098, 1230189, 6102, 1230212, 4987, 1230544, 1230497, 7180, 1230260, 6108, 6111, 6110, 6109, 1, 4014878, 4014879, 231, 4014885, 4014883, 4014882, 236, 4999, 4014884, 1140089, 232, 660, 233, 4014424, 4014422, 234, 4016040, 4014551, 1880, 1140029, 1140360, 1140028]",6222,Domicile-travail
1496,"[1270210, 5049, 5050, 1300457, 1300456, 1300453, 1300248, 1300452, 1300263, 1300451, 1300450, 1300449, 1300448, 1300321, 1300447, 1600688, 1600689, 1600701, 1600779, 1600781, 1600789, 1600790, 1600799, 1600801, 1600800, 1604280, 1604279, 1604278, 1600824, 1604277, 1604276, 7248, 7247, 1604273, 7244, 1600868, 1600869, 4015217, 4015219, 4015218, 4017691, 4017692, 4017690, 5732, 1360468, 5729, 5728, 5724, 4013665, 4013664, 6274, 6275, 5726, 5727, 5720, 1360605, 5719, 5718, 5401, 5402, 5403, 212, 924, 211, 641, 210, 640, 923, 4007663, 208, 4017116, 639, 922, 206, 637, 205, 636, 921, 635, 920, 203, 1604513, 634, 1129, 1021, 200, 501, 52, 868, 7650, 1513, 4001099, 1165, 4001097, 4001098, 4001094, 51, 4014291, 4014294, 4014295, 4014298, 500, 50, 1272, 49, 499, 48, 867, 545, 4001772, 4001773, 4001774, 4013989, 4013990, 4013988, 4013986, 1605242, 1605249, 1605257, 4395, 5410, 5411, 5409, 4014280, 4014282, 4014281, 5405, 5406, 4014286, 4014287, 4009405, 4014285, 4014284, 4009404, 4014283, 5408, 1605681, 1605716, 96, 1605744, 1606278, 1320, 1606279, 1606280, 4008966, 95, 543, 94, 542, 93, 541, 92, 540, 91, 539, 1606552, 1606553, 1420, 1606539, 1606554, 1606572, 273, 881, 90]",19475,Sport
14966,"[1040087, 1110112, 1110073, 1110345, 1110072, 1110329, 1110071, 1110402, 1110070, 1110274, 1120056, 1120233, 1120055, 1120209, 1120054, 1120125, 1120053, 1120183, 1120052, 1120051, 4012300, 1120050, 1120096, 1120049, 1120081, 1120048, 1120101, 1120047, 1120035, 1120292, 3911, 6158, 1120006, 6157, 1120221, 1120093, 1120094, 3913, 3914, 1120275, 4016834, 1120298, 3906, 1120123, 1120239, 1120124, 1120103, 1120104, 1120105, 1110273, 1110198, 1110401, 1110199, 1110200, 1110328, 1110201, 1110344, 1110202, 1110203, 1110111, 1110382, 4010961, 1040167, 1040198, 1040526, 1040199, 1040367, 1040200, 4204, 1040100, 1040201, 1040010, 1040203, 1040012, 1040101, 1040563, 1310, 1040527, 1040088, 1040197]",7387,Courses
1498,"[1260296, 4017681, 1614651, 1260539, 1623980, 4016879, 4016880, 4016878, 1370729, 1370728, 4007667, 1371294, 1371200, 1370096, 1371554, 1371446, 1371553, 1370725, 1370780, 1370724, 1370101, 1370722, 1371248, 1371249, 4017821, 4017822, 1370930, 1789, 1371251, 1371089, 1371252, 1370965, 1370964, 1370109, 4015717, 654, 849, 223, 653, 222, 917, 1371110, 4627, 1370046, 4626, 1370628, 1370174, 4625, 1370209, 4623, 7268, 6208, 1370749, 4015763, 4015762, 1370615, 1370637, 1370614, 1370957, 1370190, 1600431, 1600123, 1600432, 1600428, 1370146, 1600442, 1370145, 4017324, 4017326, 4017325, 4016119, 4016105, 4016115, 4006107, 4015027, 5089, 4282, 4011766, 4007124, 4007127, 1609, 1332, 4017050, 4017051, 4016500, 4016501, 4016112, 4014057, 4016103, 4012987, 1309, 1082, 461, 21, 4012398, 478]",6137,Domicile-travail
1499,"[1260663, 1260493, 1260900, 1260494, 4603, 1260206, 1260420, 1260059, 4604, 1260400, 4605, 1604450, 7231, 4008720, 1260311, 1260751, 1260139, 1260713, 1260140, 1260859, 1260141, 1260919, 1260142, 1260143, 1260144, 1260228, 1260145, 1260147, 1260146, 1260586, 1260148, 1261088, 1260105, 4013779, 4013777, 1260153, 1260076, 1260154, 1260457, 1260155, 1623999, 1260157, 1260158, 4002750, 1260159, 1260161, 1260162, 4017890, 5653, 7651, 4015656, 4015659, 4015657, 4017876, 4017873, 4017875, 4017874, 4010951, 4008380, 4008379, 4008378, 1260086, 1260085, 1260084, 1623961, 4017803, 1261200, 1240257, 1240174, 1240256, 1240263, 1240255, 1240190, 1240254, 6166, 4254, 7992, 7198, 5026, 6167, 6169, 1240438, 1240336, 6168, 7197, 5021, 1240123, 1240348, 1240349, 1240377, 1240350, 1240351, 7949, 1240353, 1240354, 6180, 4014490, 4014488, 5661, 1240426, 4016042, 4016043, 4016040, 234, 4016041, 1667, 4012173, 1140183, 1140342, 1140343, 1140027, 1140344, 1140346, 1140347, 1140348, 1140349, 1140263, 1140350, 1140351, 1140352, 1625648, 1625647, 4003240, 1120254, 1120255, 1120257, 1120259, 1120260, 1120261, 1120115, 4009621, 4009620, 4009631, 1110596, 1110595, 1110530, 1110531, 4009597, 1110532, 4003251, 1110593, 1110611, 1110102, 1111112, 4009683, 1110382, 4010961, 1041146, 1040534, 1625196, 4003253, 1625198, 1030503, 1030295, 1030504, 4003270, 1030505, 1623806, 1030336, 4015540, 4015542, 4015541, 1030394, 1030508, 1030462, 1030509, 1030510, 1030168, 1030169]",14102,Domicile-travail
1500,"[1261057, 1260669, 1260397, 1261056, 1261055, 1260394, 1261054, 1260492, 1261053, 1260239, 1261052, 4017249, 1261050, 1260659, 4002895, 1261049, 4017674, 1261048, 1260446, 4002897, 1260447, 1260100, 1260448, 1260895, 1260469, 1260470, 1260471, 4459, 1260449, 4463, 1260450, 1614637, 1614660, 1260734, 1614643, 1260465, 1260733, 1260977, 1260732, 4458, 1260731, 1260948, 1260730, 1260037, 1260729, 1260728, 1260125, 1260724, 1260721, 1260720, 1260072, 1380911, 1380424, 1380909, 1380905, 4126, 1380903, 1380202, 1380902, 1380870, 1250373, 1250374, 1250257, 1250375, 1250092, 1250376, 1250377, 1250235, 1250360, 1250236, 1250048, 1250237, 1250016, 1250238, 1250108, 1250239, 7979, 1250240, 1250241, 1250061, 1250242, 3783, 1220267, 1220268, 1220363, 1220012, 1220269, 1220270, 1221018, 1220271, 1220317, 1220272, 4016798, 1220274, 1220157, 1220275, 1220216, 4002980, 1220359, 244, 1220049, 5513, 235, 1220196, 4821, 1210016, 4828, 1210096, 4829, 7624, 1210204, 1210308, 7622, 5247, 5248, 5244, 4100, 4266, 4102, 4177, 1210118, 4093, 4094, 4095, 4096, 4098, 4814, 5502, 5501, 4180]",7037,Commute
1501,"[90, 538, 89, 537, 88, 880, 87, 536, 86, 535, 85, 534, 84, 533, 1601709, 1601708, 1601707, 1601713, 1601701, 1601690, 1601665, 1601668, 1601670, 1601698, 1601697, 1601696, 4012328, 1876, 1135, 530, 1274, 1874, 1869, 82, 878, 81, 529, 80, 528, 79, 1285, 1609, 4007127, 4007124, 4282, 5357, 5358, 1193, 1601195, 5359, 5095, 5094, 4280, 4281, 4279, 4016101, 4016102, 4016100, 4016099, 4016098, 6214, 6215, 6216, 5091, 6217, 7995, 7, 1371503, 1371114, 926]",8863,Sport
1502,"[926, 648, 7903, 850, 1360378, 1360221, 1360379, 4014213, 4014216, 1360060, 1360380, 1360381, 1360382, 1360383, 1360423, 1360384, 1360385, 1600133, 1360387, 1360388, 1360389, 1360390, 1360391, 5403, 5402, 5401, 1600150, 5718, 5719, 1360605, 5720, 5727, 5726, 6275, 1360165, 6274, 4013664, 4013665, 4013667, 5724, 5728, 5729, 1360468, 4004255, 4017690, 4017692, 4017691, 4015218, 4015219, 4015217, 1600869, 1600868]",2779,Sport
1504,"[5641, 5642, 1140296, 1140290, 4999, 236, 4014882, 4014883, 4014885, 4014879, 4014878, 4014876, 1, 7181, 1230532, 4243, 4242, 7186, 1230435, 7185, 1625228, 1625229, 7184, 7183, 1230008, 7182, 1230405, 5326, 1240301, 5325, 1240102, 5324, 1240158, 6119, 6118, 6117, 1240133, 6116, 6115, 7942, 6114, 1240314, 6113, 1240346, 6120, 6168, 1240336, 6169, 6167, 7198, 7992, 4254, 1240190, 1240254]",3335,Social
15059,"[1250002, 4141, 4140, 1250081, 4139, 4490, 4456, 6988, 4880, 4465, 1250451, 1442, 4007414, 4007413, 4017673, 4007407, 4007404, 1261136, 1260253, 1441, 3748, 1439, 4007420, 1625541, 1240255, 1240263, 1240264, 4255, 1240265, 1240441, 1240339, 1240266, 1240267, 1240218, 1240217, 7989, 1240216, 5027, 7197, 6120, 6168, 1240346, 5021, 1240123, 5022, 1240377, 5023, 7949, 1240353, 1240354, 4014490, 4014488, 5661, 4016042, 234, 4016041, 5660, 4543, 5632, 5633, 5634, 5635, 1140189, 5636, 5637, 1140306, 5638, 5639, 5640, 1140328, 5641, 1140296, 5642, 7189, 6129, 6130, 1150191, 6131, 6132, 1150090, 6133, 7873, 2597, 1150134]",5675,Commute
15067,"[1190276, 4017620, 4017625, 1181006, 1180537, 1180536, 1180535, 1180534, 1180533, 1180532, 4003114, 1180531, 4003115, 1180530, 1181010, 1180241, 4524, 1180242, 1180529, 5317, 1180528, 4003119, 1180526, 670, 930]",1877,other
1507,"[1190059, 1190128, 1190015, 1190129, 1190130, 1190136, 4012748, 1190028, 1190162, 1190070, 4012746, 4012745, 4012747, 658, 229, 842, 249, 4015050, 4015048, 1420443, 670, 4015051]",1892,Sport
15078,"[1220363, 1220057, 1220270, 1220342, 1220271, 1220317, 1220272, 4016798, 1220274, 1220157, 1220275, 1220216, 1220359, 244, 1220049, 5513, 235, 1220202, 1220196, 4821, 1210017, 4828, 1210097, 4829, 7621, 7624, 5926]",1650,Magasinage
1509,"[1260100, 4007306, 1260462, 4002938, 1625389, 1614642, 1260463, 1260464, 1260596, 1260465, 1260733, 5258, 1261218, 7625, 4141, 1250002, 4140, 1250081, 4139, 4456, 4880, 1250218, 4879, 1250134, 4878, 4142, 4869, 4016797, 4868, 4452, 4867, 1250375, 1250092, 1250376, 1250377, 1250235, 1250360, 1250236, 1250048, 1250237, 1250016, 1250238, 1250108, 1250239, 1250240, 1250241, 1250242, 3784, 3783, 1220267, 1220268, 1220363, 1220012, 1220269, 1220270, 1220342, 1220343, 1220344, 1220345, 1220346, 1220173, 1220174, 1220312, 1220176, 1220164, 4008302]",4086,Commute
1510,"[4015051, 4015050, 842, 249, 1382, 229, 658, 4012747, 4012745, 4012746, 1190070, 1190162, 1190028, 4012748, 1190136, 4451, 1190014, 1190129, 1190015, 1190302, 1190211, 4002998]",2106,Autre
1511,"[4002997, 1190209, 1190210, 4002998, 1190211, 1190302, 1190137, 1190130, 1190136, 1190028, 1190070, 4012746, 4012745, 4012747, 658, 229, 842, 249, 1382, 670, 1464, 4015050, 4015051]",5035,Autre
1512,"[4015051, 4015050, 842, 249, 670, 1382, 4015048, 229, 4015049, 658, 4012747, 4012745, 4012746, 1190070, 1190162, 1190028, 4012748, 1190136, 4451, 1190014, 1190129, 1190015, 1190211, 1190016, 1190210, 4002997]",2318,Autre
15134,"[1160379, 1160122, 6136, 1150184, 6135, 6125, 6134, 7873, 6133, 1150091, 6132, 1150173, 6131, 6139, 6130, 1150100, 6129, 7189, 5642, 1140297, 5641, 1140329, 5640, 1140110, 5639, 1140367, 5638, 1140306, 5637, 2594, 5636, 1140189, 5635, 1140005, 5634, 1140175, 5633, 1140095, 5632, 1140314, 234, 4017235, 661, 1325, 1090, 4014549, 4014550, 1880, 4014551, 4014552, 1312, 1538, 4014489, 4014490, 4012171, 5024, 6160, 1240369, 7951, 1240417, 1240020, 1240118, 7952, 1240197, 1240022, 4013865, 1240023, 1604027, 1604028, 1603973, 1603974, 1603975, 1603976, 1603977, 1603980, 4262, 1604001, 1603982, 1604000, 1603984, 1603999, 1603987, 1603998, 1603988, 1603997, 4000820, 7204, 1603995, 1603990, 1603994, 1603991, 1603993, 1604024, 4562, 4552, 1604062, 4553, 4554, 1604064, 4556, 4569, 3919, 4009017, 1604173, 4009019, 1604172, 3921, 5036, 5037, 1270295, 5035, 1624231, 5040, 5039, 5041, 1600046, 1625096, 4016918, 3920, 3923, 3922, 1604065, 4555, 4007452, 4567, 1604025, 1604340, 6563, 6564, 7207, 1604339, 1604008, 1604002, 1604033, 4263, 1604031, 1604030, 1240183, 4013759, 1240196, 1240117, 1240416, 6165, 6180, 4016040, 4014422, 4014424, 233, 660, 4014889, 4014887, 4014897, 4014895, 232, 467, 231, 4014883, 4014881, 4014885, 1150055, 1150056, 1150057, 1150058, 1150059, 1150060, 1150062, 4014860, 4014856, 1160362, 1160099]",13104,Social
1517,"[5357, 1601235, 5358, 1193, 5359, 4010520, 5095, 5094, 5092, 5093, 4010455, 1350684, 1350688, 5097, 1601172, 5096, 1601201, 1601213, 77, 1601214, 1601215, 1601327, 1601328, 7274, 527, 4017008, 4017355, 462, 1119, 525, 1118, 524, 76, 523, 1291, 1305, 4000531, 1601371, 1601376, 1601378, 1601380, 1601381, 1601382, 1601384, 1601385, 1601625, 1601626, 876, 73, 520, 1601617, 1601618, 1601614, 1601619, 1601613, 1601577, 71, 518, 1304, 70, 517, 69, 516, 1601627, 1601630, 1601631, 1145, 1604510, 1299, 189, 623, 4012501, 1601654, 1601640, 1601641, 1601992, 875, 1601996, 1601988, 1601997, 1601987, 515, 66, 65, 874, 64, 513, 63, 512, 1319, 1601954, 1601837, 1601838, 1601839, 1601841, 1601842, 1601843, 1601873, 873, 1601901, 1601899, 4008761, 4008758, 1601872, 511, 4012570, 4012568, 4008763, 1606490, 1606556, 1606459, 872, 55, 504, 4006811, 1288, 1606401, 1606400, 1141, 4008966, 871, 543, 95, 1320, 1606280, 1606279, 1606278, 1605744, 1605716, 1605681, 4014283, 4014284, 4009404, 4014285, 4014287, 4014286, 5406, 5405, 4014281, 4014282, 4014280, 5409, 5411, 5410, 548, 97, 4395, 1605257, 1605249, 4013986, 4015426, 4015428, 4015427, 1605237, 1605236, 1508, 1085, 1253, 1252, 1504, 1605184, 1605181, 1605165, 1605164, 1502, 1503, 1499, 1500, 1498, 464, 99, 1605078, 1605070, 854, 1143, 103, 1249, 1246, 552, 1604597, 1604598, 1604750, 1604610, 1604630, 1245, 1604654, 1604658, 1604660, 1604675, 1604703, 4000559, 4009480, 4009481, 1604671, 1604663, 1604674, 1604629, 1604620, 1604587, 1605045, 1605038, 1605043, 1605046, 1605047, 1605059, 1605106, 1605107, 1507, 1506, 1605235, 1605232, 1605242, 98, 4015893, 4007239, 1255, 1605246, 1254, 547, 1511, 4013988, 4013990, 4013989, 4001774, 4001773, 4001771, 4001772, 1605550, 1605551, 1605552, 48, 499, 49, 1272, 4014545, 4014546, 4014547, 50, 4014298, 4014295, 4014294, 4014291, 51, 4001095, 4002669, 4001098, 1605855, 4001097, 1165, 1513, 7650, 868, 52, 501, 200, 1021, 1129, 634, 203, 1604513, 920, 4015512, 1340373, 4014927, 4016757, 1340643, 635, 204, 921, 636, 205, 4015721, 4015720, 1340507, 1351003, 1350570, 1350569, 1600616, 1350577, 1600617, 1350049, 1600280, 1600277, 1350225, 1350229, 1600275, 6259, 1600250, 1350004, 1600313, 1340457, 1600315, 1624195, 4004237, 1625003, 1601636, 1604509, 1601632, 1601606, 1601607, 1601551, 1601552, 1601557, 1601570, 1601560, 4012335, 4012346, 1871, 1601566, 4012337, 4012348, 4012338, 4012349, 4012339, 4012350, 4012340, 4011896, 1601539, 1601528, 4012818, 4012819, 1601538, 1601533, 1601483, 1601479, 1601476, 1601487, 1869, 1274, 82, 878, 81, 529, 80, 528, 79, 1285, 4007127, 4013927, 1332, 4017050, 4017051, 4016500, 4016501, 4016112, 4014057, 4016103, 4012987, 1309, 1370884, 1082, 461, 851, 21, 4012398, 4012397, 1609859, 4007080, 1609864, 4002927]",43571,Sport
152,"[1603960, 1604154, 4556, 1604064, 4554, 4553, 4552, 4562, 4555, 4007452, 4567, 4565, 4566, 4568, 4557, 4559, 4558, 4564, 4563, 4560, 4561, 1604516, 4009013, 1604150, 1604148, 1624236, 1240076, 4017803, 4011658, 4007416, 4007418, 4007423, 4007424, 4007406, 1443, 4009484, 4009486, 4017672, 4465, 4880, 4456, 6988, 4490, 1250118, 1260721, 1250081, 1260724, 1260728, 1260125, 1260124, 4871, 1260035, 1260034, 1260887, 1260122, 1260888, 1260889, 1260563, 1260562, 1260561, 1261033, 1260650, 1261045, 1260049, 1260048, 1260290, 1260986, 1371425, 4007669, 4007667, 1371428, 6983, 4004564, 1371165, 1371054, 1371055, 1370570, 1370767, 1371051, 1370766, 1370677, 1370765, 6975, 1371097, 1371050, 1371121, 1371049, 1371232, 1371233, 1370858, 1370805, 1370857, 1371189, 1371188]",6384,Domicile-travail
15235,"[1220268, 4017379, 1250298, 1250062, 1250297, 1250296, 7981, 1250295, 1250109, 1250294, 1250293, 1250292, 1250361, 1250235, 1250378, 1250291, 1250049, 1250017, 1250097, 1250242, 3783, 1220267, 1220363]",1445,Magasinage
15237,"[1609537, 1608443, 1609536, 1608444, 6069, 1608447, 6061, 1608055, 6062, 1608052, 1608053]",1065,Social
1524,"[1140240, 1140194, 6150, 1140193, 1140192, 1140191, 1140376, 1140190, 1140018, 1140189, 5636, 4015044, 1141107, 4015047, 4015046, 1140086, 1141104, 660, 4014889, 4014887, 4008174, 4014902, 4014903, 4014895, 1140088, 232, 1140089, 467, 231, 4014883, 4014881, 4014858, 4014854, 1160362, 1160157, 1160119, 6124, 1160159, 1045, 4014868, 4014865, 4014866, 230, 659, 1160161, 1160201, 1160218]",3538,Domicile-travail
15244,"[1140190, 1140006, 1140016, 1140176, 1140015, 1140096, 1140095, 5632, 5660, 4016041, 234, 4016042, 5661, 4014488, 4014490, 1240354, 4014494, 4014493, 4014495, 7946, 7945, 1240016, 1240136]",1343,Social
1525,"[6909, 6910, 1400199, 4090, 1400327, 6915]",589,Autre
15282,"[4006500, 4006502, 4006503, 5673, 4008468, 4008469, 4008537, 4008538, 4008475, 4012785, 4012784, 1614800, 1614798, 1614797, 1614796, 4014997, 1614792, 4012787, 4014996, 1624939, 1624940, 1080]",2188,Exercise
1529,"[6083, 1160141, 4011683, 4014017, 4014018, 4014019, 4014020, 4014870, 4014872, 1200190, 4237, 4012712, 4012713, 4180, 5501, 5502, 4814, 1210267, 1210178, 1210004, 1390640, 1390022, 1390284, 1390021]",2381,Autre
153,"[5602, 1608325, 1608305, 1608306, 1614875, 1607527, 1607538, 1607537, 1607536, 1608266, 1608265, 1608256, 1608254, 6290, 6292, 6293, 6291, 6294, 6295, 1608248, 4007940, 1607560, 1607562, 1607563, 4012108, 4012102, 4012109, 4012107, 4017701, 4012110, 1607615, 4011041, 1603154, 1603160, 1603157, 4000544, 3975, 4641, 4636, 4637, 4638, 4639, 4640, 4643, 4642, 4644, 7646, 1604502, 1603747, 1603748, 1604503, 4000554, 1603576, 4013248, 4013249, 4013246, 5757, 5755, 1603524, 1603526, 1603532, 4013298, 4013299, 1603511, 1603509, 1603508, 1603533, 1280035, 1280255, 1280034, 1625471, 1600011, 4009127, 4009128, 4009132, 4009125, 4009133, 1600014, 1625238, 1600020, 1600016, 4006087, 1600017, 1600349, 1603836, 1603838, 4004240, 1603840, 4007150, 4007149, 1603864, 4009022, 4009023, 1603861, 1603884, 1603890, 1603896, 1603904, 1603962, 1603992, 1604014, 4562, 1604065, 4555, 4007452, 4567, 4565, 4000944, 4566, 4568, 4557, 4559, 4558, 1604095, 4564, 4563, 4560, 4561, 4253, 4009012, 1604150, 1604148, 1624236, 1240076, 1260187, 4011658, 4007418, 4007423, 4007424, 4007407, 4007403, 1441, 1442, 4017672, 4465, 4880, 4456, 6988, 1250118, 1260721, 1250081, 1260724]",10586,Domicile-travail
1532,"[1410587, 1410611, 1410612, 1410282, 4767, 4436, 4776, 1410594, 4775, 1410330, 4774, 1410534, 4773, 1410036, 1410276, 4770, 4771, 1410453, 4780, 814, 1410500, 4778, 4012484, 4781, 4779, 5614, 5492, 4017904, 4015053, 4015051, 4015050, 249, 1464, 670, 1180243, 5314, 5311, 5312, 1180093, 5313, 1180025, 5315, 5316, 5310, 1180391, 1180392, 1180063, 1180384, 1612565, 1612566, 1612567, 4010838, 4010839, 4017103, 4017102, 1611911, 1611902, 1611905, 1611904, 1611894, 1611896, 1611907, 1611901, 1611900, 4016524, 1611923, 1611908, 1080192, 1611880, 1611854, 1611822, 1611846, 1611844, 1611843, 1611842, 1611840, 1611838, 1611837, 1611834, 1611870, 1611833]",8482,Commute
1533,"[3978, 1604362, 3980, 1603426, 1603417, 4003205, 1603418, 4003206, 1603419, 1603396, 4003209, 4013294, 1610555, 4003208, 4000835, 4003211, 1610548, 4003212, 1610547, 4003213, 1610546, 4003214, 1610543, 4003215, 1610541, 4003216, 1610540, 4003222, 1610539, 4003223, 1610376, 4003224, 1610374, 4003225, 1610372, 4003226, 1610370, 1603306, 4006172, 4006173, 4006964, 4006174, 4007513, 4015493, 4015492, 4009666, 4009661, 4009668, 4015506, 4015510, 4015508, 4015495, 4015918, 4015489, 4006133, 4010728, 4006189, 4006180, 1020445, 1020069, 1625371]",3341,Commute
15330,"[4794, 1400500, 1400436, 4795, 1400176, 1400155, 1400038]",671,Travail
1535,"[6111, 6108, 1230260, 7180, 1230497, 1230544, 4987, 1230212, 6102, 1230189, 6098, 1230344, 5931, 1220137, 4830, 1220042, 1220036, 5243, 244, 1220216, 1220215, 1220002, 1220214, 1220213, 4917, 4840, 4838, 4837, 1220316, 4836, 1220340, 4835, 4002984, 1220367, 1220363, 4014906, 4014904, 4014907, 1380879, 4014911, 4014910, 1381442, 4014908, 4011698, 4011697, 4008500, 1380636, 4008499, 1380635, 1380634, 1380633, 1380632, 1380629, 1380626, 1380625, 1380657, 1381630, 4124, 1380748, 1624134, 1380423, 1380750, 1260070, 4870, 1260123, 4871, 4872, 1260947, 4873, 4457, 4462, 1260464, 1614644, 4463, 1260450, 4459, 1260472, 4460, 1260550, 4461, 4606, 1260244, 4601, 4603, 1260207, 1260420, 1260060, 4604, 4605, 1604450, 1261061, 1260308, 1260305, 1624964, 1624963, 1260669, 1261057, 1260303, 4017769, 4016882, 4016881, 1370096, 1370602, 1370601, 1370600, 1370598]",7108,Commute
1536,"[1400349, 1400164, 1400163, 1401005, 1410219, 1411111, 1410218, 1410560, 1410217, 1623993, 1410216, 1410700, 595, 1410301, 1410242, 1625407, 1410483, 1624254, 906, 149, 1410043, 191, 624, 192, 912, 627, 1390207, 1311, 1390300, 628, 195, 629, 916, 196, 4008472, 1624148, 430, 1187, 1390521, 1188, 1773, 1625386, 1625387, 5932, 4017100, 914, 6948, 5933, 4834, 1390594, 4842, 6955, 1381608, 6954, 1381604, 7072, 1381603, 6953, 1381430, 6952, 5531, 4012991, 5530, 5529, 1381412, 5528, 5526, 5525, 1381358, 5524, 1380012, 5523, 1380796, 1381181, 1380794, 1380793, 5521, 4002956, 5534, 5533, 6958, 1381402, 5052, 5053, 1380356, 4843, 4846, 4854, 4017450, 4017760, 4017761, 4861, 5256, 1381115, 1380119]",4619,Domicile-travail
1537,"[7949, 5023, 5024, 6180, 4014490, 4014488, 5661, 1240426, 4016042, 4016043, 4016040, 4016041, 1667, 4012173, 5660, 5632, 5633, 5634, 5635, 5636, 5637, 1140306, 5638, 1140366, 5639, 1140109, 5640, 1140328, 5641, 1140297, 5642, 6129, 1150099, 6130, 1150191, 6131, 1150172, 6132, 1150090, 6133, 6134, 6125, 6135, 1150183, 6136, 1160123, 6137, 5327, 1160069, 1160070, 1160092, 1160071, 1160204, 1160072, 1160073, 2628, 1160074, 1160075, 1200017, 1200018, 1200019, 1200343, 1200020, 1200021, 1200022, 1200023, 1200024, 2279, 1200025, 1200026, 1170144, 1170070, 1170071, 7892, 7883, 1170073, 7168, 1170074, 1170077, 1170078, 1170079, 1170082, 4017601, 4003088, 4017602, 1170083, 1170084, 1170259, 1170085, 2646, 1170086, 1170087, 1170088, 1170089, 1170090, 1180093, 1180094, 1180095, 1180408, 1180096, 7867, 1180097, 1180321, 1180098, 1180419, 1180099, 1180422, 1180100, 2651, 1180101, 1180102, 1180103, 1180104, 1180444, 1180257, 1180512, 1180511, 1180502, 1180493, 1180503, 1181001, 1180274, 4013860, 4013861, 4013859, 4009870, 4003648]",7349,Domicile-travail
15448,"[1110071, 1110402, 1110070, 1110275, 1120250, 1110276, 1120216, 1110277, 1120016, 4009752, 843, 1014, 5002, 5003, 1120281, 5001, 1120085, 5004, 1120172, 7192, 6151, 7191, 4990, 7190, 1150004, 7189, 6129, 5000, 1150199, 4999, 236, 4014884, 467, 231, 4014857, 4014853, 1045, 4014868, 4014866, 230, 659, 1044, 1160595, 4015970, 4015960, 4015969, 4015959, 1160295, 6083, 1160141, 6084, 1658, 4011683, 4984, 6085, 4584, 1732, 7730, 1200226, 1200339, 7731, 3904, 1200302, 3905, 7178, 1201108, 1200427, 1200355, 1200426, 1200361, 1200162, 1625309, 4004698, 1625310, 4006046, 4006047, 1625296, 1625280, 1625316, 1625279, 1625109, 1625287, 1614632, 1190215, 4807, 1190035, 4808, 1190010, 4809, 1190078, 4810, 7162, 4449, 4450, 1190014, 4451, 1190136, 4012748, 1190028, 1190162, 1190070, 1190200, 4012746, 4012745, 4012747, 658, 229, 842, 4015050, 1382, 670, 1420443, 1421119, 6618, 6622, 6621, 4003066, 6620, 6623, 4012180, 7881, 4012408, 1420246, 4446, 1420579, 4440, 4442, 1410065, 4438, 1410459, 4437, 4767, 4436, 6885, 4448, 1410584, 4012583, 157, 602, 158, 603, 159, 604, 1625186, 1293, 4445, 4007365, 4444, 4009827, 4009825, 1441513, 4069, 4070, 4009833, 4009835, 1625243, 4009839, 4009842, 4009845, 4009848, 4009851, 6874, 4009853, 4009856, 4009880, 4009885, 4009891, 5240, 4009897, 4009900, 4009909, 4009912, 4009915, 4009937, 4009939, 4009943, 1625493, 4017727, 4017729, 4017728, 4011500, 4011499, 4013462, 4009950, 4052, 4053, 4013115, 4013116, 4013112, 4013113, 4046, 4047, 4048, 4050, 1132, 160, 1487, 1614625, 1450424, 1450042, 162, 4043, 1481, 4044, 4045, 4049, 607, 163, 6858, 7618, 1460219, 5470, 1461124, 1460080, 5465, 5466, 5468, 5484, 5480, 5473, 6477]",18858,Autres
15452,"[7117, 1030219, 6532, 6533, 1031000, 6531, 6530, 1030286, 6529, 1030559, 6528, 6527, 6526, 1030586, 6525, 1209, 7115, 1030194]",1419,Domicile-travail
1547,"[1390021, 1390283, 1390252, 1390282, 1390274, 4106, 4099, 1390317, 4105, 1390063, 4104, 4103, 1390244, 1390633, 6930, 4266, 4100, 4101, 4107, 4108, 4109, 5515, 5622, 5620, 7975, 5621, 7652, 5623, 4536, 1210023, 4535, 1230372, 4540, 1230298, 4539, 1230165, 4538, 6106, 4537, 3809, 4541, 3811, 4542, 6102, 1230212, 1230414, 7967, 7968, 1230106, 7969, 1230041, 1230546, 1230495, 1230042, 7187, 4242, 7186, 1230434, 7185, 1230477, 7184, 1230396, 7183, 1230007, 7182, 5326, 5325, 1240101, 5324, 1240158, 6119, 6118, 7933, 6117]",4372,Domicile-travail
15488,"[1614195, 1614186, 1614265, 1614270, 1614153, 4161, 4003839, 1614259, 6585, 1614150]",1032,Courses
1550,"[1220094, 1220122, 1220354, 1221010, 1230349, 1230162, 1230163, 1230164, 1230165, 4538, 6106, 4537, 3809, 1230243, 4541, 3811, 1230087, 4542, 4987, 3808, 7180, 1230260, 6108, 1230415, 5630, 7188, 7187, 4242, 7186, 1230435, 7185, 1230477, 7184, 1230396, 7183, 7182, 1230405, 5326, 1240301, 5325, 1240102, 5324, 1240158, 6119, 6118, 7933, 6117, 6116, 7934, 6115, 6114, 6113, 1240346, 6120, 5021, 7197, 6161, 1240216, 7989, 1240217, 1240193, 1240218, 1240268, 1240219, 4016914, 1604079, 1604078, 1604080, 1604087, 1604089, 1604090, 1604123, 4009014, 4564, 1604095, 4558, 4559, 4557, 4568, 4566, 4000944, 4565, 4567, 4007452, 4555, 1604065, 4562, 4552, 1604062, 4553, 4554, 1604064, 4556, 4569, 3919, 3922, 4009017, 1604173, 1604168, 1604166, 1604165, 1600053, 1600052, 1600051, 1600050, 1624239, 1600049, 1623888, 1600047, 1270323]",5809,School
1552,"[1230004, 1230390, 1230204, 1230205, 1230206, 1230476, 1230549, 1230548, 1230323, 1230547, 1230041, 1230546, 1230107, 1230545, 1230544, 1231017, 1230087, 1231029, 1230543, 1230542, 1230541, 1230540, 4003129, 1210350, 1210351, 4239, 1210352, 4532, 1210353, 1210210, 1210354, 7975, 1210355, 1210356, 1210246, 1210357, 1210131, 1201118, 4003013, 4004272, 4014871, 4014872, 4237, 7179, 7178, 1201108, 4003009, 1200427, 4003008, 1200426, 4003007, 1200425, 4003006, 1200424, 4003005, 1200423, 4003004, 1200422, 4003003, 1200421, 1190316, 1190314, 1190312, 1190309, 1190306, 1190305, 1190304, 1190257, 1190303, 1190015, 1190302, 1190137, 1190301, 1190029, 1190300, 1190071, 1190299, 4017644, 4017643, 1190132, 4017653, 4017654, 4012746, 1190200, 4012745, 4012747, 1420521, 4010083, 4015052, 4015049, 4015053, 4015050, 4015048, 4010077, 1420443, 1420523, 670, 7637, 7220, 1420447, 7216, 1420525, 1420526, 4009988, 1625118, 4009986, 1625120, 1420528, 1420530, 4017365, 1625132, 1625131, 1420538, 1420542, 1624692, 1420543, 1420345, 1420544, 1420278, 1420545, 1420312, 1420546, 1420035, 1420547, 5920, 1420548, 1420207, 1420549, 1420550, 1420066, 1420551, 1420552, 1420223, 1420553, 4017378, 4017377, 1441203, 1440393, 4003698]",8503,Autres
15527,"[4016712, 1270206, 1290349, 1290350, 1600113, 1600111, 1600112, 1600106, 1600107, 4002841, 4009039, 4009038, 1600099, 1600095, 1600092, 1600091, 1600088, 1280030, 1280203, 1280279, 1280278, 1280277, 1280272, 1600354, 1280143, 1604161, 1604183, 1604160, 1604158, 1604156, 1604019, 1604021, 4012717, 1604023, 1603992, 1603993, 1603994, 1604025, 1604340, 1603996, 1604338, 6564, 7207, 6171, 6173, 1604044, 1604036, 6174, 4263, 7208, 4264, 1604039, 1604040, 1604029, 1240383, 4009067, 1240382, 1240381, 1240117, 1240380, 1240379, 6164, 1240378, 1240377, 1240374, 1240316]",5358,Commute
15528,"[7687, 7681, 1728, 7685, 7747, 7663, 1727, 4004126, 7666, 7662, 4004127, 7665, 1491204, 1490530, 7659, 7658, 166, 1490631, 4431, 4433, 1490340, 4434, 1490673, 4435, 1490683, 908, 167, 4010249, 4010248, 1169, 1170, 1168, 1624458, 1624459, 1501008, 1624460, 1624461, 609, 1500556, 168, 1490546, 4033, 6840, 1500516, 169, 610, 170, 1623996, 6829, 1500603, 6830, 6831, 1500621, 6832, 1500633, 4749, 1167, 5461, 5460, 1500520, 6833, 6834, 6835, 4012515, 4012514, 4750, 4746, 4747, 4748, 6836, 455, 4027, 1500684, 4028, 7645, 171, 4420, 1500356, 4421, 1500693, 4422, 1500697, 4423, 1500818, 4427, 1500817, 4428, 1623987, 4429, 4430, 4424, 1500789, 4425, 1500703, 4426, 1500705, 4481, 1092, 909, 1501000, 172, 910, 173, 611, 174, 612, 4740, 4744, 4004202, 4745, 4004201, 4743, 1624436, 1500184, 4013065, 4013064, 4741, 4004198, 1087, 4017020, 4017018, 4017021, 4017019, 1500937, 4010205, 4010204, 4010203, 4004668, 4010202, 4010201, 1606302, 4010355, 1501100, 4010353, 4016156, 4016158, 4016157, 4012317, 4012731, 4012318, 1501153, 1500485, 1624441, 1500484, 4012517, 4012516, 1500174, 4004180, 1500173, 1500657, 1500172, 1500652, 1500171, 1501129, 1500819, 1500170, 1501174, 1500169, 1500168, 1500167, 1500608, 1500165, 1624444, 1624443, 1500594, 1500159, 4007947, 1490144, 1490712, 1490143, 1490141, 1490140, 1490139, 1490751, 1490137, 1490136, 1490135, 1490844, 4004169, 1490506, 1490134, 1491196, 1490132, 1490006, 1490131, 1624456, 1624454, 1624455, 1490129, 1490128, 1490127, 1490126, 1490662, 1490125, 1490124, 1490123, 1490122, 1490619, 1490121, 1490813, 1490453, 1490452, 1490120, 1490119, 1490602, 1490118, 1490117, 1490116, 1490578, 1490303]",14028,Sport
15529,"[1381374, 1380279, 1380532, 5057, 1370997, 4590, 1370634, 4591, 1370859, 4592, 4011484, 1380285, 5346, 3803, 4014975, 4014973, 246, 1296, 4014698, 245, 668, 5, 459, 4014695, 460, 4012770, 4014733, 4014696, 1370090, 4008743, 4014730, 1380033, 1183, 4014731, 4014701, 1381461, 1016, 7642, 1520, 4007320, 4017752, 4017753, 4008723, 4008462, 4008387, 1133, 1622354, 4014955, 1622352, 4014952, 4015026, 1614672, 4008532, 4008531, 4014941, 1525, 4006504, 1523, 5066, 4007798, 5067, 4599, 4008452, 4597, 4594, 4595, 4600, 1150, 1151, 5064, 1614700, 5065, 6644, 4014940, 1614674, 4014939, 4596, 4008453, 6642, 5061, 3804, 1614714, 5059, 5058, 248, 630, 1614701, 1624943, 1524, 4008459, 4014958, 1462, 1519, 4008388, 1625335, 1624381, 4014700, 6, 4014732, 4014971, 913, 669, 667, 243, 4014974, 4593, 1380220, 1381643, 1381644, 1380278, 1381159]",19978,Domicile-travail
1553,"[1250064, 1250298, 3783, 1220267, 1220254, 1220268, 1220363, 1220012, 1220011, 4002984, 4014906, 4014904, 1220005, 1380880, 1381441, 1380765, 1380639, 4011930, 5252, 4012068, 4012065, 7852, 5254, 4839, 1380084, 1381220, 6956, 1380790, 5533, 5052, 5054, 1380357, 4843, 4846, 4008383, 1381303, 4017450, 4017760, 4017761, 4861, 5256, 5255, 1381633, 4014669, 4014670, 4014012, 4014671, 1381438, 4016645, 1380345, 5934, 6957, 4007729, 1624099, 1624100, 1624103, 4007318, 1380217, 243]",4161,Exercise
1554,"[1310024, 1310148, 1310050, 1320149, 4628, 4629, 1321114, 4630, 1320227, 4631, 4632, 4633, 1320199, 4634, 1320206, 4635, 6668, 6666, 6236, 6233, 6234, 1320164, 4002790, 6231, 6230, 6237, 1320167, 1320168, 1320245, 1320158, 1320374, 1320159, 1320073, 1320368, 1320072, 1320247, 1320071, 1320371, 1320303, 1320304, 1602129, 1602165, 1602164, 4013503, 4013505, 4013504, 4017231, 4017232, 4004330, 5388, 1602150, 1602127, 1602126, 1602138, 1602148, 1602125, 1602136, 1602135, 1602134, 4015891, 4015890, 4015887, 4015889, 4012441, 4012440, 1605793, 1605794, 1605795, 1605814, 1605815, 4016809, 5110, 1605816, 1605817, 1605840, 4001448, 7310, 4011357, 4014293, 7314, 4014572, 4014569, 4014568, 7312, 4014566, 4014543, 4014542, 4008344, 4014141, 4014140, 1605362, 1605359, 4012933, 1605251, 1605237, 6253, 1605236, 1605232, 1605235, 1605234, 1605188, 1605187, 1605186, 1605184, 1504, 1605181, 1605182, 1605165, 1605164, 1605151, 1605130, 1605131, 1605128, 1605108, 464, 1605079, 1605107, 1605106, 1605078, 1605061, 1605070, 1605071, 854, 1605064, 1605059, 1248, 551, 1605053, 1605047, 1605046, 1605042, 1605043, 1605038, 1605045, 1604597, 1604586, 1604598, 4009379, 1604592, 4009377, 1604595, 1604752, 1604652, 1604751, 1604609, 1604750, 1604610, 1604630, 1245, 1604629, 1604653, 1604654, 1604674, 1604658, 1604663, 1604661, 1604660, 1604671, 1604675, 1604670, 1604703, 1604705, 4000559, 4009480, 4306, 7326, 7327, 1615316, 7323, 7324, 1615315, 7325, 5734, 1615323, 5735, 5736, 5122, 5123, 1615359, 5126, 1615360, 5124, 1615386, 5127, 5128, 1615380, 1615381, 5130, 1615439, 5120, 5121, 1615451, 5119, 4000648, 5131, 1615429, 5135, 5143, 5144, 5136, 1615521, 5138, 5137, 5139, 1615565, 5146, 5145, 5133, 5134, 5140, 5141, 1615697, 5142, 1615732, 5150, 5151, 1615744, 5152, 1615764, 5154, 5153, 7350, 7351, 7352, 7353, 1615796, 1615795, 1615794, 4011234, 4011235, 4016371, 4016383, 4016379, 4016376, 1615181, 1615180, 4000089, 1615976, 1615969, 1615965, 1615962, 1615952, 1615977, 1615979, 1615981, 4002026, 4011566, 4011562, 4011567, 4011565, 4011564, 4011605, 4011604, 1616004, 4011606, 4011607, 1616008, 1616020, 1616018, 4002031, 1616012, 1616025, 4000087, 1616033, 4000086, 4000085, 4000656, 1616093, 4004345, 1616081, 1616090, 1616089, 4016265, 4016264, 4016284, 4016282, 4016280, 4016276, 4016267, 4016270, 1616073, 4006848, 4006846, 4000655, 4000090, 1621351, 4002036, 4002033, 1621405, 1621404, 1621336, 1621335, 1621333, 1621381]",21668,Exercise
1555,"[1230240, 1230179, 1230348, 1230162, 1230349, 1230350, 1210250, 1210251, 1211008, 1210252, 5930, 1210253, 1210254, 1210255, 7974, 1210256, 1210257, 5620, 1210298, 5622, 1210246, 1210357, 1230511, 1230330, 1230273, 1230272, 7977, 1230271, 1230282, 1230283, 6089, 6087, 4014863, 1230284, 1230524, 4014862, 4014866, 230, 4014865, 1160584, 1160286, 1160229, 1161100, 1160287, 1160105, 1160107, 1160203, 1160383, 1160204, 1160072, 1160073, 2628, 1160074, 1160075, 1200017, 1200018, 1200019, 1200344, 1200020, 1200353, 1200021, 1200022, 1200023, 2607, 2608, 2609, 1160027, 4012528, 1161000, 4227, 1160480, 4226, 1744, 4225, 1160354, 4224, 1160255, 4223, 2617, 4222, 2626, 4221, 1160310, 4220, 1160206, 4219, 1160207, 1160002, 1160208, 1100014]",5912,Courses
1560,"[1621381, 1621360, 4006078, 4386, 4709, 1110, 7519, 1623524, 7518, 4013391, 4013388, 4013392, 4013389, 7517, 7516, 1621524, 4697, 4390, 4696, 4695, 1621507, 4700, 4701, 1621498, 4699, 4698, 1621499, 4694, 1236, 7503, 1621158, 1621156, 7505, 1621136, 7502, 1621120, 7500, 7499, 7506, 1621116, 7501, 5211, 7498, 7497, 1621086, 1621074, 1621069, 1621075, 1621076, 4002115, 1621079, 1620649, 4001483, 1620652, 4001484, 1620565, 1623372, 4000136, 1620577, 1620576, 1620575, 1620633, 1620634, 1620629, 1620642, 1620638, 5187, 1620599, 5190, 4010543, 4012921, 4012920, 1620598, 4006981, 4000073, 1620587, 1620579, 1620582, 1620275, 1620300, 1620276]",8068,Exercise
1561,"[1261050, 4017681, 4017683, 4002895, 1260659, 1260543, 1260208, 1260546, 1260236, 1260547, 1260896, 1260548, 1260549, 4461, 1260550, 4460, 1260471, 4459, 1260449, 4463, 4464, 1260464, 4462, 4457, 1260594, 1260595, 4458, 1260732, 5258, 1261218, 1260962, 7625, 4141, 1250002, 4140, 4139, 4490, 4456, 4465, 1250451, 1442, 4007414, 4007413, 1441, 4007403, 4007399, 1439, 1440, 5016, 5015, 5018, 5019, 5017, 6169, 6168, 6120, 5021, 1240123, 5022, 1240377, 5023, 7949, 5024, 6180, 4014490, 4014488, 5661, 1240426, 4016042, 4016043, 4016040, 234, 4016041, 5660, 1140314, 5632, 5633, 5634, 5635, 5636, 2594, 7816, 7817, 7818, 1890, 1889, 6156, 1120221, 6157, 6158, 3911, 3912, 1120080, 3913, 3914, 3915, 3906, 1120123, 3907, 3908, 3909, 3910, 6542, 6053, 6051, 6052, 1040194, 6047, 1040299, 1040028, 1040300]",10367,Domicile-travail
15614,"[1250259, 1250016, 1250238, 1250109, 1250239, 1250240, 1250097, 1250296, 1250098, 1250073, 1250099, 5336, 1250100, 4121, 1250065, 4122, 4017387, 4113, 1220257, 4115, 1220016, 1220228, 1220059, 4116, 1220345, 4117, 1220322, 4118, 1220311, 4119, 1220163, 4120, 1220032, 5249, 5250, 1220069, 5242, 5514, 5243, 1220036, 4830, 5931, 1230344, 6098, 1230189, 6102, 4987, 7180, 6108, 6111, 6110, 6109, 7181, 1, 4014876, 4014878, 4014879, 4014883, 231, 4014882, 236, 4999, 5000, 6129, 1150100, 6130, 1150191, 6131, 6132, 6133, 1150090, 6134, 6125, 4016729, 1150012, 6127, 4998, 4989, 1160127, 4988, 1160137, 6121, 4218, 4219, 4220, 4221, 2626, 4222, 4223, 4224, 4225, 4226, 4227, 4228, 4229, 4230, 1160557, 4231, 1170147, 4232, 4233, 4234, 4235, 1170205, 4236, 7157, 7158, 7159, 3007, 7160, 7161, 4214, 4213, 1170256, 4206, 4207, 1170266, 4208, 1170271, 4209, 1170276, 4210, 1170281, 4211, 1170286, 4212, 5310, 3877, 1180411, 3878, 3879, 1180322]",9576,Domicile-travail
1562,"[1370135, 1370518, 1370136, 4013507, 4013508, 4014697, 4008488, 4012424, 4013364, 4012425, 1371234, 1370522, 1371122, 1370523, 4008408, 1370524, 4008409, 4008541, 1371428, 4002900, 1371338, 1370099, 4007667, 1370096, 1371429, 4015715, 1261041, 4002902, 1261039, 1260291, 1261038, 1260953, 1260053, 1261037, 4008725, 4008727, 1624142, 1624141, 4008726, 4008724, 1261222, 4006998, 1260891, 1260958, 4462, 4457, 1260595, 1260977, 1260732, 5258, 1260731, 1260730, 1250002, 1260728, 1260125, 1260724, 1250081, 1260721, 1260720, 1250217, 1380911, 1250131, 1380909, 4128, 1380905, 4862, 1380903, 1250032, 1380902, 1250373, 1380870, 1250357, 1380871, 1250046, 1380873, 1250014, 1380874, 1250106, 1380875, 4013875, 1380876, 1380877, 1221009, 1380878, 1220365, 4014907, 4014905, 1220005, 1380880, 1220339, 1380882, 1220304, 1380885, 1380888, 1221002, 1220361, 1380890, 1380891, 1220362, 1380893, 1220068, 1380894, 1380895, 1380681, 1380896, 1380898, 4008748, 4013756, 4013757, 1391006, 1390625, 4012075, 1390626, 1390627, 5926, 1390628, 1210203, 1390629, 1390630, 1390532, 1390631, 1390410, 1390632, 1390633, 1390634, 1390063, 1390635, 1390318, 1390636, 1390222, 1390637, 1390252, 1390639, 1390022, 1390640, 1390641, 1210178, 4096, 4098, 4814, 5502, 5501, 4180, 1625497, 4012713, 1625284, 4012712, 1200039, 4237, 4530, 4011784, 4588, 4586, 4585, 4584, 1732, 7864, 1200226, 1200340, 1200137, 1200341, 1200342, 1200270, 1200343, 1200020, 1200353, 1200021, 1200022, 2608, 1200023, 1200390, 1200024, 2279, 1200404]",9789,Work-related
1563,"[1210261, 4109, 1210245, 5622, 5620, 7974, 5621, 1210209, 7652, 5929, 5623, 1210025, 4536, 1210022, 4535, 1230371, 4540, 1230297, 4539, 1230164, 4538, 4006092, 4537, 1230241, 4541, 5627, 4542, 4987, 1230544, 1230497, 7180, 1230260, 6108, 6111, 6110, 6109, 7181, 1, 4014878, 4014879, 231, 4014883, 4014885, 4014881, 4014882, 236, 4999, 1150199, 5000, 6129, 7189, 1150004, 7190, 4990, 7191, 6151, 7192, 1120172, 5004, 1120171, 1120211, 1120170, 1120243, 1120287, 4008710, 1120288, 4008712, 4008708, 4008711, 1121105, 1120188, 1120292, 3911, 1120101, 3912, 1120080, 3913, 1120095, 3914, 1120275, 4016834, 1120298, 3906, 1120123, 3907, 1110271, 3908, 1110240, 3909, 1110342, 3910, 1110110, 6051]",6746,Autres
1565,"[1450014, 1450325, 1450259, 1450429, 1625691, 1450690, 1625689, 1450308, 1625687, 1625686, 1450703, 1625683, 1450372, 1625681, 1625741, 1625679, 1450280, 1450252, 1450100, 1450251, 1450348, 4013572, 4013571, 1450160, 1450081, 1440514, 4014782, 4014779, 4014772, 4014767, 4013442, 4013444, 4013445, 4013443, 4010060, 4010059, 1440438, 1440513, 1440721, 1440544, 1669, 1440543, 1440009, 1440542, 1440541, 1440390, 1440540, 1440845, 1440539, 1440607, 1441523, 1420260, 1420213, 4007868, 4017914, 4009993, 4007866, 1420203, 1440535, 5921, 1440534, 1420028, 1440533, 1420307, 1440532, 1420273, 1440531, 1420340, 1440530, 1420187, 1440529, 1420007, 1420586, 1420251, 4015746, 4015748, 4015747, 1625179, 1420250, 1420249, 1420248, 4012410, 4012180, 7881, 4012408, 1420246, 1420491, 1420245, 1420294, 1420244, 1420471, 1420243, 1420003, 1420242, 4012481, 4012479, 4012480, 1420302, 1420240, 1421166, 1420239, 1420179, 1420238, 1420519, 1420369, 1420237, 1420265, 1420236, 1420069, 1420235, 1400374, 1400250, 1400052, 1400249, 1401000, 1400248, 1400335, 1400247, 6928, 1400246, 1400285, 1400245, 1400040, 1400244, 1400157, 1400243, 1400178, 1400242, 1401002, 1400241, 1400502, 1400240, 1400197, 1400239, 1400402, 1400238, 1400323, 1400237, 4008375, 1390287, 1390701, 1390286, 1390418, 1390285, 1390295, 1390284, 1390022, 1390283, 1390252, 1390282, 1390274, 4106, 1390222, 4099, 1390318, 4105, 1390063, 4104, 1390623, 4103, 6943, 1390276, 1390410, 1390275, 1390531, 1390601, 1390530]",8761,Magasinage
1566,"[1120159, 5005, 1121102, 1120254, 1120304, 1120175, 1140122, 1140121, 1140120, 1140118, 1140028, 1140117, 1090, 1325, 4014549, 4014550, 1880, 4014551, 1240426, 4014487, 4014552, 1538, 1312, 1240369, 6165, 6164, 1240148, 6163, 6162, 1240065, 6161, 1240216, 5027, 1240337, 1240439, 5026, 5029, 5031, 1250175, 5030, 4251, 3747, 4250, 4249, 4248, 4247, 1250404, 4882, 4012232, 4016797, 4862, 4126, 1380327, 4125, 1381630, 1380748, 1624134, 1380424, 1380750, 1260071, 1260590, 1260135, 1260591, 1260124, 1260592, 1260036, 1260593, 1260947, 1260594, 4457]",5949,Commute
1568,"[1250002, 4140, 1250085, 6991, 4465, 1250451, 1442, 4007414, 1441, 4007403, 4007404, 4007399, 3748, 1439, 439, 5016, 5030, 5015, 5018, 1250173, 1240251]",2062,Commute
1569,"[1611834, 1611838, 1611842, 1611844, 1611845, 1611846, 1611822, 1611854, 1611880, 1080192, 1611908, 1611923, 1611900, 1611907, 1611896, 1611897, 1611895, 1611893, 1625088, 1625087, 1611909, 1611889, 1611887, 1611886, 1611884, 1611882, 1611912, 1611911, 4017102, 4017103, 4010839, 4010838, 1612567, 1612566, 1612574, 1612565, 1180384, 1180383, 4212, 4522, 1170022, 4521, 1180093, 4523, 1180241, 1180529, 1383, 1180528, 1180526, 4003120, 1180524, 670, 1180541, 1463, 1464, 249, 4015050, 4015053, 4015052, 5492, 4017904, 4782, 5614, 4779, 1420242, 1420575, 4778, 4780, 4771, 4770, 6886, 1410035, 6887, 1410533, 6888, 1410329, 1410330, 6889, 1410594, 1410593, 6890, 4448, 1410585, 1410611]",9086,Commute
157,"[1330475, 1330368, 1330292, 5077, 5074, 5073, 4013735, 4013736, 1600847, 4013437, 1600841, 7245, 1604276, 7248, 1604275, 7247, 7244, 1600868, 4268, 1262, 1601167, 7242, 1601150, 7243, 1601153, 1601156, 7237, 7239, 7240, 1601164, 7238, 7241, 5069, 4010760, 5068, 4007311, 5071, 5070, 4008736, 4008734, 7236, 1260131, 1260436, 1260119, 7235, 1260269, 7230, 1260925, 7234, 1260839, 7233, 1260853, 1260905, 1260904, 1260305, 1260903, 1260399, 1260902, 1260058, 1260901, 1260205, 1260900, 1260899, 4013839, 1260898, 1260897, 1260547, 1260896, 1260469, 1260895, 1260448, 1260894, 1260462, 1614641, 1260891, 1260958, 1260890, 1260945, 1260889, 1260563, 1260888, 1260887, 1260886, 1260775, 1260885, 1260067, 1260066, 1380814, 1381393, 1381392, 1381391, 1381192, 1381390, 1380812, 1380196, 1381389, 1381101, 1381394, 1381395, 1380137, 1381396, 4002951, 1381397, 1381398, 1380852, 1381399, 1381012, 1381400, 1381401, 1380069, 1381402, 5052, 5533, 1380440, 5534, 1381063, 5521, 1380945, 5522, 1381180, 5523, 1380012, 5524]",6961,Domicile-travail
1570,"[6153, 6159, 5005, 1120027, 1120254, 1120255, 4003244, 4003242, 4003241, 1120038, 1120064, 1140122, 1140121, 1140120, 1140385, 1140118, 1140117, 4014549, 4014550, 4014551, 1240426, 4014487, 4014489, 4014552, 1241002, 1240369, 6165, 1240379, 6164, 6163, 6162, 1240065, 6161, 5027, 1240337, 5028, 1240438, 5026, 5029, 5031, 1250175, 5030, 5015, 4251, 1250078, 4250, 1250007, 4249, 4248, 4247, 1250246, 1250404, 4882, 4012232, 4869, 4016797, 6959, 4862, 1380905, 4128, 1380909, 1250131, 1380911, 1250217, 1260720, 1260721, 1250081, 1260724, 1260728, 1250002, 1260730, 1260731, 5258, 1260732, 1260977, 1260733, 1260465, 1614643, 1260734, 1614660, 1260735, 1260472, 1260738, 1260553, 1260740, 1260878, 1260741, 1260245, 1260742, 1260498, 1260744, 1260745, 1260506, 1260746, 1260747, 1260630, 1260748, 1260403, 1260749, 4007895, 1260750, 1260139, 1260311, 4008720, 4605, 1604450, 1260308, 1260903, 1260305, 1624963, 1260669, 1261057, 4017769]",8036,Domicile-travail
1571,"[1381096, 1381074, 1381097, 1380340, 1381098, 6968, 1381099, 1381635, 4015706, 4015712, 4015710, 1381100, 1380365, 1381101, 4002949, 1381102, 1624333, 1381103, 1381104, 1380484, 1381039, 4847, 4848, 1380859, 4844, 1381017, 4841, 4839, 5254, 7852, 7851, 7850, 5252, 4011930, 1380639, 4012064, 1381441, 1380879, 4014907, 1220365, 4014906, 4014904, 1220005, 4835, 1220340, 4836, 1220316, 4837, 1220305, 4838, 1220155, 4840, 1220213, 1220360, 937, 244, 1220359, 1220049, 5513, 235, 1220202, 4821]",4051,Commute
15759,"[4013036, 1600357, 4017482, 4015090, 4015125, 4015138, 4015093, 1290269, 1290304, 1603058, 1603057, 4013540, 1603064, 1603059, 4012777, 4005964, 4015385, 1603100, 4005963, 4007491, 1607285, 1607287, 4015387, 4013677, 4013676, 3755, 3754, 1607298, 1607299, 4002238, 1614884, 1607302, 4010178, 1607306, 1607235, 1607240, 1607236, 4006754, 4006753, 4006755, 4000366, 4000370, 4000593, 1607115, 4006748, 4006749, 4011919, 4014190, 4014187, 4014188, 1607112, 4004678, 1607119, 4004679, 4004677, 4004681, 4004676, 4004682, 1607103, 1607104, 1607037, 1607039, 1607058, 1607040, 1607059, 4014355, 4014357, 4014353, 4014356, 1607046, 1607041, 4014348, 4014347, 4014350, 4014359, 4014364, 4014369, 4014343, 4014341, 4014332, 4014340, 1607044, 4010292, 4010291, 4010188, 1607092, 1608855, 1608856, 1608860, 1608849, 4015629, 4011125, 4011129, 4015628, 4015627, 4011135, 4011139, 4015626, 1608885, 1608888, 1608902, 6431, 6437, 6432, 6773, 6776, 6441, 6778, 6446, 6439, 6438]",10186,Commute
1577,"[1370598, 1370783, 1370599, 1370600, 1370601, 1370602, 4016881, 4016882, 4017769, 1260303, 1261057, 1260669, 1624963, 1624964, 1260305, 1260308, 1604450, 4008720, 7231, 4605, 1260400, 4604, 1260059, 1260420, 1260206, 4603, 4601, 1260243, 4606, 1260872, 4461, 1260550, 4460, 1260471, 4459, 1260449, 4463, 1614644, 4464, 4462, 1260958, 4873, 4872, 1260036, 1260593, 1260037, 1260729, 1260728, 1260125, 1260724, 1250081, 1260721, 1260720, 1260072, 1380911, 1380424, 1380909, 1380905, 4126, 1380903, 1380202, 1380902, 1381107, 1380870, 1381043, 1380871, 1380873, 1380874, 1380397, 1380875, 1380876, 1624279, 1380877, 1381021, 1380878, 1381442, 4014911, 4014909, 1380879, 1381441, 1380880, 1381070, 1380882, 1380884, 1380885, 1381609, 1380888, 1380018, 1380890, 1221002, 1220361, 4917, 1020, 1220360, 4002980, 1220359, 4002981, 1220358, 4002982, 1220357, 244, 5243, 1220036, 4830, 5931, 6098, 6102, 4987, 7180, 5319, 1230088, 5320, 5321, 6107, 1230184, 4007992]",7389,Commute
1578,"[235, 4821, 1220202, 5513, 1220049, 244, 937, 1020, 1220360, 1220213, 4840, 4838, 1220305, 4837, 4836, 4835, 1220011, 1220005, 4014904, 4002984, 4014906, 1221004, 1221003, 1220365, 4014907, 1380879, 1381442, 4014910, 4011698, 5253, 4011930, 5252, 7850, 4012069, 7851, 7852, 5254, 4008551, 1380084, 4839, 4841, 1381017, 4844, 4848, 4847, 1381039, 1381038, 1381209, 1381037, 1380173, 1624334, 1624332, 1381036, 1380780, 4002950, 1381035, 1380348, 1381032, 4849, 1381635, 4855, 4856, 4453]",3993,Commute
1580,"[1190306, 1190207, 4215, 4975, 1190244, 4974, 1190084, 4973, 1190238, 4972, 1190233, 4971, 1190220, 4970, 1200400, 2273, 4977, 1200385, 4976, 1200381, 4982, 2604, 4981, 1200363, 4980, 1200357, 4979, 1200348, 4978, 1200339, 7731, 7730, 4584]",1830,Autre
15800,"[7932, 1240156, 1240431, 4003145, 1240330, 1240157, 1240158, 1240159, 1240135, 1240228, 1008, 7986, 7945, 7946, 4014495, 7947, 1240353, 4014494, 4014490, 5661, 4016043, 234, 4016041, 5660, 4543]",1768,Autre
1581,"[1381054, 1381077, 4136, 1380415, 1381053, 1381078, 4014942, 4135, 6980, 4006980, 6968, 1381099, 1381635, 4015710, 1381100, 1380365, 1381101, 4002949, 1381102, 1624333, 1381103, 1381104, 1380484, 1381039, 4847, 4848, 1380859, 4844, 4841, 4839, 5254, 7852, 7851, 4012069, 7850, 5252, 4011930, 4011932, 4012064, 4014908, 4014909, 4014905, 4014904, 1220005, 4002984, 1220011, 4835, 1220340, 4836, 1220316, 4837, 1220305, 4838, 1220155, 4840, 1220213, 1220360, 1020, 937, 244, 1220049, 5513, 235, 1220202, 4821]",4713,Commute
1584,"[1287, 633, 201, 202, 634, 1604513, 920, 635, 204, 921, 636, 205, 637, 206, 922, 639, 208, 4017116, 4007663, 923, 209, 640, 210, 641, 211, 4007748, 924, 212, 643, 213, 925, 1324, 649, 4014213, 219, 926, 650, 220, 4015718, 221, 652, 222, 653, 223, 849, 654, 4015717, 1042, 655, 226, 656, 227, 1043, 934, 237, 663, 4015723, 933, 1313, 241, 936, 668, 245, 4014698, 4014696, 1296, 4014975, 246, 4014973, 669, 667, 4014974, 4593, 4592, 4591, 1370634, 4590, 1370997, 5057, 1380532, 1380279, 1381374, 1381159, 1380278, 1380277, 1381428, 1380275, 1380274, 1380273, 1380272, 6978, 1381090, 6979, 6961, 1625248, 6962, 6963, 6964, 4017731, 1625247, 6965, 6957, 1380345, 1381438, 1381142, 1381439, 1381633, 5255, 1381115, 5256, 4017450, 4017761, 4017760, 4854, 4846, 4843, 1380356, 5053, 5052, 1381402, 1380786, 6956, 1381217, 1380084, 4839, 4011698]",12556,Exercise
15877,"[4822, 4827, 1220115, 1220097, 4824, 1220090, 1220244, 1220145, 6484, 1220203, 6485, 1210017, 6486, 6487, 5927, 5246, 4012306, 1210308, 5247, 1210292, 5248, 5244, 4266, 1210034, 4102, 4177, 4093, 1210135, 4094, 1210004, 4095, 4096, 4098, 4814, 5502, 5501, 4800, 4815, 4009858, 4816, 4812, 4813, 1200260, 1200155, 4802, 4803, 1190052, 4807, 1200298, 1614632, 1190215, 4808, 4809, 1190079, 4810, 7162, 4449, 4450, 1190014, 4451, 1190136, 4012748, 1190028, 1190162, 1190070, 1190069, 1190199, 1420441, 1420266, 5496, 4017660, 4017897, 4017896, 4017895, 4017903, 4017902, 5498, 5499, 5492, 5614, 5615, 1420003, 5616, 1420471, 4017904]",5052,Errand
15879,"[1600420, 1360292, 1360371, 1360291, 1625062, 1360369, 1622552, 1622554, 1360391, 5403, 642, 212, 4004556, 4004555, 643, 213, 925, 1324, 649, 4014216, 4014213, 219, 648, 926, 220, 651, 4015718, 221, 652, 222, 653, 223, 849, 654, 1042, 655, 225, 228, 657, 238, 4017833, 4017835, 664, 4017837, 239, 4017416, 931, 4015723, 240, 935, 666, 1326, 1174, 1625781, 4014690, 4014691, 4014699, 4014693, 4014692, 1370756, 5343, 5346, 3803, 4014974, 243, 1380285, 4593, 4011484, 4592, 1370859, 4591, 4590, 1370997, 5057, 1380532, 1381643, 1380220, 1625251, 1381437, 1380219, 1380218, 1381385, 1381654, 6978, 6979, 6961, 6969, 1380411, 6962, 1380408, 1380409, 1380848, 1380410, 1380588, 1380379, 1380160, 1380120, 1381114, 1380121, 4860]",6519,Commute
1588,"[1612215, 1612230, 1612231, 1612220, 1612221, 1612431, 1612433, 1612436, 1612504, 1612438, 1612512, 1612511, 1180009, 1180073, 1180447, 3886, 3885, 1180433, 3884, 3883, 3882, 1180423, 3881, 3880, 1180327, 3879, 3878, 1180411, 3877, 1180391, 5310, 1180383, 4212, 1170286, 4211, 4210, 4209, 4208, 4207, 4206, 1170256, 4213, 4017588, 4017590, 7161, 1080552, 7160, 7159, 1080534, 7158, 7157, 6081, 4236, 1170206, 4235, 4234, 1170190, 4233, 4232, 4231, 4230, 1160547, 4229, 1160532, 4228, 4012528, 1160490, 1160026, 1160480, 1160025, 1744, 1160024, 1160353, 1160023, 1160253, 1160254]",5310,Commute
1590,"[1150191, 1150098, 4014882, 236, 4014883, 4014885, 231, 4014879, 4014878, 1, 7181, 6109, 1230416, 6110, 6108, 5630, 1230260, 7180, 1230497, 1230544, 4987, 1230212, 6102, 4542, 5627, 4541, 3809, 4537, 4006092, 4006091, 1230179, 1230347]",1858,Social
1591,"[1220094, 1230348, 1230162, 1230163, 1230317, 1230164, 4539, 1230165, 1230542, 1230501, 6107, 1230184, 1230469, 1230468, 1230467, 6111, 1625599, 6110, 1230416, 6109, 1, 4014876, 4014877, 231, 4014881, 4014885, 1150230]",1962,Social
1593,"[1030449, 1030463, 1030057, 1030396, 1030534, 1030397, 1030580, 1030466, 1030467, 1031133, 1030157, 1030452, 1030158, 1030178, 1030376, 1030179, 1030554, 1030180, 1030181, 1030282, 1030182, 1030183, 1030565, 1030184, 1030185, 1030543, 1030186, 1030187, 1030273, 1030188, 1030360, 1030189, 1030190, 1030165, 1030191, 1030193, 1030192, 1030163, 1030167, 1030426, 1030425, 1030424, 1030423, 1030422, 1030421, 5566, 5565, 1030159, 1030418, 1030583, 5564, 1030538, 5562, 1030061, 5561, 1030512, 5560, 1030624, 1030242, 1030410, 1030291, 5567, 1030628, 1030004, 5568, 1030495, 5558, 6524, 4949, 3867, 1050421, 1050422, 1050078, 1624759, 1050196, 1050462, 1050468, 1624756, 4012057, 1050154, 4002545, 1050153, 4511, 1051003, 1050472, 1050152, 1181, 1182, 4016008, 4016010, 1624760, 4016009, 6516, 6043, 1050396, 6515, 1030499, 7116, 7115, 1209, 6525, 1030586, 6526, 6527, 6528, 1030559, 6529, 5571, 1030132, 5573, 1030258, 1030606, 5572, 1030060]",9464,Travail
1595,"[1381374, 1381159, 1381644, 1380279, 1381643, 5057, 4590, 1370634, 4591, 4592, 4593, 4014974, 4014975, 669, 4014973, 4014972, 4014971, 4014696, 4012770, 4014733, 4014732, 6, 1370090, 4008741, 1624364, 4008406, 1183, 4014731, 4014701, 4007319, 4007320, 1520, 4017752, 4017753, 4008723, 4008462, 4008387, 1133, 1462, 1622354, 4014955, 4014952, 1622352, 4015026, 4014958, 1614672, 1614674, 4008531, 1525, 1524, 4006504, 5066, 4007798, 5067, 4599, 4598, 4597, 4594, 4595, 4600, 1614701, 5064, 1614700, 5065, 1624943, 6644, 4014940, 4014941, 4014939, 4596, 1523, 4008532, 4008459, 1519, 4008388, 4004206, 4014700, 1380033, 460, 4014698, 668, 245, 913, 1296, 246, 667, 243, 1370859, 1370997]",14550,Sport
15974,"[5004, 7192, 6151, 7191, 4990, 7190, 7189, 6129, 5000, 4999, 236, 4014882, 4014883, 4014881, 4014877, 4014879, 4014878, 4014876, 1, 7181, 6109, 6110, 6111, 6108, 1230260, 7180, 1230497, 1230544, 4987, 1230212, 6102, 1230189, 6098, 1230344, 5931, 1220137, 4830, 1220043, 1220036, 5243, 244, 1220357, 1220358, 1220217, 1220193, 1220216, 1220275, 1220215, 1220214, 1220213, 4840, 1220212, 1221002, 1380888, 1380885, 1220304, 1380882, 1220339, 1380880, 1220005, 4014904, 4014906, 1220365, 1380878, 1221009, 1380877, 1380876, 4013875, 1380875, 1250106, 1380874, 1380397, 1381127, 1380396, 1380629, 4847, 4848, 1381039, 1381038, 1381209, 1381037, 1380172, 1624334, 1624332, 1381036, 1380779, 1381394, 1381102, 1380810, 4002949, 1381389, 1381101, 1380365, 1381100, 4855, 1380193, 4856, 4008385, 4017322, 4014937, 4014931, 4014938, 4135, 1380028, 1380340, 1380027, 1381074, 1380727, 1381178, 1381176, 1623787, 1381175, 1381174, 1380274, 1380152, 1380275, 1381428, 1380277, 1380278, 1381644, 1380279, 1381643, 5057, 4590, 1370634, 4591, 1370859, 4592, 4011484, 4593, 4014974, 4014975, 667, 3803, 5346, 1370518, 5343, 1370756, 4014692, 4014693, 4014697, 4014699, 4014691, 4014690, 1370138, 1625781, 1174, 1370995, 1326, 935, 240, 4015723, 665, 239, 664, 4017835, 238, 4017833, 657, 228, 225, 655, 1042, 224, 4015717, 654, 849, 223, 653, 222, 917, 1371110, 4627, 1370046, 4626, 1370628, 1370174, 4625, 1370209, 4623, 7268, 7269, 6208, 1370749, 4015763, 4015762, 1370615, 1370637, 1370614, 1370957, 1370613]",11907,Social
1599,"[1100179, 1100309, 1100015, 1160409, 1160004, 1160311, 4220, 1160310, 1160309, 1160072, 1160308, 1160384, 1160307, 1160108, 1160203, 1160107, 1160105, 1160288, 1160104, 1160287, 1161100, 1160587, 1160586, 4014867, 1045, 4014868, 4014864, 4014863, 1230283, 1230271, 7977, 1230272, 1230386, 1230509, 4003016, 1210355, 1210299, 5620, 1210298, 1210257, 1210258, 1210297, 1210296, 1210295, 1210294, 1210293, 1210292, 1210291, 1210144, 1210290, 1390631, 1390532, 1390531, 1390601, 1390530, 1390331, 1390529, 1390528, 1390077, 1390527, 1390355, 1390525, 1390524, 1390523, 1390675, 1390521, 4007893, 6016, 1625387, 5932, 4017100, 6948, 5933, 4834, 1390594, 6955, 1381608, 1380684, 1380363, 1380688, 1380687, 4016651, 1380686, 1380980, 1380601, 4013755, 1380685]",6732,Social
16003,"[1360274, 1360595, 1360224, 1360180, 4011928, 1751, 1360365, 1261, 1360158, 1360439, 1608911, 1360434, 1360435, 1360461, 1360436, 1360437, 1360417, 1600675]",1442,Shopping
1602,"[1280083, 1600047, 1623888, 1600049, 1624239, 1600050, 1600051, 1600052, 1600059, 1270295, 5035, 5037, 1625096, 1625085, 1604177, 1604061, 1604060, 4009016, 4000961, 1604056, 1604104, 1604119, 1604103, 1604102, 1604142, 1604141, 1604149, 1604151, 1604152, 1624233, 1261207, 1261205, 1624234, 1623961, 4017803, 4011658, 4007418, 4007423, 4007424, 4007406, 1443, 4017673, 4007403, 1442, 4007413, 4007409, 4007414, 1250451, 4465, 4880, 4456, 4490, 1250118, 1260721, 1250081, 1260724, 1260125, 1260728, 1260124, 1260036, 4872, 1260947, 1260946]",5515,Domicile-travail
16023,"[1080469, 1080175, 1080176, 1080503, 1080502, 1090061, 1090390, 1090242, 1090379, 1090241, 7172, 7171, 7170, 7177, 3903, 3902, 3901, 3900, 3896, 3897, 3898, 3899, 4528, 4529, 1090218, 1090400, 1090398, 1090397, 1090019, 1090395, 1090039, 6081, 6080, 5318, 7168, 4526, 6076, 6075, 1190111, 1190254, 1190112, 1190259, 1190113, 1190114, 1190115, 1190032, 1190117]",4376,Déplacement professionnel
1603,"[4135, 6980, 4006980, 6968, 1381098, 6966, 1381099, 1381635, 4015712, 1381100, 1380348, 1381101, 1381394, 1380779, 1381102, 1624332, 1624333, 1380172, 1381103, 1381209, 1381104, 1380484, 1381105, 1380625, 1381106, 1381125, 1381107, 1380870, 1250373, 1250374, 1250257, 1250375, 1250376, 1250092, 1250377, 1250235, 1250378, 1250291, 1250379, 1250380, 1250212, 1250381, 1250382, 1250068, 1250383, 5332, 1625079, 1250440, 1250386, 1250164, 1250387, 1240237, 1240343, 1240344, 1240436, 1240324, 1240345, 6113, 1240346, 1240123, 1240348, 1240349, 1240374, 1240350, 1240225, 1240351, 7947, 1240353, 1240354, 4014490, 4014488, 5661, 4016042, 4016043, 234, 4016040, 4016041, 5660, 4012173, 1140342, 1140013, 1140343, 1140344, 1140346, 1140347, 1140156, 1140348, 1140349, 1140350, 1140351, 1140352, 1625647, 4003240, 1120254, 1120027, 5005, 6159, 1120019, 6153, 1120107, 6154, 1120130, 6155, 1889, 6156, 1886]",7055,Social
16047,"[1030060, 5561, 1030062, 5562, 1030539, 5564, 1030584, 1030418, 1030160, 5565, 5566, 5572, 1030421, 1030283, 1030422, 1030566, 1030423, 1030544, 1030424, 1030274, 1030425, 1030361, 1030610, 1030262, 4008670, 4002475, 4008669, 1030612, 4016202, 1625262, 1625261, 1625264, 1020377]",1810,Travail
1606,"[1450325, 1450430, 1450524, 1450691, 1450523, 5885, 1450522, 1450704, 1450521, 1450374, 1450520, 1450113, 1450519, 1450037, 1450518, 1450282, 1450517, 1450101, 1450516, 1450350, 1450349, 1450348, 4013572, 4013571, 1450160, 1450081, 1440514, 4014782, 4014779, 4014772, 4014767, 4013442, 4013445, 4013443, 4010060, 4010059, 4017034, 1440513, 1440721, 1440544, 1669, 1440543, 1440009, 1440542, 1440541, 1440390, 1440540, 1440845, 1440539, 1440607, 1441523, 1420260, 1420213, 4007868, 4017914, 4009993, 4007866, 1420203, 1440535, 5921, 1440534, 1420028, 1440533, 1420307, 1440532, 1420273, 1440531, 1420340, 1440530, 1420187, 1440529, 1420007, 1420586, 1420251, 4015746, 4015748, 4015747, 1625179, 1420250, 1420249, 1420248, 4012410, 4012180, 7881, 4012408, 1420246, 1420491, 1420245, 1420244, 1420471, 1420243, 1420003, 1420242, 4779, 4012481, 4012479, 4012480, 1420240, 4003052, 1420239, 1420238, 1420519, 4003050, 1420369, 1420237, 1420265, 1420236, 1420069, 1420235, 1400374, 1400250, 1400052, 1400249, 1400248, 1400247, 6923, 1400246, 1400284, 1400245, 1400039, 1400244, 1400243, 1400177, 1400178, 1400242, 1401002, 1400241, 1400240, 1400196, 1400239, 1400238, 1400237, 4008375, 4004264, 4008374, 1390287, 1390700, 1390286, 1390285, 1390295, 1390284, 1390022, 1390283, 1390251, 1390282, 5510, 5509, 1390610, 1390219, 1390609, 1390314, 1390171, 1390335]",8549,other
1609,"[4830, 1220036, 5243, 244, 1220359, 1220360, 4002980, 1220215, 1220275, 1220157, 1220274, 4016798, 1220272, 1220319, 1220271, 1220342, 1220270, 1220269, 1220363]",1371,Courses
1611,"[4008305, 1220135, 4008236, 4008235, 1220069, 5250, 5242, 5514, 5243, 244, 1220358, 1220359, 1220216, 1220360, 937, 1220213, 4840, 1220212, 1221002, 1380888, 1380017]",1707,Shopping
16115,"[1380654, 1380168, 1380332, 1380167, 1380476, 1380166, 1380477, 1390509, 1380510, 1390507, 1381433, 1390506, 1381235, 1390670, 1390671, 6950, 1390672, 914, 4017100, 1390369, 1390674, 1390521, 1390675]",1265,Magasinage
1612,"[1030554, 5572, 1030421, 1030282, 1030182, 1030281, 1030475, 1030280, 1030402, 1030563, 1030403, 1030352, 4015543, 4015544, 4015545, 1030349, 4002508, 1030348, 1030347, 1030018, 1030385, 4015458, 4015457, 4015463, 4015469, 4015472, 4015466, 4015460, 4015459, 1110298, 1110297, 1110358, 1110296, 1110247, 1624838, 1110183, 1110289, 1110291, 1130269, 1120301, 1120099, 1120100, 1120201, 4007018, 1120197, 4015019, 4015023, 1140247, 1140246, 1140245, 1140242, 1140407, 1140387, 1140390, 1140391, 1140392, 1140235, 1140033, 1140169, 1140032, 1140029, 1880, 4014550, 1325, 234, 661, 4014424, 233, 660, 1140086, 1140426, 4014887, 4008174, 4014902, 4014903, 4014897, 1140088, 1140089, 4014884, 231, 4014883, 4014881, 4014857, 4014853, 1045, 1160157, 1160119, 6124, 6123, 1160102, 6122, 1160380, 5327, 6137, 5328, 1160015, 5329, 4988, 1160137, 6121, 1160095, 4218, 1160292, 4219, 4220, 1160310, 4221, 2626, 2625, 2624, 1100016, 1100086, 1100182, 1100087, 1100119, 1100088, 1100089, 1100090, 1100340, 1090196, 1090269, 1090136, 1090445, 1090046, 1090209, 1091000, 1071105, 1070537, 1070204, 1625782, 1048, 308, 719, 307, 718, 960, 717, 1328, 1166, 1070028, 4920, 1070054, 4015740, 4015741, 4016549, 4016548, 1060269, 5297, 1060359, 5298, 1060341, 5296, 1060086, 5299, 5301, 5304, 1060139, 5302, 5300, 5555, 1060111, 1430, 1431, 1435, 1432, 1434, 1436, 5557, 1060069, 1060064, 1061100, 1060245, 4015997, 4015999, 4016002, 4016005, 4015998, 620, 4930, 4929, 4928, 1050112, 4927, 4926, 4931, 1050434, 5056, 5055, 1050127, 4925, 1050073]",19656,Sport
16123,"[1381093, 1381128, 6978, 1381654, 1380272, 1380273, 1380274, 1380275, 1381428, 1380277, 1380278, 1381644, 1380279, 1381643, 5057, 4590, 1370634, 4591, 1370859, 4592, 4011484, 4593, 4014974, 4014975, 667, 3803, 5346, 5343, 4014692, 4014693, 4014697, 4014699, 4014691, 4014690, 1625781, 1174, 1370834, 1326, 935, 240, 4015723, 665, 239, 664, 238, 657, 929, 225, 655, 1042, 224, 4015717, 654, 849, 223, 653, 222, 652, 221, 4015718, 220, 650, 926, 1041, 219, 649, 4014216, 1324, 925, 213, 643, 212, 5403, 1622554, 5402, 1360167, 5401, 5718, 1360541, 5719, 5720, 5727, 5726, 6275, 6274, 4013664, 4013665, 4013667, 5724, 5728, 5729, 1360468, 5732, 4004255, 4017690, 4017692, 4017691, 4015218, 4015219, 4015217, 1600868, 4268, 1604272, 7244, 7247, 1604275, 7248, 7245, 4013437, 4013735, 5073, 1330249, 1330473, 1330250, 1330081, 1330082, 1330591, 1330083, 1330329, 1330375, 1330330, 1330041, 1330042, 1600607, 1330187, 1310224, 4015348, 4015324, 4015326, 4015351, 1624410, 1624411, 1624412, 1310064, 1310228, 1310133, 1310153, 4613, 6650, 6651, 3936, 3938, 1300398, 3939, 1625625, 3940, 1600204, 5682, 1300395]",10777,Aller au travail
1614,"[1380679, 1380651, 1380652, 1380009, 1380653, 1380654, 1390514, 1390513, 1390512, 5520, 1390510, 1390509, 1380510, 1390507, 1381433, 1390506, 1381235, 1390670, 4831, 1390671, 1390672, 914, 4017100, 1390368, 1390674, 1390521, 1390675, 5923, 1390676, 1390154, 1390677, 1390572, 1390678, 1390303, 1390679, 1390208, 1390680, 431, 912, 192, 624, 191, 1292, 1410043, 149, 595, 4788, 150, 907, 596, 151, 597, 152, 598, 153, 4009800, 599, 4009905, 1410666, 154, 600, 155, 601, 156, 579, 900, 157, 602, 158, 603, 159, 604, 1625336, 1293, 4445, 4007365, 4444, 4009827, 4009825, 4069, 4070, 4009833, 4009835, 1625243, 4009839, 4009842, 4009845, 4009848, 4009851, 6874, 4009853, 4009856, 4009880, 4009885, 4009891, 5240, 4009897, 4009900, 4009909, 4009912, 4009915, 4009937, 4009939, 4009943, 1625493, 4017729, 4017728, 4011500, 4011499, 4013462, 4009950, 4052, 4053, 4013115, 4013116, 4013112, 4013113, 4046, 4047, 4048, 4050, 1132, 1624265, 1450460, 1450425, 1450426, 1450427, 1450180, 1450322, 1450323, 1450672, 1450324, 1450325, 1450525, 1450326, 1450725]",11593,Autres
1617,"[4009367, 1625231, 4009169, 4009168, 1320294, 1320195, 1320292, 1320240, 1320291, 1320290, 1320289, 1320239, 1320288, 1320287, 1320221, 1320286, 1320376, 1310312, 1320029, 1600610, 1310311, 4007735, 1310374, 1320222, 1320176, 1320271, 1320196, 1320203, 1320220, 1320296, 1320002, 4009366, 1320388, 1320298, 1320397, 1320299, 1320242, 1320301, 1320302, 1320371, 1320303, 1320071, 1320304, 1602129, 1602165, 1602164, 1602167, 4013503, 4013504, 4017231, 4017232, 4004330, 5388, 1602150, 1602140, 1602126, 1602148, 1602125, 1602136, 1602135, 4009349, 1602134, 4015891, 4015890, 4015887, 4015889, 1605797, 4012441, 4012440, 1605793, 1605794, 1605959, 1605795, 1605811, 1605814, 1605813, 1605815, 4016809, 5110, 5109, 1605849, 4014299, 4014575, 4014578, 4011075, 4017315, 4014562, 1605837, 4016808, 4002670, 4006621, 868, 52, 501, 200, 1021, 1129, 202, 634, 203, 1604513, 920, 1091, 635, 921, 636, 205, 637, 206, 922, 639, 208, 4017116, 4007663, 923, 209, 640, 210, 641, 4007748, 924, 642, 212, 643, 213, 1324, 649, 4014213, 219, 648, 4006065, 850, 1360378, 4006067, 1360221, 1360527, 1625630, 7903, 925, 4007751, 4011552, 4011553, 4015773, 4015771, 4015721, 204, 5698, 1605810, 4012762, 4017123, 4011360, 4011355, 4017289, 4017118, 1605829, 1605826, 1605823, 1605792, 1605806, 1605798, 4012940, 4012939, 1602141, 6250, 4013505, 1320144, 6248, 3965, 3964, 3963, 1320081, 3962, 1320204, 3961, 1320197, 3960, 1320272, 3959, 1320177, 3958, 1320223, 3957, 1320378, 1320356, 3955, 3954, 1310047, 6656, 6655, 1310021, 6654, 1310210, 6653, 1310199, 6652, 5694, 3952, 1600537, 3951, 1600536, 1600534]",24430,Exercise
1618,"[1190244, 1190109, 1190242, 1190108, 1190107, 1190239, 1190106, 1190234, 1190105, 1200235, 1200401, 1200234, 1200233, 1200386, 1200232, 1200382, 1200231, 1200372, 1200230, 1200364, 1200229, 1200357, 1200228, 1200349, 1200227, 1200340, 1200226, 7864, 1732, 4584, 4014017, 4585, 4014018, 4586, 4014019, 4588, 4014020, 4011784, 4014870, 4014872, 4237, 4012712, 4012713, 4180, 5501, 5502, 4814, 4098, 4096, 1210180, 4095, 4094, 1210136, 4093, 1210118, 4177, 1210186, 4102, 1210034, 4266, 4100, 5244, 1210242, 5248, 1210292, 5247, 7971, 1210308, 4012307, 4012306, 5246, 5927, 6487, 6486, 6485, 1220203, 6484, 1220145, 1220244, 1220090, 4824, 1220097, 4822, 1220049, 4827, 4826, 244, 937, 1220360, 1220213, 4840, 1220155, 4838, 1220305, 4837, 1220316, 4836, 1220340, 4835, 1220011, 1220363, 1220367, 1221004, 4014906, 4014907, 1380879, 4014911, 4014910, 5253, 5252, 7850, 7851, 7852, 5254, 4839, 1380084, 1381217, 6956, 1380786, 6958, 1381402, 5052, 5053, 1380356, 4843, 4846, 4854, 4017450, 4017760, 4017761, 4861, 5256, 5255, 1381633, 4014669, 4014670, 4014012, 1381142, 1381438, 4014671, 4016645, 5934, 6957, 6965, 1625247, 4017731, 6964, 6963, 6962, 6969, 1625248, 6961, 6979, 6978, 1381654, 1380272, 1380273, 1380274, 1380275, 1381428, 1380277, 1380278, 1381644, 1380279, 1381643, 5057, 4590, 4591, 4592, 4593, 4014974, 243, 4014975, 667, 669, 4014973, 246, 1296, 913, 245, 668, 936, 241, 1313, 933, 242, 663, 237, 934, 1043, 227, 656, 226, 928, 1042, 224, 654, 849, 223, 653, 917, 222, 652, 221, 4015718, 220, 926, 648, 219, 649, 4014213, 4014216, 1324, 925, 1331, 647, 217, 646, 216, 645, 215, 644, 214, 638, 207, 1280, 922, 206, 637, 205, 636, 921, 635, 1091, 920, 203, 1604513, 634, 1129, 1021, 200, 501, 52, 868, 1513, 1165, 1302, 4001099, 4001095, 51, 500, 4014291, 50, 1272, 49, 499, 48, 867, 545, 4013990, 546, 1511, 98, 1255, 1254, 547, 4015893, 1605242, 1256, 1257, 4395, 5410, 97, 548, 5411, 5409, 4014280, 4014282, 4014281, 5405, 5406, 4014286, 4009405, 4014285, 4009404, 4014283, 5408, 96, 544, 1320, 95, 543, 94, 542, 93, 541, 92, 540, 91, 539, 1418, 1420, 1419, 1421, 1422, 1427, 1425, 1424, 1423, 1426, 881, 90, 538, 89, 537, 88, 880, 87, 536, 86, 535, 85, 534, 84, 533, 879, 1164, 1116, 1117, 532, 83, 531, 1135, 530, 1274, 82, 878, 81, 529, 80, 528, 79, 1285, 1609, 4007127, 4007124, 4282, 5357, 1601235, 5358, 1193, 1601195, 5359, 5095, 5094, 4280, 4008060, 4281, 4279, 4016101, 4016102, 4016107, 4016553, 4016100, 4016099, 4016098, 6214, 6215, 6216, 1370212, 5091, 1370177, 6217, 7995, 7, 1371114, 1041, 651, 662, 4014698, 4014696, 1380345, 1381439, 1381115, 4011698, 1381442, 1221003, 4014904, 1220005, 1020, 5243, 1220036, 1220042, 4830, 5931, 1230344, 6098, 1230189, 6102, 1230212, 4987, 1230544, 1230497, 7180, 1230260, 5319, 5320, 5321, 6103, 6104, 6105, 1230375, 1230376, 1230303, 1230074, 1230304, 4238, 6097, 4531, 6090, 1230283, 6089, 4013781, 4015966, 4015967, 4015969, 4015968, 6084, 4986, 1658, 4011683, 4984, 6085, 7730, 1200339, 1200348, 1200363, 2604, 1200381, 2273, 1200400, 1190220, 1190233, 1190238, 1190084, 1191005]",51851,Sport
1619,"[1240301, 1240102, 5324, 1240158, 6119, 6118, 7933, 6117, 1240133, 6116, 6115, 7942, 6114, 1240314, 6113, 1240346, 6120, 5021, 7197, 1240216, 6161, 5027, 1240337, 1240439, 5026, 7198, 5029, 1240251, 5019, 1240250, 1250387, 1240237, 1250369, 1240238, 1240069, 1240240, 1240241, 1240242, 1240243, 1240244, 7985, 1240245, 1240246, 1240153, 1240154, 1240404, 1240155, 1240156, 4003145, 1240330, 1240157, 5325, 3773, 5326, 1230404, 7182, 1230007, 7183, 1230396, 7184, 1625228, 1230478, 1230036, 1230479, 1230461, 1624686, 4006642, 4014898, 4014899, 232, 4014895, 4014894, 4014896, 4008171, 4008176, 1140109, 1140328, 1140289]",4104,other
1621,"[4537, 3809, 1230243, 4541, 1230087, 4542, 4987, 1230212, 1230414, 7967, 7968, 1230107, 7969, 1230041, 7970, 1230322, 1230207, 1230432, 1230206, 1230475, 1230393, 1230205, 1230394, 1230204, 1230390, 1230005, 1230202, 1230201, 1230522, 1230403, 1231000, 1230199, 3775, 3776, 1240406, 1240147, 1240405, 1240100, 1240404, 1240155, 1240403, 7928, 7966, 1240036, 7965, 1240071, 1240311, 7964, 1240344, 7963, 6169, 6167, 5026, 7198, 7992, 1240190]",1854,Shopping
16240,"[4003502, 1610918, 7077, 1610914, 7076, 1610820, 7074, 1610912, 7075, 7064, 1611188, 1611134, 7063, 1611183, 7062, 1611124, 4169, 1611120, 4168, 1611118, 4170, 1611203, 4173, 1611201, 4172, 1611198, 4171, 4008005, 4174, 1611213, 1611211, 4156, 4155, 1480340, 6499, 4017037, 4017038, 4016078, 4010892, 4010890, 1660, 4016079, 4895, 4896, 4883, 4884, 5944, 1481085, 7008, 1480295, 4466, 1481093, 4467, 1481100, 1481435, 1480266, 1624667, 1481437, 1480265, 1480481, 1480700, 1480483, 1480484, 1480232, 4006326, 4006325, 1480486, 1480487, 4003989, 1481528, 1480085, 1481109, 1481110, 4016503, 4016505, 4016504, 1205, 4885, 1480732, 4886, 4887, 4888, 1481167, 4890, 1480824, 1480372, 1481177, 4891, 1481186, 4892, 7070, 181, 6998, 180, 6995, 6999, 7000, 7001, 7002, 6488, 1480384, 1480386, 1480388, 1480950, 1480389, 1480390, 1481282, 6012, 1204, 7003, 1481320, 7004, 7005, 1481325, 6996, 1203, 6997, 7006, 4145, 1480404, 4147, 4148, 4143, 4144, 1202, 4013058, 4013059, 618, 254, 179, 617, 940, 1483]",14594,Exercise
1625,"[1133, 4017843, 4014953, 4014955, 1622354, 1519, 1520, 4017751, 7642, 1624381, 1016, 4014731, 1183, 4014700, 1380033, 6, 4014733, 4012770, 460, 4014696, 1296, 4014698, 668, 936, 241, 1313, 242, 4015723, 663, 933, 240, 4012048, 666, 4016603, 1326, 1370996, 1174, 1370995, 1370834, 1371195, 1370812]",4985,Travail
1626,"[1260035, 1260592, 1260037, 1260729, 1250002, 4140, 1250081, 4139, 4490, 4456, 4465, 4017672, 1442, 4007413, 1441, 1443, 3748, 1439, 1440, 439, 1250175, 7819, 1240252, 5031, 5029, 1240251]",2351,Courses
1627,"[1110201, 1110343, 1110510, 1110342, 3910, 1110110, 6542, 1110382, 6053, 4010961, 6051, 6052, 1040194, 6047, 1040299, 6048, 1040068, 6049, 4513, 3862, 1040228, 4015991, 4015993, 4015992, 1050293, 3863, 4017428, 1050345, 3866, 1050089, 3867, 6518, 4008655, 6520, 1050464, 6519, 1050471, 6042, 1622549, 1622548, 6043, 1050150, 1030498, 6515, 1030499, 7116, 7115, 1209, 6525, 1030586, 6526, 6527, 6528, 1030559, 6529, 1030286, 6530, 6531, 1031000, 4005015, 4005016, 6533, 6532, 7117, 1210, 911, 186, 1086, 185, 621, 622, 187, 1030231, 1030228, 1030569, 1030285, 5571, 1030161, 1050396, 6516, 4016009, 4016010, 1624760, 1558, 4016008, 4014011, 6513, 6514, 7113, 7114, 1676, 1675, 4933, 188, 7098, 6036, 4007001, 6037, 1050455, 6035, 7632, 6034, 1050099, 6038, 1050355, 6039, 1050384, 6040, 6041, 1624002, 4934, 4936, 4935, 1180, 4201, 1172, 6625, 193, 626, 194, 1279, 4951, 1310, 1040200, 4204, 7118, 4013714, 6050, 4013713, 5306, 1040171, 1040375, 1110381, 4010977, 4518, 1110351, 7193, 1110406, 1110405, 1110404, 1110516, 1110403, 1110402, 1110071]",15129,Exercise
16277,"[1160103, 1160104, 1160287, 1161100, 1160229, 1160286, 1160584, 1160161, 4014865, 230, 659, 1230524, 1230284, 6087, 6089, 1230283, 1230271, 4013780, 1230272, 1230273, 1230330, 1230511, 1210357, 1210246, 5515]",1450,Social
16278,"[1160217, 1160099, 1160362, 1045, 4014857, 231, 467, 232, 4014895, 4014897, 660, 4014902]",1458,Aller au travail
1628,"[606, 605, 1487, 160, 1132, 4050, 4048, 4047, 4046, 4013113, 4013112, 4013116, 4013115, 4053, 4052, 4009950, 4013462, 4017728, 4011499, 4011500, 4017729, 1625493, 4009943, 4009939, 4009937, 4009915, 4009912, 4009909, 4009900, 4009897, 5240, 4009891, 4009885, 4009882, 4009880, 4009856, 4009853, 6874, 4009851, 4009848, 4009845, 4009842, 4009839, 1625243, 4009835, 4009833, 4070, 1441510, 4009824, 4443, 4009827, 4444, 4007365, 4445, 1293, 4015925, 604, 1625186, 1625336, 159, 603, 158, 4012578, 602, 157, 900, 1410381, 4006829, 579, 156, 601, 4009806, 155, 4009801, 154, 599, 1410666, 4009905, 4009799, 4009800, 4009794, 1410304, 598, 152, 597, 1410463, 151, 1410085, 596, 907, 4009782, 4009781, 4788, 595, 1410387, 4009776, 1292, 191, 624, 192, 912, 627, 1311, 1390300, 628, 195, 4009295, 629, 196, 4009294, 1187, 1188, 4007893, 1773, 1625386, 1625387, 5932, 4017100, 914, 6948, 5933, 1390594, 1380806, 1380162, 1380805, 1380804, 1380803, 1380802, 1380669, 1380670, 1381231, 1380671, 1380431, 1380672, 1380673, 1380507, 1380674, 1380506, 1380474, 1380675, 1380330, 1380676, 1380306, 1380677, 1380678, 1380651, 1380679, 1380680, 1380681, 1380896, 1623799, 1220049, 4827, 4826, 1220036, 1220042, 4830, 1220137, 5931, 1230344, 6098, 6102, 1230212, 4987, 1230544, 1230497, 7180, 6108, 6111, 6110, 6109, 7181, 4243, 1230462, 1230461, 1624686, 1230460, 1230398, 4017430, 4017431, 4017429, 1230454, 1230410, 1230453, 1230448, 1240043, 1240103, 1240042, 1240160, 1240229, 1240134, 1240228, 1240227, 1240315, 1240226, 1240349, 1240374, 1240350, 1240351, 7949, 6160, 1240369, 7951, 1240417, 1240020, 7952, 1240197, 1240022, 4013865, 1240023, 1604028, 1603973, 1603974, 1603975, 1603976, 1603977, 1603980, 4262, 1604001, 1603982, 1604000, 1603984, 1603983, 5338, 4259, 1603965, 1603988, 1603964, 4003264, 1603946, 1603963, 1603957, 1603962, 1603961]",17041,Sport
16280,"[1140287, 4008168, 4008170, 4008174, 660, 4008173, 232, 467, 231, 4014883, 4014881, 4014885, 1150055, 1150056, 1150057, 1150058, 1150059, 1150060, 1150062, 4014860, 4014856, 1160362, 1160099]",1684,Social
16282,"[6905, 6902, 6895, 1420434, 6897, 1410500, 4780, 1410453, 1410630, 1410452]",1053,Courses
1629,"[1220363, 1220269, 1220012, 1220027, 1220011, 1220005, 4014906, 1221004, 1220062, 4014904, 4014905, 1380879, 4014909, 4014908, 1381441, 1380639, 4011930, 5252, 7850, 7851, 7852, 4008551, 1380495, 1380084, 6956, 1380790, 5533, 5052, 5054, 1380357, 4843, 4846, 4854, 4017450, 4017760, 4017761, 4861, 5256, 1381115, 5255, 1381633, 1381439, 4014669, 4014670, 1381142, 4014671, 4016645, 5934, 6957, 4007729, 6965, 1625247, 1624098, 1624100, 1624103, 4007318, 1380217, 1380218, 4017749, 1380219, 1625251, 1380220, 5057, 4590, 4591, 4592, 4593, 243, 667, 4014975, 3803, 5346, 5343, 4014692, 4014693, 4014697, 4014699, 4014691, 4014690, 1625781, 1174, 1370995, 1326, 666, 4012048, 935, 240, 4015723, 933, 663, 242, 4015722, 662, 934, 1043, 227, 656, 1625745, 4015716, 1625744, 223, 653, 222, 652, 927, 221, 220, 650, 926, 1041, 219, 649, 4014213, 4014216, 1324, 1331, 218, 647, 4012557, 4012556, 919, 1350614, 217, 646, 216, 1350613, 645, 215, 1350611, 644, 1350609, 4015774, 4015776, 1350637, 214, 1350033, 4015775, 763, 207, 1280, 922, 206, 4015721, 205, 636, 921, 635, 920, 203, 634, 1129, 1021, 200, 501, 868, 7650, 1513, 1165, 4001097, 4001098, 4001094, 51, 4014291, 500, 4014295, 4014298, 50, 1272, 49, 499, 48, 867, 545, 4013990, 546, 4013986, 1511, 1605242, 1256, 1257, 4395, 97, 548, 5410, 5411, 5409, 4014280, 4014282, 4014281, 5405, 1605635, 5406, 4014286, 4014287, 4009405, 4014285, 4014284, 4014283, 5408, 96, 544, 1605744, 1632, 1606278, 1320, 95, 543, 94, 542, 93, 541, 92, 540, 91, 539, 1418, 1420, 1419, 1421, 1422, 1427, 1425, 1424, 1423, 881, 90, 538, 89, 537, 88, 880, 87, 536, 86, 535, 85, 534, 84, 533, 879, 272, 1164, 1116, 1329, 1868, 1876, 1135, 1875, 530, 1274, 1873, 1874, 1869, 82, 878, 81, 529, 80, 528, 79, 1285, 4007127, 1609, 4007124, 4282, 4011766, 5357, 5089, 4015027, 4006107, 4016114, 4016119, 4016105, 4017325, 4017326, 4017324, 1370145, 5086, 1370118, 5085, 1370186, 5088, 5084, 1370610, 5087, 7265, 4622, 1371220, 1600508, 4621, 4619, 1600446, 4618, 1600444, 4617, 1371145, 4616, 1370466, 4015765, 4015766, 4015764, 1370933, 6659, 6658, 1370744, 6657, 7263, 1370580, 7259, 7260, 1370920, 7261, 1371105, 7262, 237, 1313, 241, 936, 668, 245, 913, 1296, 246, 4014973, 669, 4014974, 1370997, 1381643, 1381437, 1625250, 1381385, 1624105, 1380345, 1381438, 4014012, 1380356, 5053, 1381402, 1380786, 1381217, 4839, 5254, 5253, 4011698, 4011697, 1381442, 4014910, 1220367]",37931,Sport
163,"[1601602, 1601629, 1601631, 1604510, 1604509, 1601636, 4002697, 4004237, 1624195, 1600315, 1600313, 1600250, 6260, 1600275, 1600282, 1600277, 1340280, 1600280, 1600617, 1340257, 1600616, 1600613, 1350569, 1350570, 1351003, 1350605, 1350576, 1350606, 763, 207, 1280, 208, 923, 209, 4011552, 4008178, 4008182, 4008180, 1600652, 1360559, 1600653, 1360298, 1600654, 1600659, 1600657, 1360565, 1360570, 4010460, 4017187, 4017188, 4017176, 4017025, 4017159, 4013641, 4009554, 4016886, 4002714, 4017029, 4013971, 4017219, 4017182, 4017218, 1330520, 4012584, 1331101, 4012585, 1330521, 4017060, 4016676, 4017057, 1330522, 4017059, 4016789, 4016786, 1600583, 1330525, 1600581, 1330574, 1330575, 1600580, 1600578, 1600576, 1330577, 1600577, 1330578, 1600573, 1330579, 1600572, 1600561]",5725,Domicile-travail
16300,"[1140289, 1140287, 1140366, 1140286, 1140304, 1140424, 1141106, 1140426, 660, 1240420, 4014892, 4009123, 1230449, 1240043, 1230448, 1230447, 1240030, 1240301, 5325, 3773, 1240331, 1240429, 3775, 3776, 4012498, 1240143, 4012497, 3778, 1240247, 4017392, 4017394, 4017391, 1250171, 4017388, 4017390, 4017387, 4122, 4017384, 4017386, 4017383, 1250075, 4017380, 4017382, 4017379, 1250298, 3783, 1250242, 3784, 4918, 1250346, 1250391, 1250345, 1250344, 1250393, 1221009, 1380878, 1381442, 4014911, 4014909, 1381441, 1380880, 1381070, 1380882, 1380884, 1380953, 1380885, 1381609, 1380888, 1380018, 1380890, 1381364, 1380891, 1380568, 1380893, 1380060, 1380894, 1381333, 1380895, 1380681, 1380896, 1380736, 1380898, 4008748, 4013756, 4013757, 1391006, 1391009, 1390515, 1380654, 1390514, 1390513, 1390512, 1380333, 5520, 1611, 7620, 1390139, 1610, 915, 11, 914, 1390393, 1390035, 1390672, 1390692, 1390178, 5932, 1390177, 1390712, 1390718, 1390661, 1080, 1390433, 1390734, 4016988, 4004270, 4007793, 1624940, 1614792, 4014996, 1614790, 4007792, 1614765, 1614764, 1614766, 4017843, 1614770, 4006501]",8528,Exercise
16310,"[668, 1296, 669, 246, 4014973, 4014975, 667, 4014974, 4593, 4592, 1370859, 4591, 4590, 5057, 1380279, 1381374]",1233,other
16319,"[1280231, 1280155, 4015305, 4015308, 4015309, 4015307, 1625238, 1600020, 1600349, 1603836, 1603838, 1603840, 4007150, 4007149, 1603864, 4009022, 4009023, 1603861, 1603860, 1603890, 1603904, 1603992, 1604014, 4562, 4555, 4567, 4565, 4000944, 4566, 4568, 4557, 4559, 4558, 4564, 4563, 4560, 4561, 1604516, 4009013, 1604150, 1604148, 1624236, 1240076, 4017803, 1261200, 1261207, 1261205, 1624233, 1623906, 1260084, 1260085, 1260086, 4008378, 4008380, 4010951, 4017874, 4017875, 4017876, 4015658, 4015657, 4015659, 4015656, 5653, 1454, 4017891, 1270038, 1453, 1270040, 1270041, 1271104, 1270101, 1270301, 1270102, 1624998, 1622579, 1622581, 4007296, 4007297, 1622687, 1622690, 1622696, 4017804, 4013767, 1600037, 5042, 5041, 5039, 5040, 5035, 5037, 5036, 1625096, 1625085, 1604177, 1604061, 1604060, 4009016, 4000961, 1604056, 1604104, 1604119, 1604103, 1604142, 1604141, 1604149, 1604152, 1270369, 1270302, 1624231, 1624239, 1600054, 1600356, 1280079, 1600353, 1280077, 1600354, 1280317, 1280289, 1600352, 1280320, 5341, 1280323, 1280325, 1280019, 1280326, 1600008, 1600017, 1600016, 1600014, 4009133, 4009132, 4009127, 4015306]",21012,other
1632,"[1150102, 4990, 1150101, 4991, 6140, 4992, 1150174, 4993, 1150092, 4994, 1150158, 4995, 1150135, 4996, 2598, 4997, 6127, 4998, 4989, 4988, 1160137, 6121, 1160095, 4218, 4219, 4220, 4221, 4222, 2617, 4223, 4224, 4225, 1744, 4226, 1160480, 4227, 1161000, 4228, 4229, 4230, 1160557, 4231, 1170147, 4232, 4233, 4234, 4235, 4236, 7157, 6081, 7158, 7159, 3007, 7160, 7161, 4214, 4213, 1170256, 4206, 4207, 1170266, 4208, 1170271, 4209, 1170276, 4210, 1170281, 4211, 1170285, 4212, 4522, 5310, 5316, 3877, 1180411, 3878, 3879, 3880, 3881, 3882, 3883, 3884, 3885, 1180439, 3886, 3887, 1180008, 3888, 3889, 1180129, 3890, 3891, 3892, 5282, 5285, 4017671, 5281, 1180162, 5279, 5272, 5273, 5274, 5275, 5276, 3848, 3849, 3850, 3851, 1612471, 1612418, 1612467, 1612468, 1612382, 1612383, 1612444, 1612492, 4003617, 1612450, 1180076, 1180130, 1180075, 1180074, 1180073, 1612381, 5278, 5277, 5280, 1625057, 4009976, 4009975, 3852, 6509, 4904, 1430171, 4905, 1430315, 4906, 1430132, 4907, 1430325, 4909]",10422,Social
1635,"[7162, 4449, 6927, 1400488, 6928, 1400247, 6923, 4783, 1400332, 4784, 6917, 6918, 1400356, 6919, 6915, 6910, 6909, 4085, 6914, 6913, 1410646, 1410364, 907, 1410645, 4788, 595, 1410700, 1410216, 1625407, 1410483, 149, 906, 1410043, 191, 624, 192, 912, 1390681, 431, 1311, 1390446, 628, 195, 629, 196, 430, 1624148, 5923, 5924, 1390398, 6931, 6932, 1390358, 6933, 1390202, 6934, 1390385, 6935, 1390327, 6936, 1390078, 7071, 6937, 1390475, 6938, 6939, 1390407, 6940, 1390334, 6941, 1390605, 6942, 6943, 4103, 1390244, 1390633, 6930, 4266, 1210034, 4102, 4177, 1210118, 4093, 1210136, 4094, 4095, 4096, 4098, 4814, 5502, 5501, 4180, 4800, 4009859, 4009861, 4812, 4006794, 4813, 1200260, 4006017, 4802, 4803, 1614632, 1190215, 4807, 4808, 4809, 1190079, 4810, 1190102, 1190060, 1190103, 1190062, 1190058, 1190059, 1190128, 1190257, 1190303, 4002997]",9029,Autre
1636,"[7625, 4866, 4140, 1250085, 4139, 4456, 4465, 4017672, 1442, 4007414, 1441, 4007403, 3748, 1439, 439, 5016, 5030, 5015, 5018, 5337, 1625079, 5332, 1625078, 1250276, 1250053, 5333, 1250021, 5334, 1250113, 5335, 7984, 5336, 1250100, 4121, 1250065, 4122, 4017387, 4113, 1220257, 4115, 1220016, 1220228, 1220059, 4116, 1220345, 4117, 1220322, 1220311, 4119, 1220163, 4120, 1220032, 5249, 5250, 1220069, 4008245, 4008246, 5514, 5243, 1220036, 4826, 5512, 4827, 1220115, 4822, 1220097, 4824, 1220090, 1220244, 1220145, 6484, 1220203, 6485, 6486, 6487, 5927, 5246, 4012306, 4012307, 1210308, 7971, 5247, 1210292, 5248, 1210242, 5244, 4100, 4266, 1210034, 4102, 1210186, 4177, 1210118, 4093, 1210136, 4094, 4095, 1210180, 4096, 4098, 4814, 5502, 5501, 4180, 4800, 4815, 1625591, 4816, 4812, 4813, 1200260, 4006017, 4802, 4803, 1614632, 1190215, 4807, 4808, 4809, 1190079, 4810, 7162, 4449, 4450, 1190014, 4451, 1190136, 4012748, 1190028, 1190070]",6363,Social
1637,"[4004201, 1500184, 4013065, 4013064, 4741, 1087, 1500898, 1501117, 1500939, 1606256, 1500490, 4013491, 4013492, 4004190, 1501114, 1501109, 1500221, 1500220, 1500399, 1500218, 1500217, 1500215, 4007157, 6825, 178, 1308, 177, 616, 176, 615, 4025, 1231, 614, 1500941, 3814, 4017019, 1500937, 4017018, 4017020, 4004198, 4743, 1500711, 4745, 1624255, 4744, 4740, 612, 174, 611, 910, 172, 909, 1482, 1092, 4481, 250, 1500788, 1500705, 4426, 1500703, 4425, 1500789, 4424, 1500699, 4430, 1604578, 4429, 4428, 1623987, 1604579, 1500817, 4427, 1500818, 4423, 4422, 1500693, 4421, 1500356, 4420, 171, 7645, 4028, 4027, 455, 6836, 4748, 1500664, 4747, 4746, 1500658, 4750, 1500824, 4915, 7854, 6835, 6834, 1500649, 6833, 5460, 5461, 1167, 4749, 1501102, 6832, 1500622, 6831, 1500098, 6830, 1500604, 6829, 170, 610, 169, 1500516, 1500259, 6840, 4033, 168, 609, 1168, 1624460, 1501008, 1624459, 1501173, 1624458, 167, 1490542, 1490540, 1490539, 1490538, 1490537, 3931, 1490536, 1490535, 1490534, 1490533, 1490532, 7659, 1490530, 1490529, 4010253, 1490528, 1490527, 4751, 4761, 4760, 4759, 4010254, 4758, 4757, 4756, 6845, 6844, 1613749, 1613750, 1613751, 1613752, 1294, 7640, 6848, 6846, 1613732, 5463, 4017240, 1613773, 6850, 4013045, 4013044, 4013047, 4013046, 6855, 6854, 6856, 1624404, 4764, 4763, 4762, 4042, 4041, 4040, 4039, 1460021, 4005125, 4005126, 608, 164, 1460381, 6857, 6859, 6858, 163, 4005331, 4005332, 607, 1480, 1488, 1481, 161, 606, 605, 1487, 160, 1132, 4050, 4048, 4047, 4046, 4013113, 4013112, 4013488, 4013116, 4013117, 4013115, 4053, 4052, 4009950, 4013462, 4012959, 5236, 4011499, 4011500, 1604491, 5235, 1441235, 5234, 5233, 4010031, 5239, 5238, 1440030, 5237, 1440435, 5241, 1440719, 4009896, 4051, 6884, 6883, 4011958, 6882, 6881, 4017916, 6879, 6874, 6878, 6877, 4009846, 6876, 6875, 4009840, 4072, 4071, 4009834, 4009832, 4069, 4009825, 4443, 4009827, 4444, 4007365, 4445, 1293, 604, 1625186, 1625336, 159, 603, 4012578, 158, 602, 157, 900, 1410655, 1410379, 133, 1625408, 4769, 1410579, 1410068, 1410651, 4777, 4077, 4770, 6894, 4771, 1410453, 4780, 814, 1410500, 4778, 4012484, 4012481, 4779, 5615, 1420003, 5616, 1420471, 4017904, 4015053, 4015050, 842, 249, 1464, 670, 1383, 5317, 5314, 5311, 5312, 1180093, 1170090, 1170284, 1170089, 1170279, 1170088, 1170087, 1170086, 2646, 1170085, 1170084, 1170083, 4017602, 4003088, 4017601, 1170082, 1170079, 3009, 1624400, 1624399]",29256,Sport
16378,"[6936, 1390327, 6935, 1390385, 6934, 1390202, 6933, 6932, 1390453, 6931, 1390397, 1390525, 1390396, 1390395, 4007890, 1390393, 4017100, 6951]",923,Shopping
16379,"[1390671, 914, 4017100, 1390672, 1390369, 1390035, 1390370, 1390395, 4007890, 1390355, 1390527, 1390356, 6933, 1390202, 6934, 6935, 1390327, 6936]",1021,Shopping
1638,"[1130211, 1053, 1130210, 1130120, 1130209, 1130150, 1130167, 1130148, 1625641, 1130310, 4007425, 1131110, 1130233, 1130234, 4011693, 4011691, 1131002, 4015038, 4015039, 4009873, 4017439, 4017441, 4017157, 4017156, 1140035, 1624922, 1624923, 1624745, 1624747, 4004293, 1624924, 1140270, 4013864, 4013865, 1240023, 4013759, 4013760, 1240383, 4009067, 4009053, 1240131, 1240269, 1240199, 1240268, 1240267, 1240105, 1240266, 4003154, 1240265, 1240264, 1240024, 1240263, 1240256, 1625542, 1260187, 4011658, 4007418, 1443, 4007423, 4007424, 4007406, 4017673, 4009484, 4007409, 4007414, 1442, 1250451, 4465, 6991, 4456, 4139, 1250085, 4140, 4866, 4141, 1250158, 7625, 1260962, 1261218, 5258, 1260732, 4458, 1260595, 4457, 4462, 1260464, 1614644, 4463, 1260450, 4459, 4460, 1260550, 4461, 4606, 4601, 4017031, 4603, 1260207, 1260420, 1260060, 4604, 4605, 4008720, 7231, 7232, 1260854, 7233, 1260840, 7234, 7230, 1260270, 7235, 1260436, 1260132, 7236, 1260015, 5070, 4008736, 4011570, 4007301, 4011538, 1625638, 1625094, 1625091, 1625093, 1625092, 4014980, 4014981, 4014978, 4014982, 1600409, 1360623, 1625066, 1360030, 1360029, 1360028, 1360594, 1360027, 1360273, 1625626, 4006897, 1625632, 4006896, 4006068, 4006067, 850, 7903, 648, 1041, 1371114, 7, 1370028, 1371500, 1370178, 1370027, 1370026, 4016552, 6215, 1370751, 1370193, 1370750, 1370749, 4010723, 4010738, 4010737, 4010722, 1370986, 1370746, 1370985]",11089,Social
1639,"[1190070, 1190162, 4012749, 4012748, 1190135, 4451, 1190005, 4450, 1190226, 4449, 6927, 4810, 1190078, 4809, 1190010, 4808, 1190035, 4807, 1190052, 4803, 4802, 4006017, 1200260, 4813, 4812, 4816, 1625591, 4815, 4800, 4180, 5501, 5502, 4814, 4098, 4096, 1210180, 4095, 4094, 4093, 4177, 1210185, 4102, 1210034, 4266, 4100, 5244, 1210242, 5248, 1210292, 5247, 7971, 1210308, 4012307, 4012306, 5246, 5927, 6487, 6486, 6485, 1220203, 6484, 1220145, 1220244, 1220090, 4824, 1220097, 4822, 1220115, 4827, 5512, 4826, 1220036, 5243, 5514, 5242, 1220069, 5250, 1220219, 5249, 1220357, 244]",4378,Social
1640,"[244, 1220358, 1220217, 1220216, 1220193, 1220192, 1220159, 1220191, 1220158, 1220157, 1220156, 1220031, 1220155, 4838, 1220304, 4837, 4836, 1220339, 4835, 1220005, 4014904, 4014906, 1221004, 1220062, 4014907, 4014911, 4014910, 4014908, 4012064, 4011932, 5253, 4011698, 4011697, 4008500, 1380636, 4008499, 1380635, 1380634, 1380432, 1380633, 1380632, 1380626, 1381040, 1380625, 1380657, 1380201, 7902, 1175, 1380570, 7901, 1381104, 1381209, 4017220, 4124, 1380748, 4127, 1624134, 1380422, 1381239, 1381238, 4009269, 1380200, 1381630, 1380326, 1380202, 1380902, 1250373, 1250176, 1250374, 4867, 1250375, 1250359, 1250092, 1250376, 1250377, 1250235, 1250378, 1250361, 1250236, 1250049, 1250237, 1250017, 1250238, 1250109, 1250295, 1250148, 1250296, 1250098, 1250297, 1250063, 1250298, 3783, 1220267, 1220268, 1220013, 1220269, 1220057, 1220270, 1220342, 1220271, 1220319, 1220272, 4016798, 1220274, 1220275, 1220359, 1220049, 1623799, 937, 5513]",10551,Social
1641,"[1160016, 5328, 6137, 5327, 1160380, 6122, 1160101, 6123, 6124, 821, 1160157, 1160362, 4014853, 1045, 4014850, 4014849, 4014851, 1230472, 1230301, 1230001, 1230300, 6104, 1230299, 1230502, 1230541, 1230298, 1230297, 1230317, 1230296, 1230194, 1230295, 1230349, 1220150, 1220149, 1220122, 1220148, 1220142, 1220147, 1220076, 1220146, 1220047, 1220145, 1220244, 5513, 4008748, 1380653, 1380168, 1380332, 1380008, 1380331, 1380330, 1380676, 1380329, 1381327, 1380328, 1381328, 1381326, 1381325]",4665,Social
16451,"[5632, 1140314, 234, 4016040, 4016041, 1667, 1325, 1140183, 1090, 4014549, 4014550, 1880, 4014551, 1240426, 4014552, 1538, 1240369, 7951, 6165, 1240379, 6164, 1240148, 6163, 1240125, 6162, 1240065, 6161, 1240216, 5027, 1240337, 1240439, 5026, 7198, 5029, 1240252, 5031, 1250175, 5030, 5016, 4251, 3747, 4250, 4249, 4248, 4247, 1250246, 1250404, 4882, 4012232, 4869, 4016797, 6959, 4862, 1380905, 4126, 4125, 1380748, 1381432, 1624134, 1380424, 1380750, 1260071, 1260070, 4875, 4870, 1260124, 4871, 1260036, 4872, 1260947, 4873, 4457, 4462, 1260464, 1614644, 4463, 4459, 1260472, 4460, 1260550, 4461, 4606, 1260243, 4601, 1260494, 4603, 1260207, 1260420, 1260060, 4604, 1260403, 4605, 4008720, 7231, 7232, 1260854, 7233, 1260840, 7234, 1260925]",6974,Commute
1648,"[1150007, 1150006, 1150174, 1150173, 6140, 1150005, 1150004, 7190, 1140025, 1140297, 5642, 1140296, 1140289, 1141109, 4008176, 4008177, 1140287, 1624681, 1140286, 1140304, 1141106, 1140426, 1140425]",1592,Sport
1649,"[1450482, 1450761, 1450481, 1450465, 1450480, 1450464, 4044, 4045, 4049, 607, 163, 7618, 1460219, 5470, 1461124, 1460080, 5465, 5466, 3820, 5468, 1625694, 5484, 1625696, 5480, 1460295, 5473, 1460369, 6477, 1583, 5474, 6474, 7612, 1460438, 1460334, 7613, 4012472, 4012471, 4003959, 1460331, 1460435, 4003958, 1450644, 1450491, 1450643, 4003956, 1450642, 1450799, 1450541, 1450540, 7725, 1450539, 1450727, 1450016, 1450726, 1450327, 1450725, 1450326, 1450525, 1450524, 1450691, 1450523, 5885, 1450522, 1450704, 1450521, 1450374, 1450520, 1450519, 1450518, 1450282, 1450517, 1450516, 1450350, 1450515, 1450161, 1450081, 1450593, 1451127, 1450598, 4015010, 4015001, 4014998, 4015009, 1450084, 4012047, 1450086, 1450087, 1450614, 4015017, 1450089, 4016649, 1625056, 1614005, 1614004, 1614025, 1614003, 1614023, 1614002, 1613988, 4003801, 5539, 4016487, 4016489, 4016492, 1614000, 7040, 1613914, 5997, 1613913, 1613912, 1613944, 1613911, 1613910, 1613900, 1613898, 1613899, 1613901, 6505, 7038, 4001532, 7039]",8273,Autres
16494,"[1613929, 1613878, 1613867, 1613852, 1613827, 1613824, 1613828, 6579, 1613869, 1614291, 6591, 6590, 6589, 1614259, 1613870]",1875,Leisure
16509,"[1440123, 1440415, 1440414, 1440413, 1440561, 1450277, 1450783, 4003927, 1450278, 4014736, 4014735, 4014799, 4014796, 4014789, 4014784, 4011399, 4014734, 3812, 4014770, 4766, 1176, 4010060, 4010059, 4017034, 1440513, 1440721, 1440544, 1669, 1440543, 1440009, 1440542, 1440541, 1440390, 1440540, 1440845, 1440539, 1440607, 1440608, 1440747, 1440609, 1440847, 4017377, 1441203, 4003695, 1441030, 1430218, 1430219, 1430220, 1430221, 1430385, 1430222, 1430386, 1430223, 1430271, 1430224, 1430225, 1430226, 1430227, 1430477, 1430228, 1431126, 1430229, 1430230, 1431122, 1430231, 1430232, 4003687, 1430448, 1430447, 1430446, 1430244, 1430445, 1430001, 1430444, 1430443, 1430063, 1430442, 1430441, 4009924, 1625129, 1625127, 1625125, 4013483, 1180261, 1180260, 1180259, 1180005, 1180258, 1180257, 1180256, 1180255, 1180254, 1180517, 1180252, 1180251, 1180250, 1180249, 1180248, 1180247, 1180246, 4003094, 4003093, 1180245, 7869, 1180244, 1181021, 1180243, 5314, 1180242, 4523, 1180241, 1170283, 1180538, 1170278, 1180240, 1170273, 1170135, 1170134, 2646, 1170133, 1170258, 1170132, 1170253, 1170131, 4017610, 4017611, 1170129, 1170128, 1170127, 1170126, 1170125, 1170124, 1170123, 1170225, 1170121, 1170120, 1170119, 7884, 1170118, 7893, 7892, 1170115, 1170114, 1170177, 4011497, 1171127, 1171128, 1200280, 1200279, 2278, 1200278, 1200389, 1200277, 1200276, 2607, 1200275, 1200367, 1200274, 1200273, 1200352, 1200272, 1200271, 1200270, 1200269, 1743, 1200268, 1200267, 1200241, 1200266, 1160252, 1160387, 2620, 1160386, 2628, 1160385, 1160308, 1160384, 1160204, 1160383, 1160289, 1160382, 1160092, 1160381, 5327, 1160380, 1160379, 1150183, 1150207, 1150164, 1150205, 1150204, 1150203, 1150090, 1150202, 1150172, 1150201, 1150200, 1150099, 1150199, 5000, 1140290, 1140296, 1140289, 1140328, 4008176, 4008177, 1140109, 1140287, 1140366, 1140286, 1624680, 1624677, 4014423, 4014422, 4015044, 1140283, 4015040, 4017237, 4017235, 661, 4014488, 5661, 4014487, 1240426, 1240389, 1240390, 1240391, 1240393, 1140270, 1624925, 1624924, 1240394, 1240187, 1603949, 1603950, 1603951, 1603907, 1603932, 1603909, 1603931, 1603911, 1603930, 1603913, 1603929, 1603927, 1603928, 1603924, 4258]",12861,Commute
1652,"[1030061, 1030512, 5560, 1030624, 5570, 1030242, 1030410, 5567, 1030628, 1030004, 5568, 1030495, 5558, 6524, 4949, 3867, 1050421, 7626, 1050284, 7627, 7628, 7629, 1050334, 7630, 7631, 7632, 6034, 1050320, 1050257, 1050321, 1050187, 1050322, 1050071, 1050323, 1050124, 4008296, 1050431, 1050325, 1050137, 1050326, 1050307, 1050327, 4012455, 4012453, 1060288, 1060019, 1060289, 1060290, 1060043, 1060291, 1060292, 1060379, 1060293, 1060210, 1060294, 1060235, 1060427, 1061127, 1060252, 1060431, 1060426, 1060428, 1061001, 1061132, 1624753, 1060298, 1060315, 1060299, 5299, 4919, 7090, 1060158, 1060003]",3585,Autre
16534,"[1220363, 1220012, 1220269, 1220056, 1220270, 1221018, 1220271, 1220317, 1220306, 1220274, 1220157, 1220275, 1220002, 1220215, 4002980, 1220360, 937, 244, 1220049]",874,Sport
1654,"[4224, 1160354, 4225, 1744, 4226, 1160480, 4227, 1161000, 4228, 4229, 2274, 4230, 1160557, 4231, 4232, 1170180, 4233, 7889, 4234, 1170197, 4235, 1170205, 4236, 7157, 7158, 1170235, 7159, 3007, 7160, 1170248, 7161, 4017591, 4214, 4017593, 4213, 1170255, 4206, 1170260, 4207, 2644, 4208, 2647, 4209, 1170275, 4210, 1170280, 4211, 1170285, 4212, 4522, 1170022, 4521, 1170090, 4523, 1180241, 4524, 1180529, 670, 1464, 1383, 1180528, 5317, 5314, 5311, 5312, 1180094, 5313, 5315, 5316, 3877, 1180391, 5310, 1180383, 1170286, 1170281, 1170276, 1170271, 1170266, 1170261, 1170256, 4017588, 4017590, 1080552, 1080544, 6081, 1170206, 1170198, 1170190, 1170181, 1170148, 1160558, 1160547, 1160532, 1160256, 4223, 1160304, 4222, 4221, 1160311, 4220, 1160207, 4219, 1160292, 4218, 1160095, 6121, 4988, 1160126, 4989, 1160368, 4998, 4997, 2598, 4996, 4995, 1150158, 4994, 4993, 4992, 4991, 1150102, 4990, 7191, 1140382, 1140299, 1140381, 1140380, 1140379, 1140378, 1140377, 7817, 1140376, 1140190, 1140375, 1140007, 1140374, 1140178, 1140373, 1140372, 4545, 1140157, 4546, 1140045, 4547, 6146, 4548, 1140293, 4549, 1120159, 5005, 6159, 1120027, 1120255, 4003244, 4003241, 1120038, 1120039, 1120040, 1120041, 1120003, 1120042, 1120043, 1120201, 1120099, 1120302, 1120301, 1130269, 1110291, 1110289, 4013662, 4009623, 4009622, 1120261, 1120115, 1120116, 1120024, 1120117, 1120118, 5012, 1120119, 1887, 1120120, 1120224, 1120121, 1120122, 1120123, 1120239, 1120297, 1120276, 4012302, 4012300, 1120050, 1120278, 1120246, 1120279, 1120280, 5001, 1120085, 5004, 1120172, 1150103, 1100165, 1100166, 1100167, 1150094, 1100168, 1150160, 1100169, 1100171, 1100172, 1100173, 1100268, 1100174, 1100175, 1100048, 1100176, 1100177, 1100211, 1100178, 1100179, 1100309, 1100180, 1100181, 1100182, 1090146, 1090130, 1090147, 1090148, 1090296, 1090149, 1090150, 1090316, 1090151, 1090326, 1090152, 1090334, 1090153, 1090154, 1090341, 1090155, 1090256, 4003307, 1090440, 1090156, 1090247, 1090157, 1090158, 1090362, 1090159, 1090230, 1090160, 1090161, 1090376, 1090162, 1090163, 1090164, 1090165, 1080213, 1080214, 1080215, 1080216, 1080217, 4017663, 4017574, 4017573, 4017575, 1080218, 1080219, 1080220, 4009004, 4009005, 4009006, 1612571, 4011929, 1612567, 1612566, 1612565, 1180384, 1180063, 1080534, 1160514, 1160481, 1160470]",23569,Sport
16551,"[1381374, 1381375, 1380279, 1381644, 1380532, 5057, 1370997, 4590, 1370634, 4591, 1370859, 4592, 4011484, 4593, 4014974, 4014975, 4014973, 246, 669, 1296, 913, 4014698, 245, 668, 5, 459, 4008490, 4014696, 460, 4012770, 4014733, 1370090, 4008406, 4014730, 6, 1183, 4014731, 4007319, 1016, 7642, 1520, 4007320, 4017752, 4017753, 4008723, 4008462, 4008387, 4008388, 1133, 1622354, 1622352, 4014955, 4014952, 1614672, 4008532, 4008531, 4014941, 1524, 1525, 1523, 5066, 5067, 4599, 4008452, 4598, 4597, 4594, 4595, 4600, 1150, 1153, 1151, 5064, 5065, 6644, 4014940, 4014939, 4596, 1614701, 4006504, 4014958, 1458, 1462, 1519, 4004206, 1625335, 1381649, 1624381, 1381461, 4014700, 4014732, 667, 243, 1381159]",18588,Loisirs
1656,"[7190, 6129, 5000, 1150199, 4999, 236, 4014882, 4014883, 4014879, 4014878, 4014876, 1, 7181, 6109, 1230416, 6110, 6111, 1230089, 6108, 1230260, 7180, 1230497, 1230544, 4987, 6102, 1230189, 6098, 1230344, 5931, 1220137, 4830, 1220042, 1220036, 5243, 244, 5242, 1220357, 1220218, 1220217, 1220216, 1220215, 1220214, 1220002, 1220213, 1020, 4917, 4840, 4838, 4837, 4836, 1220340, 4835, 1220011, 4002984, 1220363, 1220367, 1220062, 1221004, 4014906, 4014907, 4014911, 4014910, 4011932, 4011930, 5252, 7850, 7851, 7852, 5254, 4008551, 4839, 4841, 1381017, 4844, 4848, 4847, 1381039, 1380484, 1381104, 1381105, 1380625, 1380657, 1381630, 4124, 1380748, 1624134, 1380423, 1380750, 1260070, 1260069, 4870, 4871, 1260035, 4872, 4873, 4462, 4464, 4463, 1625389]",7305,Domicile-travail
1661,"[253, 1092, 4010201, 4010361, 1606302, 1501100, 4016156, 4016158, 4016157, 4012320, 4012730, 4012318, 1500485, 1624441, 1624442, 1500484, 4012517, 1500827, 4012518, 4012519, 1501139, 7853, 1501137, 1500904, 4016905, 1500237, 1500236, 4012159, 4012156, 4012158, 1500925, 1500624, 1500926, 1500615, 1500477, 1500609, 1500476, 4010174, 4010177, 4010173, 1624445, 1500472, 1490714, 1624452, 1490430, 1624450, 1490429, 4004151]",4162,Exercise
1663,"[1464, 4017629, 4017631, 4017639, 4017638, 4017645, 4017646, 4017656, 229]",1683,Other
16643,"[4017769, 1261057, 4002888, 1260669, 1624963, 1260305, 1260904, 1260308, 1604450, 4605, 4008720, 1260311, 1260750, 1260749, 1260403, 1260748, 1260747, 1260060, 1260746, 1260745, 1260207, 1260744, 4017030, 4017032, 1260742, 1260741, 1260878, 1260740, 1260738, 1260737, 1260735, 1614660, 1260734, 1614643, 1260465, 1260733, 1260977, 1260732, 4458, 1260731, 1260948, 1260730, 1260037, 1260728, 1260125, 1260724, 1260721, 1260720, 1260082, 1260072, 1380911, 1380424, 1380909, 1380905, 4126, 1380903, 1380202, 1380902, 1381107, 1380870, 1381043, 1380871, 1380873, 1380144, 1380874, 1380397, 1380875, 1380876, 1624279, 1380877, 1381021, 1380878, 1381442, 4014911, 4014909, 1381441, 1380880, 1381070, 1380882, 1380884, 1380953, 1380885, 1381609, 1380017]",4015,Shopping
16660,"[1390671, 6951, 1390672, 1390674, 1390675, 5924, 6931, 1390453, 6932, 1390358, 6933, 6934, 1390385, 6935, 1390078, 6937, 1390474, 1390529, 6938]",1477,Shopping
16665,"[1240257, 1261207, 1261205, 1624233, 4008378]",669,Exercise
1668,"[1450691, 1450723, 5886, 1450722, 1450705, 1450721, 1450375, 1450409, 1450376, 1450377, 1450378, 1450737, 1450379, 1450380, 1450243, 1450242, 1450039, 1450241, 1450288, 1450240, 1450361, 4010075, 4003712, 4013465, 4013469, 4013464, 1450616, 4014999, 4014998, 4015010, 4015015, 4015011, 4015008, 4013473, 4013476, 1440952, 1441040, 1441525, 1441110, 1441038, 1440890, 4003701, 1441180, 1441037, 1440035, 1441036, 1440441, 1441035, 1441034, 1441321, 1441033, 1441322, 1441032, 1441535, 1441031, 1441030, 4003698, 1430218, 1430459, 1420466, 1420465, 1430347, 1420464, 1430066, 1420463, 1430308, 1420461, 1614630, 1420460, 1430058, 1420459, 1430044, 1420458, 1430274, 1420457, 1430202, 1420456, 1430304, 1420455, 1430104, 4009933, 1180481, 1420454, 1420453, 4012720, 4003656, 4012722, 4017366, 1421109, 1420449, 1625119, 1625117, 1420447, 7220, 7637, 1420443, 670, 1464, 249, 1382, 842, 229, 658, 4012747, 4012745, 4012746, 1190070, 1190162, 1190028, 1190130, 1190029, 4003000, 1190212, 1190138, 1190211, 1190016, 1190210, 1190258, 1190209, 1190253, 1190208, 4215]",7280,Social
1670,"[4828, 1210017, 6486, 6485, 1220203, 6484, 1220145, 1220244, 1220090, 4824, 4822, 1220115, 4827, 4826, 1220036, 4830, 5931, 1230344, 6098, 1230189, 6102, 4987, 7180, 5319, 6108, 6111, 6110, 1230416, 6109, 1, 4014876, 4014877, 4014881, 4014885, 4014883, 4014882, 236, 4999, 5000, 5642, 7189, 1140025, 7190, 1140382, 7191, 6179, 7192, 1120171, 1140300, 1120170, 1140332, 1120168, 1120287, 4009617, 4009618, 1120166]",4883,Autres
1671,"[4010144, 4004153, 1490427, 1491172, 1491171, 4004159, 1490777, 4004160, 1490775, 1490426, 4004161, 1491168, 4004162, 1491167, 1490425, 1491165, 4004141, 1624474, 1624475, 4004140, 1490767, 1490424, 1624481, 4004115, 1624478, 1490423, 1491157, 4004138, 1490422, 4004137, 1491159, 4004136, 1491160, 4004135, 1491161, 1491162, 1490567, 1490421, 4013073, 4013653, 4013071, 4013652, 4013075, 1613612, 1613611, 1613616, 4013040, 1613638, 1613642, 1613643, 4001468, 4013057, 4013056, 4013055, 4013054, 4013053, 4013052, 4016997, 4013829, 4013832, 4013830, 4009964, 4009963, 1460344, 1460343, 1460342, 1460341, 1460340, 1460339, 1460338, 4003964, 1460337, 4003963, 1460336, 4003962, 1460335, 1460439, 4003961, 1460334, 4012472, 4012471, 1460331, 1450644, 1450643, 1450642, 1450020, 1450641, 4003954, 1450640, 1450801, 4003953, 1450802, 6009, 1450803, 4003951, 1450663, 4003950, 1450661, 4003949, 4009997, 4009999, 4009995, 4009996, 4010074, 4010073, 4013465, 4013469, 4013464, 4014999, 4014998, 4015015, 4015011, 4015008, 4013476, 1441040, 1441525, 1441110, 1441038, 4003701, 1441037, 1441036, 4003706, 1441035, 4003707, 1441034, 1441199, 4003708, 1441200, 1441201, 4003699, 1441202, 4003698, 1441030, 1441203, 4003693, 1420466, 1420553, 4003691, 1420465, 4003678, 1420464, 4003677, 1420463, 1420461, 1420549, 4003675, 1420548, 1420460, 4003674, 1420459, 1430044, 1420458, 4003672, 1420457, 1420456, 1420455, 4009933, 4009932, 1420454, 4010034, 1420453, 4003656, 4010064, 4017366, 4017365, 4010069, 1420530, 4009984, 1420528, 4010071, 1625120, 4009986, 1625118, 4009987, 1420447, 4003032, 1420443, 1420523, 4015051, 4015048, 4015050, 4015049, 4012747, 658, 4012745, 4012746, 1190200, 1190069, 1190070, 1190162, 1190028, 4012748, 1190136, 4451, 4450, 4449, 6927, 4810, 1190078, 4809, 1190010, 4808, 1190035, 4807, 1190052, 4803, 4802]",12890,Exercise
1673,"[1190221, 1200235, 1200400, 1200234, 1200233, 1200385, 1200232, 1200381, 1200231, 2604, 1200230, 1200364, 1200229, 1200357, 1200228, 1200349, 1200227, 1200339, 1200226, 7730, 1732, 4584, 4585, 4586, 4588, 4011784, 4014870, 4014872, 4014871, 1200190, 1201118, 1201117, 1210131, 1210158, 4109, 1210260, 1210244, 1210259, 1210258, 1210297, 1210257, 1210256, 1210195, 1210255, 7974, 1210254, 1210206, 1210253, 5928, 1210252, 1210251, 1210021, 1210250, 1230369, 1230350, 1220150, 1230349, 1221010, 1230348, 1624263, 1230347, 1220118, 1230346, 1220052, 1230345, 5931, 1230344, 5518, 1230343, 4008304, 1230342, 1230039, 1230341, 1230320, 1220176, 1220312, 1220174, 1220173, 1220346, 4009051, 1220248, 1220171, 1220170, 1624888, 1220169, 1220259, 1220168, 3778, 1240247, 1240246, 1240153, 1240245, 7985, 1240244, 7926, 1240243, 1240242, 1240241, 1250023, 1240240, 1250055, 1240238, 1250369, 1240237, 1250387, 1250164, 1250386, 1250440, 1625079, 5332, 1250383, 1250077, 1250382, 1250381, 1250212, 1250380, 1250379, 1250291, 1250378, 1250235, 1250377, 1250093, 1250376, 1250092, 1250375, 1250257, 1250374, 1250176, 1250373, 1380870, 1381107, 1381106, 1380625, 1381105, 1380484, 1381104, 1381209, 1381037, 1381210, 1380068, 1381211, 1381212, 1380394, 1381213, 1381254, 1381214, 1380305, 1380856, 1380858, 1381215, 1381014, 1381015, 1624864, 4008544, 1624865, 1380711, 1381017, 4844, 1381018, 1380320, 4008499, 1380635, 1381020, 1624275, 1381021, 1380877, 1221009, 1220250, 1250343, 1250344, 1220125, 1250345, 1250346, 1220062, 4918, 3784, 1250242, 3783, 1250298, 4017379, 4017382, 4017381, 4017380, 1250075, 4017383, 4017386, 4017384, 4122, 4017387, 4017390, 4017388, 1250171, 4017391, 4017394, 4017393, 4017392, 1220258, 1220018, 4008302, 1230295, 1210209, 1210298, 1210245, 5515, 1210357, 4004272, 4237, 7179, 1200301, 1200348, 1200358, 1200372, 1200382, 2275, 1190105, 1190106, 1190238, 1190107, 1190084, 1190108, 1191005, 1190109, 1190244]",14573,Autres
16737,"[7265, 4622, 1370829, 7267, 1370441, 7266, 7264, 4015762, 4015763, 4010723, 6208, 7268, 4623, 1370209, 4625, 1370174, 1370628, 4626, 1370046, 4627, 1371110, 917, 653, 223, 1625744, 1625745, 656, 227, 1043, 934, 662, 932, 237, 663, 933, 1313, 242, 241, 936, 5, 4014698, 459, 4008490, 4014696, 4012770, 460, 4014733, 4014732, 1370090, 4008741, 4008742, 4008743, 6, 1183, 4014731, 4007319, 1016, 1381461, 7642, 1520, 1625335, 4007320, 4017752, 4017753, 4008723, 4008462, 4008387, 1133, 1622354, 1622352, 4014955, 4014952, 1614672, 4008532, 4008531, 4014941, 1524, 1525, 4006504, 5066, 4599, 4598, 4597, 4594, 4595, 4016580, 4600, 1150, 1614701, 5064, 1614700, 5065, 1624943, 6644, 4014940, 1614674, 1523, 4014939, 4596, 1522, 1624958, 5067, 4007798, 4008388, 1624381, 1381463, 4014730, 1380033, 4014700, 4014695, 668, 4015723, 226, 928, 655, 1042, 224, 654, 4015716, 1625256, 4017919, 1600507, 5087, 5084, 4011688]",27338,Leisure
1674,"[1160208, 1100014, 1100013, 1100094, 1160002, 1160207, 1160003, 1160004, 1160311, 4220, 1160310, 1160019, 1160205, 1160018, 1160291, 1160017, 1160093, 1160016, 5329, 1160015, 1160014, 1150012, 4016729, 1150011, 1150010, 1150009, 1150008, 1150092, 1150007, 1150174, 1150006, 6140, 1150005, 1150101, 1150004, 7190, 1140025, 1140297, 5641, 1140296, 1140290, 4999, 236, 4014882, 4014883, 4014885, 231, 4014879, 4014878, 4014876, 1, 7181, 4243, 1230037, 4242, 7186, 1230435, 7185, 1625228, 1625229, 7184, 7183, 1230008, 7182, 1230405, 5326, 1240301, 5325, 1240102, 5324, 1240158, 6119, 6118, 6117, 1240133, 6116, 6115, 7942, 6114, 1240314, 6113, 1240346, 6120, 6168, 1240336, 6169, 6167, 5026, 7198, 7992, 4254, 1240190]",5548,Social
1675,"[1220174, 1230021, 1230475, 1230205, 1230476, 4003139, 1230477, 7184, 7183, 7182, 1230405, 5326, 1240301, 5325, 1240102, 5324, 1240158, 6119, 6118, 6117, 1240133, 6116, 6115, 7942, 6114, 1240313, 6113, 1240346, 5021, 1240123, 5022, 1240377, 5023, 6160, 7951, 1240417, 1240020, 1240118, 7952, 1240022, 4013865, 1240023, 1604027, 1604028, 1603974, 1603976, 1603977, 1603980, 4262, 1604001, 1603982, 1604000, 1603984, 1603999, 1603987, 1603998, 1603997, 1604334, 1603995, 1603990, 1603946, 1603947, 1603897, 1603889, 1603896, 1603895, 1603891, 1603894, 1603892, 1603893, 1603855, 1603854, 1603848, 1603853, 1280284, 1280305, 1280285, 1280127, 1280286, 1280242, 1280287, 4003258, 1280288, 1280200, 1280289, 1600352, 1280290, 1280291, 1600351, 1600075, 4003165, 1600078, 1280206, 1280298, 1280135, 1280300, 1290112, 1291010]",6824,Social
1676,"[1220174, 1230021, 1230475, 1230205, 1230476, 4003139, 1230492, 1230477, 7184, 7183, 7182, 1230405, 5326, 5325, 1240102, 5324, 1240158, 6119, 6118, 6117, 1240133, 6116, 6115, 7942, 6114, 1240314, 6113, 1240346, 6120, 5021, 1240123, 5022, 1240377, 5023, 7949, 5024, 6160, 1240369, 7951, 1240417, 1240020, 7952, 1240197, 1240022, 4013865, 1240023, 1604027, 1604028, 1603973, 1603974, 1603976, 1603977, 1603980, 1604001, 1603982, 1604000, 1603999, 1603987, 1603998, 1603997, 4000820, 1604334, 1603995, 1603990, 1603947, 1603897, 1603888, 1603889, 1603896, 1603890, 1603895, 1603891, 1603894, 1603892, 1603893, 1603854, 1603848, 1603853, 1280284, 1280305, 1280285, 1280127, 1280286, 1280242, 1280287, 1624867, 1624868, 1280288, 1280200, 1280289, 1600352, 1280290, 1280291, 1600351, 1600075, 4003165, 1600078, 1280206, 1280298, 1280135, 1280300, 1290112, 1291010]",6811,Social
1677,"[936, 1313, 933, 4015723, 663, 237, 934, 1043, 227, 656, 1625745, 4015716, 223, 653, 222, 652, 221, 651, 220, 926, 1041, 242, 241, 668, 5, 4014698, 459, 4014696, 4008490, 4012770, 4014733, 4014732, 6, 1183, 4014731, 4007319, 1016, 7642, 1520, 1625335, 4004206, 4017752, 4017753, 4008723, 4008462, 4008387, 1519, 1133, 1622354, 4014955, 1622352, 4014952, 4015026, 4014958, 1614672, 4008459, 1614674, 4008531, 1525, 1523, 5066, 4007798, 4599, 4598]",8948,Domicile-travail
168,"[1261045, 1260049, 1261044, 1260773, 1261043, 1260646, 4002945, 1381393, 1381392, 4002946, 1381391, 1380813, 1381390, 1381389, 4002949, 1381394, 4002950, 1381395, 1381396, 1381397, 4002952, 1381398, 1381399, 1380785, 4002954, 1381400, 1381401, 1381402, 6958, 5533, 5534, 5521, 5522, 5523, 1380012, 5524, 5525, 5526, 5528, 1381412, 5529, 5530, 4012991, 5531, 6952, 1381430, 6953, 1381603, 6954, 1381608, 6955, 1390038, 1390720, 1391011, 1390177, 4017100, 1390717, 1391013, 6016, 1773, 1188, 1390521, 1187, 196, 629, 195, 628, 1311, 1390207, 627, 912, 192, 624, 191, 1292, 149, 595, 4788, 907, 1410646, 1410364, 1410567, 1410365, 6922, 1400326, 1400199, 1400327, 4090, 1400328]",6078,Domicile-travail
16809,"[4007718, 1601246, 1601250, 4007122, 4011765, 4011766, 5089, 4015027, 4016119, 4017325, 4017326, 4017324, 5086, 5085, 1370186, 1370954, 1370187, 1370951, 1370612]",1352,Courses
1681,"[4598, 5674, 4008453, 4597, 1624958, 4594, 4595, 4600, 1150, 1153, 1151, 5064, 1614700, 5065, 6644, 4014940, 4014941, 4006504, 4014939, 4596, 5067, 4599]",4278,Sport
1682,"[4135, 6980, 6968, 1381098, 6966, 6967, 1380964, 1380381, 4858, 4859, 4860, 1380121, 4861, 5256, 4017450, 4017761, 4017760, 4854, 4846, 4843, 1380356, 5053, 5052, 1381402, 6958, 1380786, 6956, 1381220, 1380084, 5254, 7852, 7851, 4012069, 7850, 5252, 4011930, 1380639, 1380640, 1380641, 1380642, 1380952, 1380643, 1380446, 1380644, 1381186, 1380645, 1380016, 1380017, 1380018, 1380890, 1221002, 1220361, 1221000, 1020, 937, 244, 5243, 1220036, 1220042, 4830, 1220137, 5931, 1230344, 6098, 1230189, 6102, 4987, 7180, 1230260, 6108, 6111, 6110, 6109, 7181, 1, 4014876, 4014878, 4014879, 4014883, 231, 4014885, 4014882, 236, 4999, 5000, 6129, 7189, 1150004, 7190, 4990, 7191, 6151, 7192, 1120172, 5004, 1120084, 1120085, 5001, 1120213, 1120083, 1120245, 1120097, 1120050, 1120096, 1120235, 1120095, 3914, 1120275, 4016834, 1120298, 3906, 1120123, 3907, 1110271, 3908, 3909, 3910, 1110110, 1110382, 4010961, 1040165, 6051, 1040499, 6052, 1040194, 6047, 1040299, 6048, 1040068, 6049, 4513, 3862, 1040228, 4015991, 4015993, 4015992, 1050293, 3863, 4017425, 4017428, 1050345, 3866, 1050089, 3867, 6518, 1050421, 7626, 1050422, 1050078, 1050007, 1624976, 1624759, 4002551, 1050462, 1050468, 4002550]",13614,Exercise
16822,"[4002904, 1260954, 1261037, 4008725, 4002907, 1260653, 1261042, 1624140, 1624141, 1260955, 1260098, 1261034, 1261221, 1260891, 1260958, 4873, 1260946, 4872, 1260036, 1260593, 1260037, 1250002, 4141, 4866, 6992, 1250086, 6991, 4465, 4880, 1624406, 4879, 1250138, 4878, 1624383, 1250424, 1250248, 1250247, 1250246, 1250404, 1250245, 1250244, 1250303, 1250300, 1250304, 1250338, 1250337, 1250380, 1250381, 1250382, 1250077, 1250383, 1250068, 1250364, 1250276, 1250053, 5333, 1250021, 1250022, 1250166, 1250023, 1240240, 1240241, 7941, 1240396, 7940, 7965, 1240036, 1240094, 7938, 1240106, 7937, 1240231, 7936, 1240434, 1240326, 7934, 6115, 6116, 6117, 6118, 6119, 1240158, 5324, 1240102, 5325, 1240301, 5326, 1230405, 7182, 1230008, 7183, 7184, 7185, 1230435, 1230036, 1230037, 4243, 7181, 1, 4014878, 4014879, 231, 4014883, 4014882, 236, 4999, 1150199, 1150200, 1150191, 1150201, 6130, 6139, 6131, 1150172, 6132, 1150091, 6133, 6134, 6125, 4016729, 1150011, 1150012, 1150185, 1160014, 1160015, 5329, 1160016, 1160017, 1160018, 1160206, 4220, 4221, 4222, 2617, 4223, 1160255, 4224, 1160355, 4225, 1160470, 4226, 4227, 4228, 4229, 2274, 4230, 4231, 4232, 1170181, 1090034, 1090350, 1090010, 1090352, 1090128, 1090353, 1090157, 1090159]",10068,Domicile-travail
1684,"[1020, 1220360, 1220213, 4840, 1220155, 4838, 1220305, 4837, 1220316, 4836, 1220340, 4835, 1220011, 1220363, 1220367, 1220062, 1221004, 1221003, 4014906, 4014907, 4014911, 4014910, 4011698, 5253, 4011930, 5252, 7850, 4012069, 7851, 7852, 5254, 4008551, 1380084, 6956, 1380786, 1381402, 5052, 5053, 1380356, 4843, 4846, 4017450, 4017760, 4017761, 4861, 5256, 1381115, 5255, 1381633, 4014669, 1381439, 4014012, 1381142, 4014671, 1381438, 4016645, 1380345, 6957, 6965, 4017731, 6964, 1625247, 6963, 1380408, 6962, 1380411, 6969, 6961, 6979, 6978, 1381654, 1380272, 1380273, 1380274, 1381174, 1380275, 1381428, 1380277, 1380278, 1381644, 1380279, 1381643, 5057, 4590, 1370634, 4591, 1370859, 4592, 4593, 4014974, 243, 4014975, 667, 669, 4014973, 246, 1296, 4014696, 245, 4014698, 668, 936, 241, 1313, 933, 663, 4015723, 237, 934, 1043, 227, 656, 226, 928, 1042, 224, 4015717, 654, 849, 223, 653, 917, 222, 652, 221, 4015718, 220, 926, 219, 649, 1371115, 4010436, 4010438, 4013035, 1324, 925, 1331, 4012557, 4012556, 217, 646, 4007748, 4007751, 216, 1350614, 1350613, 645, 215, 644, 214, 1350637, 638, 1350033, 207, 763, 1350606, 1350605, 4015720, 4015721, 637, 4004897, 206, 205, 636, 921, 204, 635, 920, 203, 1604513, 634, 1129, 1021, 200, 501, 52, 868, 5697, 7650, 1513, 4001099, 1165, 4001095, 51, 4014291, 500, 4014295, 50, 1272, 49, 499, 48, 867, 545, 4013990, 546, 4013986, 1511, 98, 4015893, 1255, 1254]",19870,Sport
16842,"[1380441, 1381220, 1381221, 1381217, 1380084, 1380495, 1381065, 1381631, 1380496, 4008551, 5254, 7852, 7851, 7850, 5252, 5253, 4011697, 4011698, 1381442, 1380879, 1220365, 1221003, 4014906, 4014904, 1221004, 1220062, 1220367, 3784, 3783, 1220267, 4017379, 1250298, 1250063, 1250297, 1250097, 1250296, 1250295, 1250109, 1250294, 1250018, 1250017, 1250215, 1250019, 1250070, 1250020, 5333, 1250021, 1250053, 1250276, 1625078, 5332, 1625079, 5337, 5018, 5019, 1240251, 5017, 6167, 6169, 1240438, 1240437, 1240335, 6168, 7197, 5021, 1240123, 5022, 1240378, 5023, 7949, 5024, 6180, 4012171, 4014490, 4014487, 4014489, 1312, 4014552, 4014551, 4014550, 4014549, 1090, 1140183, 1325, 1880, 1140029, 1140406, 1140032, 1140169, 1140033, 1140235, 1140391]",6444,Domicile-travail
16857,"[1360437, 1360416, 1360415, 1600677, 1360414, 1600679, 1360413, 1600681, 1600410, 1600413, 1360411, 1360410, 4012964, 4017284, 4017288, 4015752, 4015268, 4016691, 4017369, 4017370, 1600910, 1600894, 1600952, 1600950, 1600909, 1600956, 1600959, 1600946, 4011537, 4007301, 4011570, 4008737, 4008735, 1260912]",1830,other
1686,"[1254, 547, 1255, 1605246, 4007239, 4015893, 98, 1605242, 1511, 4013986, 4013988, 4013990, 4013989, 4001774, 545, 4001772, 1605550, 1605589, 1605551, 1605552, 1605553, 4012094, 4014544, 4014545, 4014546, 4014547, 50, 4014290, 4014295, 4014288, 4008834, 4001092, 4002669, 4001098, 1605855, 4001097, 4001099, 1513, 7650, 868, 4006621, 52, 501, 200, 1021, 1129, 634, 203, 920, 1091, 635, 921, 636, 205, 4015721, 206, 922, 1280, 207, 6669, 4015775, 1350033, 4015776, 1350637, 4015774, 1350609, 1350611, 215, 1350613, 1350614, 216, 4007751, 4007748, 217, 4012556, 4012557, 4013867, 4013034, 1324, 4013035, 4010437, 4010438, 4010436, 649, 1371115, 1371114]",10363,Exercise
16862,"[1381253, 1380783, 1381397, 4002952, 1380784, 1381252, 1381398, 1380852, 1381399, 1380785, 1381012, 1381400, 1381401, 1381402, 5052, 5053, 1380356, 4843, 4846, 4854, 4017450, 4017760, 4017761, 4861, 5256, 1381115, 5255, 1381633, 1381439, 4014012, 4014670, 4014671, 1381142, 1381438, 1380345, 5934, 6957, 6965, 1625247, 1624098, 1624100, 1624103, 4007318, 1380217, 1380218, 1380219, 1381437, 1625251, 1380220, 1381643, 5057, 4590, 4591, 4592, 4593, 4014974, 243, 667, 3803, 5346, 1370518, 5343, 4014692, 4014693, 4014697, 4014699, 4014691, 4014690, 1370138, 1625781, 1174, 1370834]",3581,Commute
169,"[1230304, 1230075, 1230303, 1230377, 1230472, 1625581, 1230471, 1230167, 1230470, 1625598, 1230469, 1230468, 1230467, 6108, 6111, 6110, 1230416, 6109, 7181, 1230462, 1230461, 1624685, 1230460, 1230398, 4017430, 4017429, 1230454, 1230453, 1230448, 1240043, 1240042, 1240161, 1240135, 1240136, 1240376]",1972,Sport
1690,"[4009484, 1443, 4007407, 1261136, 1260253, 3748, 4007421, 1441, 1439, 1440, 5016, 5030, 5015, 5018, 1250174, 1240251]",1388,Commute
16902,"[1390331, 1390332, 1390260, 1390333, 6940, 1390334, 4016738, 1390335, 1390170, 1390171, 1390314, 1390316, 1390609, 1390220, 1390610, 5509, 4818, 1390612, 4819, 1624886, 1624884, 1390292]",1150,other
16935,"[1381386, 1381094, 1381093, 6978, 1381654, 1380272, 1380273, 1380274, 1380275, 1381428, 1380277, 1380278, 1381644, 1380279, 1381643, 5057, 4590, 4591, 4011484, 4593, 4014974, 4014975, 667, 3803, 5346, 1370518, 5343, 4014692, 4014693, 4014691, 4014690, 1370138, 1625781, 1370995, 1174, 1326, 935, 240, 4015723, 665, 931, 239, 4017416, 664, 4017837, 4017835, 238, 4017833, 657, 929, 225, 655, 1042, 224, 4015717, 654, 4015716, 849, 223, 653, 222, 652, 221, 4015718, 220, 926, 648, 219, 649, 4014213, 4014216, 1324, 925, 213, 643, 212, 5403, 1360391, 1622554, 5402, 1360167, 5401, 5718, 1360541, 5719, 5720, 5727, 5726, 1360294, 6275, 6274, 4013664, 4013665, 4013667, 5724, 5728, 5729, 1360468, 4004255, 4017690, 4017692, 4017691, 4015218, 4015219, 4015217, 1600869, 1600868, 7244, 7247, 7248, 1604276, 7245, 4013437, 4013735, 5073, 1330249, 1330250, 1330473, 1330590, 1330083, 1330329, 1330375, 1330330, 1330042, 1600607, 1330187, 1310224, 4015348, 4015324, 4015326, 4015351, 1624410, 1624411, 1624412, 1310064, 1310228, 1310133, 1310153, 4613, 6650, 6651, 3936, 3938, 3939]",10352,Aller au travail
16952,"[1381238, 4007307, 4008405, 1380814, 1260066, 1260646, 1260774, 1260647, 1260561, 1261033, 1260650, 1260944, 1260652, 1624139, 4002906, 1261042, 1260653, 1624142, 4008727, 4008726, 1260447, 1260656, 1260658]",1172,Autres motifs
1696,"[7197, 5027, 6168, 6120, 1240346, 1240123, 1240348, 1240349, 1240350, 1240351, 1240353, 1240354, 4014490, 4014488, 5661, 4016042, 4016043, 4016040, 234, 4016041, 4012173, 1667, 5660, 5632, 5633, 4015040, 5634, 5635, 5636, 5637]",1805,Social
1697,"[5572, 1031126, 5574, 1030257, 5573, 5571, 6528, 6527, 6526, 1030585, 6525, 1030540, 1030206, 1209, 7115, 1030194, 7116, 1030499, 6515, 1050396, 6516, 4016009, 4016010, 1624760, 1558, 4016008, 4014011, 6513, 6514, 7113, 7114, 1676, 1675, 4933, 4921, 4922, 4923, 4924, 4925, 5055, 5056, 1050434, 4931, 4926, 4927, 4928, 4929, 4930, 4015998, 4015999, 4015997, 1060245, 5547, 5548, 5549, 5550, 5551, 5552, 5553, 5544, 4012792, 4012793, 5554, 5300, 1060416, 5302, 1060139, 1060417, 5301, 1060299, 5299, 1060085, 5296, 1060340, 5298, 1060359, 5297, 1060270, 4016548, 4016549, 4015741, 4015740, 1070055, 4920, 1166, 1328, 717, 960, 718, 307, 719, 308, 1048, 1625782, 1625783, 1625225, 1070202, 1070171, 1070170, 1608864, 1070169, 4007520, 1090209, 1091100, 1090136, 1090269, 1090195, 1100361, 1090194, 1090193, 1100120, 1100088, 1100119, 1100235, 1100118, 1100117, 1100095, 1100116, 1100212, 1100177, 1100176, 1100175, 1100048, 1100011, 1160137, 4988, 5329, 1160016, 5328, 6137, 5327, 1160380, 6122, 1160101, 6123, 6124, 821, 1160157, 1160362, 231, 4014881, 4014883, 4014885, 4014884, 1140089, 1140088, 232, 4014895, 4014897, 660, 4008174, 4008173, 1140425, 4014887, 4014889, 1140426, 1140086, 233, 4014424, 4014422, 661, 234, 1325, 4014550, 1880, 1140029, 1140406, 1140032, 1140169, 1140390, 1140387, 1140386, 1140407, 1140408, 1140242, 1140245, 1140246, 1140247, 4015019, 1120197, 4007018, 1120201, 1120099, 1120301, 1130269, 1110291, 1110289, 1110183, 1110246, 1110184, 1110185, 4003257, 1110247, 1110248, 1110296, 1110297, 1110298, 4009765, 4015464, 4015459, 4015460, 4015466, 4015472, 4015469, 4015463, 4015457, 4015458, 1030385, 1030386, 1030018, 1030387, 1030046, 1623807, 1030349, 4015545, 4015544, 4015543, 1030352, 1030403, 1030402, 1030401, 4017443, 4007886, 4007885, 7900, 1030180, 1030554]",22218,Sport
1698,"[4008462, 1520, 4008723, 4017753, 4017751, 4017752, 4007320, 7642, 1016, 4014731, 1183, 4014700, 1380033, 4014730, 6, 1370090, 460, 4014696, 459, 4014695, 4014698, 5, 668, 245, 913, 1296, 669, 4014975, 246, 4014973, 667, 4014974, 4593, 4592, 1370859, 4591, 1370634, 4590, 1370997, 5057, 1380532, 1380279, 1381437, 1380219, 1625250, 1380218, 1381385, 1380217, 6979, 6961, 1625248, 1624105, 1624103, 6964, 1625247, 6965, 1380115, 1380345, 6957, 1381438, 4014671, 4014670, 4014669, 1381439, 1381633, 5255, 1381115, 5256, 4861, 4017761, 4017760, 4017450, 4854, 4846, 4843, 1380356, 1380069, 5053, 5052, 1381402, 1380786, 6956, 1381217, 1380084, 4839, 5254, 7852, 7851, 7850, 4008500, 5252, 4011697, 1381442, 4014910, 4014908, 4014911, 4014909, 1380879, 4014907, 4014906, 1221003, 1220125, 1221004, 1220367, 1220363]",6860,Autre
16988,"[4002494, 1030497, 1030249, 1030597, 4002493, 1030248, 4002492, 1030247, 1030244, 1030246, 4002486, 1030252, 4002485, 1030253, 1030254, 1030255, 1030256, 1030257, 1030258, 1030284, 1030259, 1030260, 1030261, 4002476, 1030262, 4002475, 4008668, 1030361, 1030426, 1030360, 1030189, 4011842, 1030357, 1030356, 1030380, 1030355, 4017913, 4017912, 1030353, 1030619, 1030478, 4008510, 1030352, 1030405, 4015543, 4015544, 4015545, 1030349, 4006714, 4006715, 4006713, 4006716, 4002507, 1624973, 1624974, 4010731, 4010729, 1624823, 1624829, 1625573, 1625572, 1020915, 4015525, 4015526, 4016721, 4015528, 4015527, 1020632, 1020913, 1020786, 4008661, 1020912, 1021194, 1021151, 1020076, 1021224, 1020463, 4006548, 4013130, 4006549, 1020520, 1624817, 1020910, 1625614, 1020714, 1020909, 4002436, 1020383, 1021216, 1020908, 1021150, 1021167, 6366, 1021165, 1020901, 1021162, 1021160, 1021159, 1021157, 4002459, 1021233, 4002460, 1020900, 1020355, 1020356, 6543, 7131, 7120, 1021127, 7121, 1020875, 7122, 1020362, 4015737, 4016825, 4015739, 4010889, 4015738, 7125, 7127, 1011047, 1010234, 7128, 1011048, 7129, 7130, 1576, 1010238, 1624782, 1010239, 1845, 1624781, 1010241, 1010243, 1624777, 1010244, 1010635, 1010245, 1010304, 1010246, 1010247, 1010603, 1010248, 1010249, 1010406, 1010250, 1010251, 1010420, 4013948, 4013951, 1010711, 1010253, 1010150, 1010254, 1010255, 1010256, 4002614, 1010258, 366, 1010261, 1010533, 1010263, 1010342, 1010264, 1010063, 1010265, 1010660, 1010266, 1010009, 1010268, 7358, 1010270, 1010271, 1010272, 1010273, 4017014, 4017013, 129, 7359, 1010280, 1010281, 1010282, 1010283, 4017848, 1010612, 4016006, 4016007, 1610882, 1609543, 957, 294, 704, 4014311, 4014310, 4011153, 4017849, 4011159, 4011164, 4014309, 1609557, 7363, 948, 7365, 7366, 7367, 7368, 4004605, 7370, 4004455, 1609572, 4004856, 7371, 7364, 4012207, 1609599, 1609622, 4009252, 4009253, 4009251, 4012924, 4012923, 4004340, 4004339, 1609646, 4013200, 4013199, 1623545, 1622207, 1622212, 1622217, 1622214, 1622218, 1622216, 1622224, 4013144, 4013146, 4013501, 4013143, 4013141, 1622270, 4013148, 692, 4013147, 1621918, 4006025, 4006024, 4004361, 4013155, 4013164, 4013165, 4013160, 1608989, 4014321, 4014323, 4015861, 4015865, 4015868, 4015871, 4014322, 1608991, 4017715, 4017714, 4017713, 4007009, 4007016, 4007007, 4007017, 4007011, 4007010, 4007006, 4010287, 4010286, 4004322, 4002017, 4010125, 6447, 6448, 6443, 6445, 6442, 6446, 6440, 6441, 6775, 6774, 6773, 6437, 1608902, 1608887, 1608888]",23611,Sport
1699,"[4002984, 1220367, 1220062, 1221004, 4014906, 4014904, 1220005, 1380880, 1381441, 1381070, 1380765, 1380639, 4011930, 5252, 4012068, 4012065, 7852, 4008551, 1380495, 1380084, 1381220, 6956, 1380790, 5533, 5052, 5054, 1380357, 4843, 4008383, 4846, 4017450, 4854, 4017760, 4017761, 4861, 5256, 1381115, 5255, 1381633, 4014669, 4014670, 4014012, 4014671, 4016645, 5934, 6957, 4007729, 1625247, 1624098, 1624100, 1624103, 4007318, 1380217, 1380218, 4017749, 1380219, 1625251, 1380220, 5057, 4590, 4591, 4592, 4593, 243, 667, 3803, 5346, 5343, 4014692, 4014693, 4014697, 4014691, 4014690, 1625781, 1370995, 1174, 1326, 666, 4012048, 4015723, 935, 240, 933, 663, 242, 237, 662, 934, 1043, 227, 656, 1625745, 4015716, 223, 653, 222, 652, 927, 221, 651, 220, 650, 926, 219, 649, 4014213, 4014216, 1324, 1331, 647, 217, 4007748, 4007751, 646, 216, 645, 215, 644, 214, 638, 1350033, 207, 1280, 922, 206, 637, 205, 636, 921, 204, 635, 920, 203, 1604513, 634, 202, 1129, 1021, 200, 501, 868, 7650, 1513, 1165, 1302, 4001097, 4001096, 51, 4014294, 500, 50, 1272, 49, 499, 48, 867, 545, 4013990, 4013986, 1511, 98, 1605242, 1256, 1257, 4395, 5410, 97, 548, 5411, 5409, 4014280, 4014282, 4014281, 5405, 5406, 4014286, 4014287, 4009405, 4014285, 4014284, 4009404, 4014283, 5408, 96, 544, 1632, 1320, 870, 4008966, 95, 871, 543, 4008967, 94, 1606353, 542, 93, 541, 1606360, 92, 540, 1606362, 1606363, 91, 1606552, 539, 1606553, 1418, 1420, 1419, 1421, 1422, 1606572, 1427, 1423, 1426, 881, 90, 538, 89, 537, 1601836, 4008809, 4008808, 4008807, 87, 1601785, 1601735, 86, 535, 85, 1601712, 1601711, 534, 84, 1601710, 1601709, 533, 1601708, 1601707, 879, 1164, 1116, 1329, 1868, 1876, 1135, 530, 1875, 1274, 1873, 1874, 1869, 82, 878, 81, 529, 80, 528, 79, 1285, 4007127, 4007124, 4282, 4011766, 5089, 4015027, 4006107, 4016114, 4016119, 4016105, 4017325, 4017326, 4017324, 5086, 1370118, 5085, 1370186, 5088, 5084, 1370610, 5087, 7265, 4622, 1371220, 1600508, 4621, 4619, 4618, 1600444, 4617, 1371145, 4616, 4015765, 4015768, 4015769, 4015767, 6658, 6657, 7263, 1370580, 7259, 1370169, 7260, 1370920, 7261, 1600241, 7262, 1313, 241, 936, 5, 668, 245, 4014698, 4014696, 1296, 4014975, 669, 246, 4014973, 4014974, 1370634, 1380279, 1381644, 1381437, 1625250, 1381385, 1624105, 6965, 1380345, 1381438, 1381142, 1381439, 1380356, 5053, 1381402, 1380786, 1381217, 4839, 5254, 7851, 7850, 5253, 4011697, 1381442, 4014910, 4014908, 4014909, 4014905, 1220363]",37569,Sport
1700,"[1254, 547, 1255, 1605246, 4007239, 4015893, 98, 1605242, 1511, 4013986, 4015426, 546, 4013988, 4013990, 4013989, 4001774, 4001773, 545, 867, 1605551, 1605552, 48, 499, 49, 1272, 4014546, 4014547, 50, 500, 51, 4014288, 4008834, 4001092, 4001096, 4002669, 4001098, 1605855, 4001097, 4001099, 5697, 7650, 4006621, 868, 52, 501, 200, 1021, 1129, 634, 203, 1604513, 920, 1340373, 4014927, 4016757, 1340643, 204, 921, 636, 205, 637, 4015721, 206, 922, 639, 4017116, 208, 4015771, 4007663, 4015773, 4015772, 923, 209, 640, 210, 641, 4007751, 4007748, 924, 642, 212, 5403, 4004555, 4004570, 643, 213, 925, 1324, 4010436, 1371115, 1371114, 648, 7903, 850, 4006067, 4006068, 4006896, 1360632, 1360272, 1624990, 1360271, 1360097, 1360269, 1360268, 1361033, 1360186, 1360267, 1360614, 1370790, 1370154, 1370789, 1370788, 1370966, 1370787, 1371089, 1370785, 1370784, 1370598, 1370783, 1370782, 1371160, 1370781, 1370678, 1370780, 1370779, 1370778, 4006455, 1370777, 4017685, 4017684, 4017686, 4017357, 1370096, 4007667, 1371062, 1370839, 1371014, 1260539, 1614651, 4007305, 4017680, 1260540, 4017681, 4017682, 1261049, 1260658, 1260543, 1260208, 1260546, 1260547, 1260548, 1260549, 4460, 1260472, 4459, 1260449, 4463, 4464, 1260463, 4462, 1260958, 4873, 1260946, 4872, 1260035, 4871, 1260123, 4870, 1260069, 4875, 1260070, 1380750, 1624134, 1380748, 4124, 1381630, 1380657, 1381105, 1380625, 1380626, 1380629, 1380632, 1380633, 1380634, 1380635, 4008499, 1380636, 4008500, 4011697, 4011698, 4011932, 4011930, 5253, 4012064, 4014908, 4014909, 4014905, 4014904, 4002984, 1220011, 1220363, 4835, 1220340, 4836, 4837, 4838, 4840, 1220213, 1020, 1221000, 1220360, 4002980, 1220359, 4002981, 1220358, 4002982, 1220357, 244, 5243, 1220036, 4826, 5512, 4827, 1220115, 4822, 1220097, 4824, 1220090, 1220046, 1220091, 1220076, 1220092, 1220141, 1220093, 1220122, 1220094, 1220354, 1221010, 1230349, 1230350, 1230369, 1210250, 1210147, 1230370, 1230371, 4535, 1230372, 1210350, 1230504, 1230373, 1230267, 1230073, 1230268, 4238, 1230074, 1230304]",20292,Sport
17003,"[1030060, 5562, 1030539, 5564, 1030584, 1030418, 1030160, 1030605, 5572, 5565, 5566, 1030159, 1030583, 1030538]",1330,Travail
1701,"[1260037, 4871, 1260035, 1260036, 1260592, 1260729, 1260728, 1250002, 4140, 1250085, 4139, 4456, 4880, 4465, 1250451, 1442, 4007413, 4017673, 1441, 1443, 4007403, 4007399, 1261136, 1260253, 3748, 1439, 1440, 439, 7819, 1240252, 5031, 1240251, 5017, 5029, 829, 1240254, 1240190, 1240255, 1240263, 1240256, 1240174, 1240257, 1240076, 1261200, 1261207, 1604152, 1604151, 1604149, 1604141, 1604142, 1604102, 1604103, 1604104, 1604131, 1604056, 4000955, 4000961, 1604054, 4009016, 1604065, 1604060, 1604061, 1604177, 1625096, 1625085, 4016918, 3921, 5036, 5037, 1270295, 1600059, 1600058, 1600052, 1270319, 1600051, 1600056, 1600050, 1600054, 1600049, 1600048, 1280083]",6519,Domicile-travail
1703,"[1260206, 4603, 1260494, 1260493, 1260665, 1261054, 1260492, 1260298, 4016494, 4016495, 4016493, 1370729, 4007667, 1371554, 1370096, 1371446, 1370098, 1371553, 1370725, 1371065, 4006455, 4017145, 4017358, 4017686, 4017685, 1370777, 1370837, 1371242, 1370836, 1370835, 1371195, 1370982, 1370981, 1370994, 1370993, 4010457, 4010458, 4015726, 4015727, 4015730, 4015729, 4014699, 4008487, 4008488, 4014697, 1371189, 1370856, 1371188, 1370859, 1371187, 1370860, 1370857, 1370804, 4017877, 1370861, 1371232, 1371233, 1371234, 1370522, 4008481, 4009569, 1371545, 1371237, 1371238, 1370621, 1371239, 1371240, 1371243, 1371244, 1370755, 1371245, 1370533, 1371247, 1370722, 1371248, 1371249, 1370597, 4017821, 4017822, 1789, 1370930, 1371251, 1371088, 1371252, 1370965, 1371253, 1370213, 1371254, 1370153, 1370154, 1370618, 1370964, 1370109, 4015717, 224, 654, 849, 1042, 928, 226, 656, 1625745, 227, 1043, 7262, 934, 662, 237, 663, 4015723, 933, 242, 1313, 241, 936, 668, 245, 4014698, 913, 4014696, 1296, 4014973, 4014975, 669, 4014974, 4593, 4011484, 4592, 4591, 4590, 1370997, 5057, 1380220, 1381643, 1380279, 1381644, 1381437, 1625251, 1380219, 4017749, 1380218, 1380217, 4007318, 4007317, 1624099, 4007729, 1624098, 1625247, 6965, 6957, 1380345, 1381438, 4014671, 4014670, 4014012, 4014673, 4007361, 4014084, 4017820, 1380594, 4017449, 1380596, 4007674, 4013754, 4013755, 1380685, 1390735, 1380603, 1390433, 1381601, 1390658, 1380683, 1380684, 1381608, 6955, 1390038, 4842, 5933, 6948, 5932, 914, 4017100, 1390717, 1391013, 6016, 1390716, 4007893, 1390521, 1187, 430, 1624148, 196, 4008472, 916, 629, 195, 628, 1390300, 1311, 1390207, 912, 431, 192, 624, 191, 4006876, 4009772, 1292, 1410043, 149, 906, 595, 1624254, 1410483, 1410301, 1410700, 4009778, 150, 907, 1410645, 1410314, 1410085, 1410568, 1410086, 1400047, 1400048, 1400360]",15810,Domicile-travail
1705,"[6924, 4790, 1400006, 7619, 1410561, 4788, 595, 1410301, 1410242, 1625407, 1410483, 149, 1292, 1410043, 4009773, 4006876, 624, 192, 912, 627, 1390207, 1311, 1390446, 628, 195, 629, 916, 4008472, 196, 430, 1187, 4009294, 1390727, 4007893, 1625386, 1625387, 5932, 4017100, 6948, 5933, 1390594, 4842, 6955, 1390038, 6954, 1381604, 1381603, 6953, 1381430, 6952, 1380806, 4002966, 1380805, 1380804, 1380803, 1380802, 1380669, 1380801, 1381320, 1380800, 4002961, 1380799, 4002960, 1380798, 4002959, 1380797, 4002958, 1380796, 4002957, 1380794, 1380793, 1380792, 4002956, 1380791, 1380790, 6956, 1380786, 1381402, 5052, 5053, 1380356, 4843, 4846, 4854, 4017450, 4017761, 4861, 5256, 5255, 1381633, 1381439, 4014669, 4014670, 4014671, 4016645, 1380345, 6957, 6965, 4017731, 6964, 6963, 1380408, 6962, 6969, 6961, 6979, 6978, 1381654, 1380272, 1380273, 1380274, 1380843, 1380275, 1380277, 1380278, 1380279, 1380532, 5057, 1370997, 4590, 4591, 1370859, 4592, 4593, 4014974, 4014975, 669, 4014973, 246, 1296, 245, 4014696, 4014698, 668, 936, 241, 1313, 933, 663, 4015723, 237, 934, 1043, 227, 656, 226, 1625745, 4015716, 223, 653, 222, 652, 927, 221, 4015718, 220, 926, 219, 649, 4014213, 4014216, 1324, 4010436, 4010438, 4013035, 925, 1331, 4012557, 4012556, 647, 217, 646, 4007748, 4007751, 216, 645, 215, 644, 214, 1350637, 638, 1350033, 207, 4015775, 1280, 639, 922, 206, 637, 4015721, 205, 636]",13842,Sport
1716,"[1250002, 4866, 4140, 1250085, 4139, 4490, 4456, 6988, 1250218, 6986, 1250134, 4879, 1250138, 4878, 1624383, 4869, 4012232, 4868, 1250035, 4867, 1250375, 1250092, 1250376, 1250377, 1250235, 1250361, 1250236, 1250049, 1250237, 1250017, 1250238, 1250109, 1250239, 7981, 1250240, 1250097, 1250241, 1250062, 1250242, 3784, 3783, 1220267, 1220254, 1220268, 1220013, 1220269, 1220057, 1220270, 1220342, 1220189, 1220343, 1220344, 1220083, 1220321, 1220084, 1220310, 1220085, 1220161, 1220086, 1220154, 1220087, 1220218, 4002982, 244]",2821,Social
17190,"[1030060, 1030175, 1030538, 1030176, 1030583, 1030177, 1030159, 1030178, 1030376, 1030179, 1030554, 1030180, 1030181, 1030282, 1030182, 1030183, 1030565, 1030184, 1030185, 1030543, 1030186, 1030187, 1030273, 1030188, 4011841, 1030542, 1030564, 1030281, 7900, 1030375, 1030158, 1030059]",1832,Travail
1722,"[1260100, 1260462, 1614641, 1260894, 1625389, 1614642, 4463, 1614644, 4462, 4457, 4873, 1260947, 4872, 1260036, 4871, 1260123, 4870, 1260069, 4875, 1260070, 1380750, 4876, 1380423, 4127, 1624134, 1380748, 4124, 1381630, 1380201, 1380657, 1380625, 1380626, 1380629, 1380632, 1380633, 1380634, 1380635, 4008499, 1380636, 4008500, 4011697, 4011698, 4011932, 4012064, 4014908, 4014909, 4014905, 4014904, 1220005, 4002984, 1220363, 1220011, 4835, 1220340, 4836, 4837, 4838, 4840, 1220213, 4917, 1020, 1221000, 937, 1220360, 4002980, 1220359, 4002981, 1220358, 4002982, 1220357, 244, 5243, 1220036, 1220042, 4830, 1220138, 5931, 1230344, 6098, 1230189, 6102, 4542, 4987, 7180, 6108, 6111, 6110, 6109, 7181, 1, 4014876, 4014878, 4014879, 4014883, 231, 4014882, 236, 4999, 5000, 5642, 7189, 1140025, 7190, 1140382, 7191, 4990, 1150101, 4991, 6140, 4992, 4993, 4994, 1150158, 1150135]",7851,Domicile-travail
1723,"[4002982, 1220217, 1220216, 1220275, 1220002, 1220214, 1220031, 1220213, 4840, 1220155, 4838, 1220304, 4837, 1220316, 4836, 1220340, 4835, 1220005, 4014906, 1221004, 1221003, 1220365, 4014907, 1380879, 4014911, 4014909, 4014908, 1381441, 4014910, 4011698, 5253, 5252, 7850, 7851, 7852, 5254, 4839, 1380084, 1381217, 6956, 1380786, 1381402, 5052, 5053, 1380356, 4843, 4846, 4854, 4017450, 4017760, 4017761, 4861, 5256, 1381115, 5255, 4014669, 4014670, 4014012, 4014671, 1381438, 1380345, 5934, 6957, 6965, 1625247, 4017731, 6964, 6963, 6962, 1380411, 6969, 1625248, 6961, 1381055, 6979, 1381090, 6978, 1381093, 1380272, 1380273, 1380274, 1380275, 1381428, 1380277, 1380278, 1381644, 1380279, 1381643, 5057, 4590, 4591, 4592, 4593, 4014974, 243, 4014975, 669, 4014973, 246, 1296, 913, 4014696, 4014698, 668, 936, 241, 1313, 933, 663, 4015723, 237, 934, 1043, 7262, 1600241, 7261, 1370919, 7260, 7259, 6209, 1370935, 6210, 1370986, 4010738]",7045,Social
17258,"[1390331, 1390332, 1390333, 6941, 1390334, 1390335, 1390170, 1390171, 1390314, 1390609, 1390219, 1390610, 5508, 4818, 1390250, 1390612, 1390020, 4819, 1624886, 1624884]",831,Aller au travail
17297,"[1160021, 2627, 2626, 4221, 1160311, 4220, 1160207, 4219, 1160292, 4218, 1160095, 6121, 5329, 4988, 1160127, 4989, 1160368, 4998, 1150168, 4997, 1150128, 4996, 4995, 1150158, 4994, 1150092, 4993, 1150174, 4992, 6140, 4991, 4990, 7191, 6151, 7192, 1120172, 5004, 1120085, 5001, 1120281, 5003, 5002, 843, 1014, 1625210, 4009753, 1110042, 1110277, 1110481, 1110276, 1110516, 1110275, 1110070, 1110274, 1110025, 1110273, 1110198, 1110272, 1110507, 1110271, 3907, 1110270, 1120009, 1110269, 1110034, 1110488, 1110268, 1883, 1110267, 5006, 1110266, 1110215, 1110265, 1110055, 1110264, 1110497, 1110263, 4009624, 1110596, 1110529]",4841,Commute
1730,"[1380056, 1380503, 1380565, 1380502, 1381360, 1380501, 1380014, 1380500, 1381182, 1380499, 1380498, 1380948, 1380497, 1380496, 1381065, 1380495, 1380084, 4839, 4841, 1381017, 1380711, 4844, 1380859, 4848, 4847, 1381039, 1381040, 1380625, 1381105, 1380657, 1380200, 1381630, 4124, 4127, 1380423, 1380750, 4875, 1260070, 1260590, 1260591, 1260124, 4871, 1260036, 1260593, 1260948, 1260730, 1250002, 1260728, 1260724, 1260125, 1250081, 4140, 1250085, 6991, 4465, 1250451, 1442, 4007414, 4007413, 4017673, 1441, 1443, 4007403, 1261136, 3748, 4007421, 1439, 4007420, 1625541, 1240255, 1240263, 1240024, 1240264, 4255, 5032, 1240176, 5033, 4256, 1604146, 4252, 1604147, 4253, 4009012, 4009013, 1604516, 4561, 4560, 1604091, 4563, 4564, 1604095, 4558, 4559, 4557, 4568, 4566, 4000944, 4565, 4567, 4007452, 4555, 1604065, 4562, 4552, 1604062, 4553, 4554, 1604064, 4556, 4569, 3919, 4009017, 3922, 4009021, 3923, 3920, 3921, 5036, 5037, 5035, 5040, 1600046, 5041, 4013767, 1600037, 5043, 1270228, 1270132, 1270109, 7210, 1270108, 1270107, 1270106, 1271110, 1270105, 1270104, 1270352, 1270246, 1270102, 1270301, 1453, 1270101, 1271104, 1270369, 1270361, 4002757, 1270370, 4002756, 1270372, 1270373, 4002754, 4004364, 4009273, 4017892, 1260183, 4017890, 1260162, 4007955, 4002752, 1261084, 4002751, 1260159, 4002750, 1260158, 1260157, 1623999, 1260155, 1260457, 1260076, 1260455, 4002749, 4013777, 4013778, 1260150, 4002748, 1260149, 1260234, 4002747, 1260233, 1625747, 1260232, 1260230, 1260229, 1260145, 1260228, 1260763, 1260227, 1260225, 1260509, 1260224, 1260504, 1260223, 1260222, 1260219, 1260558, 1625072, 1260467, 1624341, 1625070, 1260214, 1625069, 1260576, 1260965, 1260574, 4008367, 1250005, 1250253, 4009485, 4009487, 4009484, 4007412, 4007402, 1250248, 1250247, 1250246, 4247, 1250404, 1250094, 1250037, 1250093, 1250377, 1250235, 1250360, 1250236, 1250049, 1250237, 1250016, 1250238, 1250109, 1250239, 7981, 1250240, 1250097, 1250241, 1250242, 3784, 1220367, 4918, 1220062, 1221004, 4014906, 4014904, 1220005, 4014905, 1380879, 4014909, 4014908, 4014910, 4011932, 5253, 4012064, 1380639, 1380765, 1380640, 1381070, 1380641, 1381005, 1380642, 1380952, 1380831, 1380832, 1381185, 1380833, 1380016, 1380834, 1381361, 1380835, 1380567, 1380837, 1380057]",16195,Exercise
1732,"[934, 663, 4015723, 933, 1313, 241, 936, 668, 4014698, 245, 4014696, 1296, 669, 246, 4014973, 4014975, 667, 4014974, 243, 4593, 4592, 4591, 4590, 5057, 1381643, 1380279, 1381644, 1380278, 1380277, 1381428, 1380275, 1380274, 1380273, 1380272, 1381654, 6978, 6979, 6961, 1625248, 6962, 6963, 6964, 1625247, 6965, 6957, 5934, 4016645, 4014671, 4014670, 4014012, 4014669, 5255, 5256, 4017450, 4017761, 4854, 4846, 4843, 5054, 5052, 5533, 1380790, 6956, 1381220, 1380084, 1380495, 4008551, 5254, 7852, 7851, 7850, 5252, 4011930, 1380639, 4012064, 1381441, 4014908, 1380880, 1220005, 4835, 1220340, 4836, 1220316, 4837, 1220305, 4838, 1220155, 4840, 1220213, 1020, 1220360, 937, 1221000, 244, 4826, 4827, 1220115, 4822, 4824, 1220244, 1220145, 6484, 1220203, 6485, 6486, 6487, 5927, 5246, 1210216, 5928, 1210253, 5930, 1210378, 5929, 7652, 4532, 1210353, 1230507, 1230269]",8091,Social
1734,"[1371220, 4621, 1600508, 1370829, 7267, 7266, 7264, 4015762, 4015763, 1370749, 6208, 7268, 4623, 6213, 6212, 6211, 6210, 1370935, 6209, 1370580, 1370457, 1370167, 1600207, 1625106, 1625102, 1625101, 4015722, 4015723, 663, 240, 4012048, 4012049, 1625097, 1371265, 1371196, 1370834, 1371195, 1371194, 4015728, 4015730, 4015729, 4008487, 4008488, 4014697, 1371189, 1370857, 1371188, 1370860, 1371187, 1371186, 1370999, 1371185, 7224, 7225, 7226, 7227, 7228, 6974, 1380778, 6975, 1380613, 1380612, 1380301, 1380611, 1381166, 1380610, 1380609, 1381089, 1380608, 1381052, 1380607, 1380726, 1380606, 1380605, 1381096, 1380583, 1380584, 1380585, 1380586, 1380587, 1380588, 1380379, 1380589, 1380119, 1380590, 1381439, 4014012, 1380594, 4017449, 1380596, 4007674, 4013754, 4013755, 1390735, 1390734, 1080, 1390732, 1390436, 1390716, 1625386, 1773, 1188, 1390521, 1187, 430, 196, 629, 195, 628, 1311, 1390207, 912, 192, 624, 191, 1292, 149, 595, 1624254, 1410483, 4788, 907, 596, 151, 1410463, 152, 598, 153, 4009800, 4009905, 1410666, 154, 600, 155, 1625358, 601, 156, 579, 900, 1410379, 157, 602, 158, 603, 159, 604, 1625186, 4007365]",11264,Domicile-travail
1735,"[1400349, 1400164, 1400535, 1625347, 1400163, 1401005, 1410219, 1411111, 1410218, 1410560, 1410217, 1623993, 1410216, 1410700, 595, 1410301, 1410242, 1625407, 1410483, 1624254, 906, 149, 1410043, 191, 624, 192, 912, 431, 1390207, 1311, 1390300, 628, 195, 629, 916, 196, 4008472, 430, 1187, 1390521, 1188, 1773, 1625386, 1625387, 5932, 4017100, 914, 6948, 5933, 4834, 1390594, 4842, 6955, 1381608, 6954, 1381604, 1381603, 6953, 1381430, 6952, 5531, 5530, 5529, 1381412, 5528, 5526, 5525, 1381358, 5524, 1380012, 5523, 5522, 5521, 1380793, 1380792, 1380791, 1380790, 6958, 1380786, 1381402, 1380069, 1380356, 4843, 4846, 4854, 4017450, 4017760, 4017761, 4861, 5256, 1381115, 5255, 1381633, 1381439, 1381142, 1381438, 1380345, 6957, 1380115, 6965, 1380117, 6964, 1380527, 6963, 1380408, 1380411, 6969, 6961, 1381055, 6979, 1381090, 1381093, 1380272, 1381029, 1380273, 1381174, 1380274, 1380152, 1624274, 1624283, 1380845, 1381367, 1380151, 1380277, 1380747, 1380278, 1381159, 1381374, 1380279, 1380532, 5057, 1370997, 4590, 1370634, 4591, 1370859, 4592, 4011484, 4593, 4014974, 4014975, 669, 1296, 4014973, 4014972, 4014971, 4012770, 4014733, 4014732, 4014696, 6, 1183, 4014731, 4007319, 4007320, 1520, 4008462]",9089,Sport
1737,"[1390210, 1390679, 1390208, 1390207, 912, 627, 1311, 1390446, 4002977, 4009295, 195, 629, 196, 1187, 1390727, 4007893, 1773, 1625386, 1625387, 5932, 4017100, 914, 6948, 5933, 1390594, 4842, 6955, 1390038, 1381608, 1381604, 1381603, 1381430, 6952, 5531, 4012991, 5530, 5529, 1381412, 5528, 5526, 5525, 1381358, 5524, 1380012, 5523, 1380796, 1381180, 5522, 1380945, 5521, 1381063, 1380359, 1380358, 1380357, 4843, 4846, 4017450, 4017760, 4017761, 4861, 5256, 5255, 4014669, 4014670, 4014012, 4014671, 4016645, 5934, 6957, 6965, 4017731, 6964, 6963, 1380408, 6962, 6969, 6961, 6979, 6978, 1381654, 1380272, 1380273, 1380274, 1380275, 1381428, 1380277, 1380278, 1380279, 1380532, 5057, 1370997, 4590, 1370634, 4591, 1370859, 4592, 4011484, 4593, 1380285, 5346, 1370135]",4757,Domicile-travail
1738,"[1140287, 4008169, 4008168, 4008170, 4008174, 660, 232, 4014895, 467, 231, 4014881, 1045, 821, 6124, 6123, 1160102, 6122, 1160380, 5327, 1160069, 5328, 5329, 6121, 4218, 1160095, 1100011, 1100020]",3459,Autres
1739,"[1410611, 1410612, 4767, 4436, 4776, 1410594, 4775, 1410330, 4774, 1410534, 4773, 1410036, 1410276, 4770, 4771, 1410453, 4780, 814, 1410500, 4778, 4012484, 4012481, 4781, 4779, 5614, 5492, 4017904, 4015053, 4015051, 4015050, 842, 249, 1464, 670, 1383, 1180528, 5317, 1180242, 5314, 5311, 5312, 1180093, 5313, 1180025, 5315, 5316, 5310, 1180391, 1180392, 1180393, 1180063, 1180384, 1612565, 1612566, 1612567, 4010838, 4010839, 4017103, 4017102, 1611911, 1611902, 1611905, 1611904, 1611894, 1611896, 1611907, 1611901, 1611900, 1611923, 1611908, 1080192, 1611880, 1611854, 1611822, 1611846, 1611821, 1611845, 1611844, 1611843, 1611842, 1611840, 1611838, 1611837, 1611834, 1611870, 1611833]",8489,Commute
1740,"[1611134, 1611188, 7064, 7075, 7074, 1610820, 4182, 4183, 4184, 4185, 4186, 4187, 619, 1079, 183, 1610618, 7085, 7086, 7084, 4000938, 4000939, 1078, 1368, 184, 1610245, 1610483, 1610485, 4014633, 4014635, 1369, 4011427, 4014634, 4193, 1610180, 1610181, 4190, 1610183, 4191, 4188, 1610002, 4192, 6022, 1610013, 1610164, 1610012, 1610165, 1610011, 1610010, 1610159, 1610158, 1610162, 1610156, 4003368, 1609974, 1609996, 1609997, 1609998, 1609995, 1624752, 1609999, 1060119, 1060175, 1060117, 1060116, 1060115, 1060114, 1060326, 1060113, 1060399, 4003923, 1061002, 1060112, 1060160, 1060111, 1430, 5555, 5554, 4012793, 4012792, 4012791, 5544, 1060284, 5553, 5552, 5551, 7097, 5550, 5549, 5548, 5547, 1060245, 4015997, 4016001, 4016002, 4016004, 4016005, 4015999, 620, 4015998, 4930, 1050219, 4929, 4928, 1050112, 4927, 4926, 4931, 5056, 5055, 1050127, 4925, 4924, 4923, 4922, 4921, 4933, 188, 7098, 6036, 4007001, 1050455, 6037, 1050454, 6035, 6034, 1050099, 6038, 1050355, 6039, 1050384, 6040, 6041, 4934, 4936, 4935, 1180, 6625, 193, 626, 194, 1279, 1040562, 4951, 1040563, 1040200, 4204, 7118, 4010497, 6050, 4003281, 4959, 4013713, 5306, 1040375, 4518, 1110351, 7193, 1110406, 7194, 1110278, 7195, 7196, 1120061, 1625212, 1120281, 5001, 1120085, 5004, 1120171, 7192, 6151, 7191, 4990, 7190, 1150004, 7189, 5642, 1140297, 5641, 1140329]",13761,Domicile-travail
1742,"[1100176, 1100175, 1100048, 1100010, 1160137, 5329, 5328, 6137, 1160123, 6136, 6135, 6125, 6134, 6133, 1150090, 6132, 1150172, 6131, 1150191, 6130, 1150099, 6129, 5642, 5000, 5641, 5640, 1140109, 1140328, 4008177, 4008171, 4014896, 4014897, 4014903, 4014901, 4014900, 1624684, 1624685, 1624686, 1230461, 1230479, 1230478, 1625228, 1625229, 7184, 1230396, 1230395, 1230490, 1230394, 1230393, 1220248, 4009051, 1220346, 1220345, 1220344, 1220083, 1220343, 1220342, 1220270, 1220057, 1220269, 1220013, 1220363, 1220367, 1221004, 1221003, 1220365, 1380879, 1381442, 4011698, 4011697, 4008500, 1380636, 4008499, 1380635, 1380634, 1380633, 1380632, 1380629, 1380626, 1380625, 1380657, 1381630, 4124, 1380748, 1624134, 1380423, 1380750, 1260070, 4870, 1260123, 4871, 1260035, 4872, 1260946, 1260958, 1260890, 1260945, 1260097, 1260944, 1260943, 1624140, 1260653, 1261037]",8375,Domicile-travail
1743,"[4008462, 1520, 4017751, 4007319, 4007320, 4014731, 1183, 4014700, 1380033, 6, 4014732, 4014733, 4012770, 460, 4014698, 5, 668, 245, 913, 4014696, 1296, 669, 246, 4014973, 4014975, 667, 4014974, 243, 4593, 4592, 4591, 4590, 5057, 1381643, 1380279, 1381644, 1380278, 1380277, 1381428, 1380275, 1380274, 1380273, 1380272, 1381654, 6978, 6979, 6961, 1625248, 6969, 6962, 6963, 6964, 4017731, 6965, 6957, 1380345, 1381438, 4014671, 4014670, 1381142, 1381439, 1380119]",4896,Domicile-travail
1746,"[1600050, 1600051, 1600052, 1600058, 1600053, 1604165, 1604166, 1604173, 4009017, 3922, 3919, 4569, 4556, 1604064, 4554, 4553, 1604062, 4552, 4562, 1604065, 4555, 4007452, 4567, 4565, 1604025, 4000944, 4566, 4007455, 4568, 4557, 4559, 4558, 1604095, 4564, 4563, 4560, 4561, 1604516, 4253, 4252, 4256, 5033, 1240176, 5032, 1240264, 4255, 1240190, 4254, 6166, 7198, 5029, 1240252, 5031, 1250175, 5030, 5016, 4251, 3747, 4250, 4249, 4248, 4247, 1250246, 1250404, 4882, 4012232, 4016797, 6959, 4862, 1380905, 4126, 4125, 1380748, 4124, 4127, 1381196, 1381195, 1381238, 1381194, 1380813, 1381391, 1381192, 1380366, 1381190, 1380407, 1381188, 4856, 4008386, 4008385, 4017322, 4014937, 4014931, 4014938, 4135, 1380028, 4014943, 1380027, 1381076, 1381077, 1381052, 1381078, 1381089, 1381079, 1381166, 1381080, 1380301, 1381081, 6976, 4008392, 4138, 4137, 6982, 4004938]",6896,Domicile-travail
17464,"[1157, 1619862, 1619851, 4000064, 4000678, 1619855, 1619881, 1619882, 1619880, 7410, 7411, 1619885, 7412, 4012904, 4012905, 4012901, 4664, 1622318, 4665, 4010696, 1619928, 4667, 4668, 5207, 4355, 4356, 1619981, 1619980, 1163, 1619952, 1619965, 1619963, 1619967, 1619968, 1619975, 1619974, 1619976, 1620006, 1620081, 4010749, 1620602, 1620601, 5189, 5188, 1620084, 5193, 1623331, 5192, 1620010, 1154, 1162, 1619984, 1619985, 1619983, 1155, 1156, 1619996, 1619752, 1619750, 1158, 1619595, 1619613, 1619564, 1159, 4007387, 4009673, 4016999, 4017000, 4016998, 4011739, 4011742, 4011743, 4010593, 4010591, 4010592, 4006058, 4006061, 4006095, 4006094, 4008134, 4008429, 4006000, 4007858, 4008435, 4008438, 4011741, 4008430, 4011738, 4007386, 4000525]",14886,Sport
1747,"[1370920, 7261, 7262, 1043, 656, 1625745, 4015716, 223, 653, 222, 652, 221, 651, 220, 926, 648, 219, 649, 4014213, 4014216, 1324, 4010436, 4010438, 4013035, 925, 213, 643, 212, 4004555, 4004556, 5403, 1360391, 5402, 5401, 5718, 1360541, 5719, 5720, 5727, 5726, 1360294, 1360295, 6275, 6274, 1360003, 4013664, 4013666, 4013665, 4013667, 5724, 5728, 1361002, 5729, 1360468, 5732, 4004255, 4017690, 4017692, 4012962, 4017691, 4009554, 4016887, 4015218, 4015219, 4015217, 1600869, 1600868, 7244, 1604273, 7247, 1604274, 7248, 1604277, 7245, 1600834, 4013437, 1600832, 4013735, 1330047, 5073, 5074, 5077, 1330292, 1330325, 1330474, 1330328, 1330084, 1330329, 1330377]",6455,other
175,"[1260724, 4140, 1250085, 6992, 1250086, 4007411, 4009486, 4009484, 4007406, 4017673, 1443, 4007403, 4007404, 4007399, 1441, 1439, 4007420, 4009142, 4009143, 1260187, 1240257, 1240076, 1624236, 1604146, 1604148, 1604147, 1604150, 4009012, 4253, 4561, 4560, 1604091, 1604090, 1604123, 4551, 1604050, 4550, 7208, 1604039, 1604031, 1604040, 1604030, 1604029, 1240183, 1240383, 4013760, 4264, 6174, 1604036, 1604044, 6173, 1604046, 6171, 4007455, 4566, 4000944, 4565, 4567, 4007452, 4555, 1604065, 4562, 4552, 1604062, 4553, 4554, 1604064, 4556, 4569, 3919, 3922, 3923, 3920, 3921, 4016918, 1625085, 1604177, 1604061, 1604060, 4009016, 1604054, 4000961, 1604056, 1604104, 1604103, 1604102, 1604142, 1604149, 1604151, 1604152, 1261207, 1261205, 1623961, 1623906, 1260084, 1260086, 1260085, 4008378, 4008379, 4010951, 4017874, 4017875, 4017876, 4015657, 4015656, 5653, 1260183, 4017890, 7651, 1447, 1451, 4017873, 4017872, 1452, 1454, 4017891, 1270038, 1270040, 1270041, 1271104, 1270369, 1270101, 1270302, 1270102, 1624998, 1622579, 1622581, 4007296, 4007297, 4003158, 1622687, 1622695, 4017808, 4017805, 4017804, 4013767, 1600037, 5042, 5041, 5039, 5040, 1624231, 5035, 1270295, 5037, 5036, 1625096, 4000955, 1604141, 1604516, 1623907, 4015659, 4015658, 1453, 1622690, 4011600, 4009019, 4009021, 4009017, 1604154, 1604025, 1603994, 1603990, 1603963, 1603947, 1603897, 1603888, 1603881, 1603880, 1603877, 4013979, 4013978, 4015280, 4015274, 4015276, 4015278, 4007149, 4007151, 4007150, 1603840, 4004240, 1603838, 1603836, 1600349, 1600016, 1600014, 4009131, 4009127, 1600011, 1625471, 1280034, 1280035, 1603533, 1603509, 1603511, 4013300, 4013299, 4013298, 1603532, 1603526, 1603524, 5755, 1604395, 5749, 5750, 5754, 5751, 4008322, 1603752, 4001149, 4001148, 4013266, 4013267, 4013265, 6691, 6692, 6693, 6694, 6690, 1603674, 6689, 6688, 1603190, 6687, 6686, 6685, 4000544, 4000504, 1603162, 1607615, 4017703, 4017702, 4012110, 1607609, 4012109, 4012108, 1607562, 1607560, 4007940, 1608248, 6295, 6294, 1608275, 6291, 6293, 6292, 6290, 6070, 5775, 5776, 1608287, 5777, 1608289, 5778, 5779, 1608299, 1608300, 5780, 1608321, 5789, 1608325, 5602]",37363,Sport
17502,"[4255, 5032, 1240264, 1240190, 1240255, 1240254, 7819, 439, 1625541, 4007420, 1439, 1441, 3748, 3747, 1250078, 1250077, 1250382, 1250068]",1475,Shopping
1751,"[1230194, 1230163, 1230317, 1230164, 4538, 4537, 3809, 4541, 3811, 4542, 4987, 1231017, 3808, 1230498, 7180, 1230260, 1230415, 5630, 1230108, 7188, 7187, 4242, 7186, 7185, 1625228, 1625229, 7184, 1230396, 7183, 7182, 5326, 5325, 1240102, 5324, 6119, 6118, 6117, 1240133, 6116, 6115, 7942, 6114, 6113, 6120, 7197, 6161, 1240216, 1240217, 1240193, 1240218, 1240219, 4016914, 1240179, 1604079, 1604080, 1604088, 1604087, 1604089, 1604090, 1604123, 4009014, 4564, 1604095, 4558, 4559, 4557, 4568, 4566, 4000944, 4565, 4567, 4007452, 4555, 1604065, 4562, 4552, 1604062, 4553, 4554, 1604064, 4556, 4569, 3919, 4009017, 1604173, 1604166, 1604165, 1600053, 1600059, 1600052, 1600051, 1600050, 1624239, 1600049, 1623888, 1600047, 1270323]",5536,School
1752,"[4297, 4296, 4295, 4292, 4294, 4293, 4287, 5375, 4286, 1601315, 4285, 4290, 4289, 4288, 4012540, 5092, 4280, 4281, 4279, 4016101, 4016102, 4016100, 4016099, 4016098, 6214, 6215, 6216, 5091, 6217, 7995, 7, 1371114, 1041, 926, 220, 651, 221, 652, 222, 653, 223, 4015716, 1625745, 656, 226, 227, 1043, 934, 237, 663, 933, 1313, 242, 241, 936, 668, 245, 4014696, 1296, 4014975, 669, 246, 667, 4014974, 243, 4593, 4592, 4591, 4590, 5057, 1381643, 1380279, 1381644, 1380278, 1380277, 1381428, 1380275, 1380274, 1380273, 1380272, 1381654, 6978, 6979, 6961, 1625248, 6969, 6962, 6963, 6964, 1625247, 6965, 6957, 1380345, 1381438, 4014671, 4014670, 4014012, 1381439, 5255, 1381115, 5256, 4861, 4017761, 4017760, 4017450, 4854, 4846, 4843, 1380356, 5053, 5052, 1381402, 1380786, 6956, 1381217, 1380084, 4839, 5254, 7852, 7851, 7850, 5252, 5253, 1381442, 4014910, 1380879, 1220365, 4014906, 1221003, 1221004, 4014904, 1220005, 4835, 1220011, 1220012, 1220363, 1220268, 1220267, 4017379, 4017381, 4017382, 4017380, 4017383, 4017386, 4017384, 4017387, 4017389, 4017388, 1220127, 4017391, 4017393, 4017392, 1220168, 3778, 4012497, 4012498, 1240406, 3776, 3775, 1230553, 1230488, 3773, 5326, 1240301, 1230447, 1230453, 1230448, 1230449, 4009123, 4009122, 4014890, 4014891, 1141104, 4014887, 4014886, 1140304, 1140286, 4017151, 1140306, 1140019, 1140307, 1140378, 1140308, 1140309, 1120219, 6157, 6158, 3911, 3912, 3913, 3914, 3915, 3906, 3907, 1110270, 3908, 3909, 3910, 6542, 6053, 6051, 6052, 6047, 6048, 6049, 3862, 1040228, 4015991, 4015993, 4015992, 3863, 4017425, 4017428, 1050345, 3866, 1050089, 1050090, 4002543, 1625560, 1050076, 1050092, 1050093, 1050094, 1050095, 1050146, 1050096, 1050334, 1050097, 1050098, 1050099, 1050100, 1050101, 1050186, 1050102, 1050103, 1050104, 1050105, 1050106, 1050107, 1050108, 1060073, 1060074, 1060075, 1060076, 1060077, 1060210, 1060078, 1060235, 1060079, 4003394, 1060083, 1060084, 1060315, 5299]",20244,Domicile-travail
17524,"[6936, 1390327, 6935, 6934, 6933, 1390356, 6932, 1390452, 6931, 1390397, 1390525, 1390396, 1390395, 4007890, 1390393, 4017100, 914, 6951]",908,Other
17527,"[1390671, 4832, 1390392, 4833, 1390353, 1390043, 1611, 5520, 1390187, 1380333, 1380654]",856,Magasinage
1753,"[1400349, 1400350, 1400164, 1625153, 1400163, 1400006, 1410219, 1410218, 1410561, 1410217, 1410216, 595, 1410301, 1410242, 1410483, 1624254, 906, 149, 1292, 1410043, 191, 624, 192, 912, 627, 1390207, 1311, 1390300, 628, 195, 629, 916, 196, 430, 1187, 1390521, 1188, 1625386, 1625387, 5932, 4017100, 914, 6948, 5933, 4834, 1390594, 6954, 1381604, 1381603, 6953, 1381430, 6952, 5531, 4012991, 5530, 5529, 1381412, 5528, 5526, 5525, 1381358, 5524, 1380012, 5523, 1381180, 5522, 5521, 1380794, 1380792, 4002956, 5534, 5533, 5052, 1381402, 5053, 1380356, 4843, 4846, 4854, 1381011, 4012178, 4012177, 4007873, 1381300, 1380851, 1381251, 4852, 1380390, 4865, 4864, 1380136, 4850, 1381032, 4849, 1381100, 4855, 1380193, 4856, 1381188, 4453, 4454, 4455, 6970, 1380019, 6971, 4008393, 4008394, 1371425, 4007667, 4014931, 1260061, 4133]",5582,Domicile-travail
1754,"[1270055, 1270196, 1270154, 7210, 1270108, 5044, 1270228, 1600032, 5043, 5042, 5041, 5039, 1600046, 5040, 1624231, 5035, 5037, 1625096, 5036, 4016918, 3921, 4009019, 4009021, 4009017, 3919, 4569, 4556, 1604064, 4554, 4553, 1604062, 4552, 4562, 1604065, 4555, 4007452, 4567, 1604025, 1604340, 1603996, 6563, 6564, 1604339, 1604008, 1603999, 1604002, 1604000, 1604033, 1604001, 1603980, 1603976, 1604031, 1603974, 1604030, 1604028, 1240183, 1240023, 4013759, 1240022, 1240196, 7952, 1240117, 1240020, 1240416, 7951, 6165, 6160, 5023, 7949, 5024, 6180, 5661, 4014488, 4016042, 4016043, 4016040, 4016041, 5660, 5632, 5633, 4015040, 5634, 5635, 5636, 5637, 4017151, 5638, 1140366, 5639, 1140109, 5640, 1140328, 5641, 1140297, 5642, 5000, 6129, 1150099, 6130, 1150191, 6131, 1150172, 6132, 1150090, 6133, 6134, 6125, 6135, 1150183, 6136, 1160123, 6137, 5327, 1160069, 1160070, 1160071, 1160204, 1160072, 1160308, 1160073, 1160074, 2620, 1160075, 1200017, 1200018, 1200019, 1200343, 1200020, 1200021, 1200022, 1200023, 1200024, 2279, 1200025, 1200026, 1170144, 1170070, 1170071, 7892, 7883, 1170073, 7168, 1170074, 1170077, 1170078, 3010, 1170079, 1170082, 4017608, 4017609, 1170083, 1170084, 1170259, 1170085, 2646, 1170086, 1170087, 1170088, 1170089, 1170090, 1180093, 1180094, 1180095, 1180408, 1180096, 7867, 1180097, 1180321, 1180098, 1180419, 1180099, 1180422, 1180100, 2651, 1180101, 1180102, 1180103, 1180104, 1180444, 4003645, 1180511, 1180502, 1181038, 1180493, 1181047, 1181001, 1180274, 4013860, 4013861, 4013859, 4009870, 1180278, 4003648]",11716,Work-related
1755,"[1310338, 1310031, 1310342, 1310023, 1310343, 1320309, 1320129, 1320310, 1320252, 1320311, 1320379, 3957, 1320223, 3958, 1320177, 3959, 1320272, 3960, 1320197, 3961, 1320204, 3962, 1320081, 3963, 1320002, 3964, 3965, 4009367, 4009366, 1320298, 1320299, 1320301, 1320144, 1320302, 1320303, 1320304, 1602129, 1602164, 4013503, 4013505, 4013504, 4017231, 4017232, 4004330, 5388, 1602150, 1602126, 1602148, 1602125, 4012939, 4012940, 4009349, 1602134, 4015891, 4015890, 4015887, 4015889, 4012441, 4012440, 1605792, 1605793, 1605794, 1605795, 1605814, 1605815, 1605823, 1605826, 5109, 4014299, 4017120, 4011360, 4017121, 4012760, 1605837, 5698, 4006621, 52, 501, 200, 1021, 1129, 634, 202, 201, 633, 1287, 1258]",6422,Commute
17569,"[5561, 1030624, 1030623, 1030243, 1030599, 1030247, 1030244, 1030292, 1030622, 1030246, 4002489, 1030600, 5560, 1030513, 1030061]",1299,Travail
1757,"[1260894, 1260448, 1260447, 4008721, 1260895, 1260449, 4459, 4463, 1614644, 1260464, 4462, 4457, 4873, 1260947, 4872, 4871, 1260123, 4870, 1260070, 1380750, 1380423, 1624134, 1381432, 1380748, 4125, 1381630, 1380201, 1380657, 1381106, 1380625, 1381041, 1380626, 1380142, 1380629, 1380396, 1380632, 1380863, 1380633, 1380634, 1380434, 1380635, 1381020, 1380636, 4011697, 1381442, 4011698, 5253, 5252, 4012068, 4012065, 7852, 4008551, 1380495, 1380084, 4839, 5254]",2935,Courses
17579,"[1170205, 6080, 1170010, 5318, 1170074, 7168, 1170120, 1190282, 6076, 1190043, 6075, 1190111, 7165, 4975, 4974, 4973, 4972, 1190232, 4971, 1190219, 4970, 1200399, 4983, 4017889, 4977, 4976, 1200380, 4982, 1200370, 4981, 1200362, 4980, 1200356, 4979, 1200347, 1200304, 1200303, 3904, 1200302, 4003011, 1200301, 7179, 4237, 1200039, 4012712, 1625284, 4012713, 1625497, 4180, 5501, 5502, 4814, 4098, 4096, 4095, 4094, 4093, 1210118, 4177, 1210186, 4102, 1210034, 4266, 6930, 5244, 4100, 4011762]",5352,Social
1759,"[6986, 1250217, 6988, 4456, 4880, 1624406, 1624407, 1250156, 1624343, 1250248, 4007399, 1441, 1261136, 1260253, 3748, 4007421, 1439, 439, 7819, 829, 6166, 7198, 5029, 6167, 5017, 6169, 1240437, 1240335, 6168, 6120, 5021, 5022, 1240377, 5023, 7949, 5024, 4012171, 4014490, 4014489, 1312, 1538, 4014552, 4014551, 4014549, 1090, 1140183, 1140342, 1140343, 1140027, 1140344, 1140371, 4544, 1140372, 1140097, 1140373, 1140177, 1140374, 1140007, 1140375, 1140190, 7816, 1140377, 1140307, 1140378, 1140368, 1140379, 1140111, 1140380, 1140331, 1140381, 1140299, 1140382, 7190, 4990, 7191]",5811,Domicile-travail
1760,"[1150102, 1150004, 1150100, 1150099, 6130, 1150200, 1150098, 4014882, 4014883, 4014885, 4014879, 4014878, 4014876, 1, 7181, 4243, 4242, 1230324, 1230494, 1230323, 1230207, 1230322, 1230321, 1230320, 1220176, 1220164, 1220133, 1220163, 4119, 1220162, 1220161, 1220160, 1220192, 1220159, 1220191, 1220158, 1220274, 1220157, 1220156, 1220155, 4838, 4837, 4836, 1220340, 4835, 1220339, 1380882, 1381070, 1381069, 1381068, 1380763, 1381631, 1380495, 1381065, 1381064, 4002956, 5534, 1381063, 1381062, 1381061, 1380969, 4014672, 4014673, 1608940, 1608943, 6957, 6965, 6964, 6963, 6962, 6969, 6961, 6979, 6978, 1381654, 1380272, 1380273, 1380274, 1624283, 1381367, 1381641, 1381368, 1381640, 1381122, 1381150]",6888,Domicile-travail
1761,"[1150004, 7189, 6129, 5000, 1150199, 4999, 236, 4014882, 4014881, 4014885, 231, 4014877, 4014876, 4014878, 1, 7181, 6109, 1230416, 6110, 6111, 1230467, 6108, 7180, 1230498, 3808, 1231017, 4987, 6102, 1230189, 6098, 5931, 1220138, 4830, 1220043, 1220036, 5243, 5514, 5242, 1220069, 5250, 5249, 4120, 1220162, 4119, 4118, 4117, 1220344, 4116, 1220228, 1220015, 4115, 1220256, 4113, 4017387, 4122, 4121, 1250099, 5336, 7983, 5335, 1250112, 5334, 1250020, 5333, 1250052, 1250276, 1250364, 5332, 5337, 5018, 5015, 5030, 5016, 4251, 1250078, 4250, 4249, 1250339, 4248, 4247, 1250245, 1250404, 1250094, 4882, 4012232, 4868, 4016797, 6959, 6987, 1250131, 6986, 1250217, 6988, 4490, 4139, 1250081, 4140, 1250002, 4141, 7625, 5258, 1260731, 4458, 1260595, 4457, 4462, 1260463, 1614642, 1260449, 4459, 1260471, 4460, 4461, 1260872, 4606, 1260243, 4601, 1260494, 4603, 1260206, 1260059]",7765,Domicile-travail
17610,"[1160217, 1160363, 1151100, 4014856, 4014854, 1160362, 1045, 231, 4014881, 4014883, 4014885, 4014884, 467, 1140089, 232, 1140088, 4014895, 4014897, 660, 4008174, 4008173, 1141104, 4014887, 1140086, 233, 4017236, 4014424, 4017235, 234, 1140314, 4016041, 1667, 1325, 1140183, 1090, 4014549, 4014550, 1880, 4014551, 1240426, 4014489, 4014552, 1538, 1240369, 7951, 6165, 1240379, 6164, 1240148, 6163, 1240125, 6162, 1240065, 6161, 1240216, 5027, 1240337, 1240439, 5026, 7198, 5029, 1240252, 5031, 1250175, 5030, 5016, 439, 1440, 1439, 6560, 4007418, 4011658, 4017803, 1623961, 1260084, 723, 310, 722, 963, 1489, 1490, 4017862, 309, 4017869, 721, 962, 4017868, 720, 4017867, 4017866, 4017865, 4017864, 4017863, 4017871, 961, 4017870, 1449, 1446, 1445, 1444, 1443, 4007421, 1441, 5015, 5018, 1250173, 5019, 1240250, 5017, 7963, 6169, 1240437, 1240335, 6168, 6120, 6113, 1240313, 6114, 6115, 7934, 6116, 6117, 7933, 6118, 6119, 5324, 5325, 3773, 5326, 1230404, 7182, 1230007, 7183, 1230396, 7184, 1230477, 7185, 1230434, 7186, 1230324, 7187, 1230042, 7188, 1230108, 5630, 1230415, 1230260, 7180, 5319, 1230088, 5320, 1230244, 5321, 6107, 6103, 6104, 1230299, 1230300, 1230001, 1230301, 1230472, 1230377, 1625081, 4014849, 4014850, 4014855]",28024,Social
17621,"[641, 209, 923, 4007663, 208, 4017116, 639, 922, 206, 4015721, 205, 636, 921, 204, 635, 920, 1604513, 203, 634, 1129, 1021, 200, 501, 52, 4006621, 868, 7650, 1513, 4001099, 1165, 1302, 51, 4014291, 4014294, 500, 4014298, 50, 1272, 49, 499, 48, 867, 545, 4013990, 4013986, 1511, 1512, 1509, 4015427, 1605236, 1510, 1508, 1085, 1253, 1506, 1252, 1505, 1504, 1499, 1503, 1500, 1498, 464, 99, 1605070, 854, 1143, 103, 1249, 1246, 1605046, 1605042, 1605043, 1605045, 1604597, 1604750, 1604630, 1245, 1604629, 1604654, 1604658, 4000559, 4009481, 4009480, 4306, 7326, 1615316, 7323, 7324, 1615315, 7325, 1615314, 5734, 1615323, 5735, 5736, 5118, 5122, 5123, 1615359, 5126, 1615364, 1615360, 5124, 1615386, 5127, 5128, 1615378, 1615380, 1615381, 5130, 1615436, 5120, 1615443, 5121, 1615445, 4000648, 5131, 1615429, 5135, 1615514, 5143, 5144, 1615519, 5136, 1615521, 5138, 5137, 1615567, 5139, 1615565, 5146, 5145, 5133, 5134, 1615661, 5140, 1615693, 5141, 1615697, 5142, 1615732, 5150, 1615737, 5151, 1615744, 5152, 1615764, 5154, 5153, 7349, 7350, 1615780, 7351, 1615789, 7352, 1615790, 7353, 1615795, 1615796, 1615794, 1615798, 1615800, 1615801, 4016718, 4016717, 1616115, 4000741, 4000743, 4000742, 1616117, 4013803, 4013806, 4013804, 4013801, 1615215, 1615216, 1616577, 1622282, 1616576, 1616578, 1616575, 1616528, 1616539, 4013434, 1616526, 1616525, 1616524, 1616537, 1616538, 1616523, 1616516, 1616515, 1616514, 1616508, 1616519, 1616522, 1616509, 1616518, 1616517, 1623626, 1623619, 1616549, 1616548, 1616550, 1616551, 1616559, 1616553, 1616560, 1616561, 1616562, 1616558, 1616567, 1616574, 1616573, 1616800, 1616801, 1616799, 6822, 1616782, 6821, 1616789, 6820, 1616796, 1616806, 1616808, 1616807, 1616809, 1616816, 1616810, 1616815, 1616813, 1616812, 1616822, 1616829, 1616824, 1616830, 1616881, 7581, 4007152, 7582, 1616846, 7580, 4414, 1616848, 4411, 1616887, 4413, 1616852, 4410, 4416, 1616858, 4415, 1616920, 4407, 1616923, 4409, 7579, 6819, 4721, 1618113, 4732, 4722, 1618121, 1618132, 4723, 4724, 4731, 1618430, 4725, 1618450, 4729, 4728, 1618452, 4726, 4727, 1301, 1618459, 5453, 5458, 5459, 5454, 1618476, 5457, 5456, 1618483, 5455, 1618496, 5452, 5450, 1618521, 5451, 1618525]",27014,Sport
1763,"[1450015, 1450261, 1450536, 1450674, 1450484, 1450483, 1450183, 1450482, 1450760, 1450481, 1450465, 1450480, 4045, 1460205, 4049, 607, 4005332, 4005331, 163, 6858, 1460062, 6859, 6857, 1479, 164, 608, 165, 1460021, 4039, 4040, 4041, 1460145, 4042, 1488, 1481]",4334,other
17637,"[1240369, 6165, 6160, 5023, 7949, 5024, 6180, 4012171, 7947, 1240353, 4014494, 4014490, 4014488, 5661, 4016042, 4016043, 4016040, 234, 4016041, 5660]",814,Social
1765,"[1210221, 1210295, 1210219, 1210218, 7972, 7973, 1210254, 1210209, 5621, 1210210, 1210354, 1230508, 1230282, 1230283, 6089, 6087, 1230284, 1230524, 4014861, 4014862, 4014866, 4014865, 1160584, 1160161, 230, 659, 1045, 6124, 821, 1160157, 231, 4014883, 467, 232, 660, 4008174, 4008173, 4014887, 4014889, 233, 4014424, 661, 4014422, 234, 1325, 1880, 4014550, 1140029, 1140406, 1140032, 1140169, 1140033, 1140235, 1140034, 4017156, 4017440, 4017439, 4009873, 1140413, 4015037, 4015036, 1130230, 1130040, 4011692, 4011693, 1130162, 1130233, 1131001, 1131110, 1130312, 4007425, 4009607, 1625642, 1130167, 1130150, 4013678]",5783,Social
1768,"[1040300, 1040029, 1040299, 6048, 1040298, 1040042, 1040297, 1040510, 1040296, 4958, 4957, 4956, 5309, 1040250, 5308, 1041150, 6054, 6055, 1110382, 1110105, 5007, 5008, 1110235, 5006, 1110266, 5013, 5012, 5011, 5010, 5009, 6154, 1120107, 6153, 6159, 1120020, 1120027, 1120254, 4003243, 4003242, 1120038, 1120064, 1120176, 1140122, 1140121, 1140120, 1140118, 1140028, 1140117, 1090, 4014549, 4014550, 4014551, 4014487, 4014552, 1241002, 1240369, 6165, 1240379, 6164, 6163, 1240125, 6162, 6161, 1240216, 5027, 5028, 5026, 6167, 5029, 5031, 5019, 1250174, 5030, 4251, 4250, 1250007, 4249, 4248, 4247, 1250404, 4882, 4012232, 4016797, 6959, 4129, 6987, 1250131, 6986, 6988, 4139, 1250085, 4140, 4141, 7625, 5258, 1261218, 1260732, 4458, 1260594, 4457, 4462, 1614642, 4463, 1260449, 4459, 1260471, 4460, 1260550, 4461, 1260872, 1260897, 1260871, 1260869, 4002894, 1261052, 1261050]",10205,Domicile-travail
177,"[1260399, 1260902, 1260400, 1260058, 1260901, 1260205, 1260900, 1260899, 1260494, 4017031, 4017030, 4017032, 1260742, 1260245, 1260741, 1260877, 1260740, 1260738, 1260472, 1260737, 1260735, 1614660, 1260734, 1614643, 1260465, 1260733, 1260977, 1260732, 5258, 7625, 1250158, 4141, 4866, 4140, 1250085, 4139, 4456, 4880, 1250218, 4879, 1250134, 4878, 4142, 4869, 4016797, 4868, 4452, 4867, 1250257, 1250375, 1250092, 1250376, 1250377, 1250378, 1250291, 1250379, 1250380, 1250212, 1250381, 1250382, 1250068, 1250383, 5332, 1625078, 1250276, 5333, 1250021, 5334, 5335, 5336, 4121, 1250064, 4122, 4113, 1220257, 4115, 1220228, 1220059, 4116, 4117, 1220345, 1220131, 1220346, 1220173, 1220174, 1220313, 1220176, 1220164, 1230341, 4008302, 1230105]",5300,Social
17701,"[1601151, 1601150, 7243, 7242, 1262, 4268, 1604272, 7244, 1604273, 7247, 1604275, 7248, 1604277, 7245, 1600834, 4013437]",1068,Errand
1773,"[1121102, 4549, 1140292, 4548, 1140257, 4547, 1140044, 4546, 4545, 1140371, 4544, 1140013, 4543, 5660, 1140314, 5632, 5633, 4015040, 4017235, 4014422, 4014424, 233, 4015043, 1140253, 4015047, 1140424, 1141106, 1140426, 1141104, 660, 1240420, 4014892, 4009123, 1230449, 1230448, 1230447, 1240030, 1240301, 5325, 3773, 1240331, 1240429, 3775, 3776, 1240406, 1240143, 4012497, 3778, 1240247, 4017392, 4017393, 4017394, 4017391, 1250171, 4017388, 4017390, 4017387, 4122, 4017384, 4017386, 4017383, 4017380, 4017382, 4017379, 1250298, 3783, 1250242, 3784, 4918, 1250346, 1250391, 1250345, 1250344, 1250393, 1250343, 1221009, 1380877, 1381021, 1624275, 1381020, 4008499, 1381018, 4841, 1381017, 4008544, 1381015, 1381215, 1381014]",5485,Work-related
1775,"[1140309, 1140369, 6143, 1140112, 6144, 1140331, 6145, 1140299, 1140300, 6179, 6151, 7191, 4990, 7190, 1150004, 7189, 6129, 5000, 1150199, 4999, 236, 4014882, 4014883, 4014885, 231, 4014879, 4014878, 4014876, 1, 7181, 6109, 6110, 6111, 6108]",2967,other
1777,"[1150004, 1150100, 1150099, 1150200, 1150098, 4014882, 4014883, 231, 4014879, 4014878, 4014876, 1, 7181, 4243, 1230037, 4242, 1230324, 1230494, 1230323, 1230322, 1230321, 1230320, 1220176, 1220164, 1220133, 1220163, 4119, 1220162, 1220161, 1220160, 1220192, 1220159, 1220191, 1220158, 1220274, 1220157, 1220156, 1220155, 4838, 4837, 4836, 1220339, 1380882, 1381070, 1381069, 1381068, 1381631, 1380495, 1381065, 1381064, 1380791, 4002956, 5534, 1381063, 1381062, 1381061, 1380969, 4014672, 4014673, 1608940, 1608943, 6957, 6965, 6964, 6963, 1380408, 6962, 1380411, 6969, 6961, 6979, 6978, 1381654, 1380272, 1380273, 1380274, 1380275, 1624283, 1381367, 1381641, 1381368, 1381640, 1381369, 1381122, 1381150]",6596,Domicile-travail
17782,"[1200226, 7864, 7730, 7731, 3904, 4978, 1200347, 4979, 4980, 4981, 2604, 4982, 4976, 4977, 4017889, 4017888, 1200310, 1200422, 1200166, 1200421, 1625338, 1190316, 1190314, 1190312, 4002992]",1284,Social
1779,"[1160229, 1160161, 4014865, 4014866, 230, 4014868, 1045, 6124, 821, 1160157, 1160362, 231, 4014885, 4014884, 467, 4999, 236, 4014882, 4014883, 4014879, 4014878, 4014876, 1, 7181, 4243, 1230462, 1230461, 1624686, 1230479, 1230036, 1230478, 1625228, 7184, 1230396, 1230395, 1230490, 1230489, 1230005, 1230202, 1230201, 1230522, 1230200, 1231000, 1230199, 3775, 3776, 4012498, 1240143, 1240146, 1240142, 1240098, 1240246, 1250066, 1250170, 1250065, 4121, 1250064, 1250063, 1250298, 1250297, 1250098, 1250296, 1250148, 1250295, 1250109, 1250294, 1250017, 1250237, 1250048, 1250047, 1250046, 1380871, 1250357, 1380870, 1250373, 1380902, 1250032, 1380903, 4126, 1380905, 1380909, 1380424, 1380911, 1250131, 1250217, 1260720, 1260721, 1260724, 1260728, 1250002, 1260729, 1260730, 1260731, 5258, 1260732, 1260977, 1260733, 1260465, 1614643, 1260734, 1614660, 1260735, 1260466]",6732,Work-related
17879,"[5033, 5032, 1240264, 4255, 1240190, 1240255, 1240254, 7819, 439, 1625541, 4007420, 1439, 1441, 3748, 4007399, 1250248, 1250139, 1250156, 1250138, 4879, 1250134]",1886,Errand
1788,"[1270184, 1270350, 1270147, 1270117, 1270252, 1270253, 1270289, 1270294, 1270288, 1270231, 1270287, 1270233, 1270286, 4009154, 1270283, 1600687, 1600691, 1600711, 1600690, 1600689, 1600701, 1600779, 1600789, 1600790, 1600799, 1600801, 1600800, 1604280, 1604279, 1604278, 1600824, 1604277, 1604276, 1600840, 1600839, 1600855, 4000979, 1600856, 4015217, 4015219, 4015218, 4017691, 4017692, 4017690, 5732, 1360468, 5729, 5728, 5724, 4013665, 4013664, 6274, 1360165, 6275, 5726, 5727, 1360542, 5720, 1360605, 5719, 5718, 5401, 5402, 5403, 212, 643, 213, 925, 1324, 4010438, 4010436, 1371115, 1371114, 1041, 7, 7995, 6217, 5091, 6216, 6215, 6214, 4016098, 4016099, 4016100, 4016102, 4279, 4281, 4280, 4010519, 4010520, 5359, 1601195, 1193, 4001786, 5358, 1600129, 5357, 5089, 4282, 4284, 4013927, 1332, 4017050, 4017051, 4016500, 4016501, 1309, 4016112, 4014057, 4016103, 4012987, 1370884, 1082, 851, 21, 4012398, 4012397, 1609859, 4007080, 4002922, 4007079, 4006266, 4006273, 4006274, 1134, 4006268, 1269, 1609743, 1266, 6221, 1609744, 1267, 4014683, 1609714, 1609704, 1268, 1609705, 1609683, 1609715, 1609680, 1609703, 1609676, 1609698, 4004692, 1265, 6226, 6228, 6229, 6227, 6225, 7907, 4008128, 4008125, 4008129, 4008126, 4007397]",12790,Domicile-travail
1789,"[1110498, 1110334, 4009599, 1110531, 1110532, 1110029, 1110533, 1110593, 1110102, 1111121, 4009683, 4009682, 1040534, 1625196, 1625198, 1030503, 1040295, 1030504, 1030036, 1623817, 1030505, 1623806, 1030336, 4015540, 4015542, 4015541, 1030508, 1030616, 1030457, 1030509, 1030510, 1030168, 1030511, 1030512, 5560, 1030513, 1030514, 1030600, 1030246, 4012715, 1030516, 1030517, 7115, 7116, 1030499, 1050396, 6516, 4016009, 4016010, 1624760, 1558, 4016008, 4014011, 6513, 6514, 7113, 7114, 1676, 1675]",5205,Sport
1791,"[1380854, 1380855, 1380856, 1381215, 1381014, 1381217, 1380084, 4839, 5254, 7852, 4012065, 4012069, 7850, 5252, 5253, 4011698, 1381442, 4014910, 4014911, 4014907, 4014905, 4014904, 1220005, 4014906, 1221004, 1220125, 4835, 1220340, 4836, 1220316, 4837, 1220305, 4838, 1220155, 4840, 1220213, 1220360, 937, 244, 1220357, 5243, 5514, 1220042, 5532, 5543, 5518, 1230343, 5625, 1230188, 5628, 7967, 1230414, 1230544, 4003135, 1230497, 1230415, 1230260, 6108, 6111, 6110, 6109, 7181, 1, 4014878, 4014879, 231, 4014883, 4014885, 4014882, 236, 4999, 1150199, 5000, 5642, 1140297, 5641, 5640]",5360,Domicile-travail
1794,"[6940, 1390407, 6939, 6938, 1390474, 1390529, 1390473, 1390173, 1390472, 1390379, 1390471, 1390027, 1390470, 1390146, 1390469, 1390046, 1390468, 4017817, 1390467, 1390515, 1380654, 1380168, 1380653, 1380008, 1380652, 1380735, 1380651, 1380650, 1380649, 1380648, 1380647, 1380646, 1380645, 1381186, 1380644, 1380643, 1380446, 1380952, 1380642, 4008545, 1380641, 1380640, 1380639, 4012064, 4011932, 4014910, 4011698, 1381442, 4011697, 1380636, 1380635, 1380634, 1380432, 1380633, 1380862, 1380632, 1380629, 1380626, 1381040, 1380625, 1380657, 1381630, 4124, 1380748, 1624134, 4127, 1380423, 1380750, 1260070, 4875, 1260069, 4870, 1260124, 1260123, 4871, 1260035, 4872, 1260947, 4873, 1260958, 4462, 1260464, 4464, 1614642, 1260463, 1625390, 1260891, 1624141, 1261222, 4006998, 4457, 1260036, 1380424, 1381432, 4125, 1380201, 1381106, 1381041, 1380142, 1380396, 1380863, 1380434, 1381020, 1380765, 1381070, 1381005, 1380953, 1380017, 1381363, 1380568, 1380060, 1381331, 1380679, 1380736, 1380009, 4006968, 1390528, 1390334, 6941, 1390605, 1390606, 1390607, 1390062, 1390316]",8654,Domicile-travail
17949,"[1380654, 1380653, 1380168, 1380167, 1380333, 5520, 1390187, 1611, 1390043, 7620, 1390139, 6947, 6951]",749,Magasinage
17950,"[1390671, 4832, 1390391, 4833, 1390353, 1390043, 1611, 4008729, 5520, 1390187, 1380333, 1380168, 1380654]",816,Magasinage
17969,"[1050421, 1050284, 7627, 1050402, 7628, 1050146, 7629, 1050334, 7630, 1050034, 7631, 1050339, 6034, 7632, 1050320, 1050257, 1050321, 1050187, 1050101, 1050100, 1050099, 1050098, 1050097, 1050096, 1050095]",1587,Travail
1797,"[160, 4017729, 4017727, 1625493, 4009943, 4009939, 4009937, 4009915, 4009912, 4009909, 4009900, 4009897, 5240, 4009891, 4009885, 4009880, 4009856, 4009853, 6874, 4009851, 4009848, 4009845, 4009842, 4009839, 1625243, 4009835, 4009833, 4070, 4009828, 4443, 4009827, 4444, 4009824, 4009822, 4445, 4009821, 4015926, 1293, 4015927, 4015925, 1625186, 604, 1625336, 159, 603, 158, 4009811, 4012578, 602, 157, 900, 579, 156, 601, 1410288, 155, 600, 154, 599, 4009905, 4009800, 153, 598, 152, 1410304, 597, 151, 596, 907, 1410646, 150, 4788, 595, 149, 1292, 1410043, 4009773, 191, 624, 192, 912, 431, 1390681, 5503, 5504, 1390206, 5505, 5506, 5511, 5507, 5508, 4818, 5509, 5510, 1390251, 1390337, 1390610, 1390609, 1390316, 1391002, 1390171, 1390607, 1390606, 1390605, 6941, 1390604, 1390261, 1390603, 1390602, 1390530, 1390601, 1390600, 1390382, 1390599, 1390383, 1390030, 1390029, 1390330, 1390028, 1390027, 1390470, 4004955, 1390469, 1390046, 1390468, 1390467, 1380654, 1380168, 1380653, 1380008, 1380652, 1380679]",12222,Autres
1798,"[1200268, 1743, 1200267, 1200241, 1200242, 1160023, 1160353, 1160354, 4225, 4226, 4227, 4228, 1160532, 4229, 1160547, 4230, 1160558, 4231, 1170148, 4232, 1170181, 4233, 1170190, 4234, 1170198, 4235, 1170206, 4236, 6081, 7157, 7158, 7159, 7160, 7161, 4214, 4213, 4206, 4207, 4208, 2647, 1170019, 2648, 1170086, 2645, 1170085, 1170259, 1170084, 1170254, 1170083, 4017602, 4003088, 4017601, 1170082, 1170247, 1170079, 3010, 1170078, 1170234, 1170077, 1170227, 1170074, 7168, 5318, 1170010, 1170228, 6080, 1170235, 1170012, 3008, 1170011, 1170073, 7883, 7891, 1170071, 1170178, 1170179, 1170006, 1170007, 1170197, 1170008, 1170205, 1170009]",8509,Sport
180,"[1120119, 5012, 1120270, 5011, 1120091, 5010, 5009, 6155, 1120130, 1140196, 1140195, 1140194, 1140193, 1140192, 1140191, 1140376, 1140190, 1140018, 1140189, 5635, 5634, 1140175, 5633, 5632, 4543, 5660, 4016041, 4016040, 234, 4016043, 4016042, 5661, 4014488, 4014490, 1240354, 6180, 5024, 7949, 5023, 1240377, 5022, 1240123, 5021, 6120, 6168, 1240336, 1240438, 6169, 6167, 5029, 1240251, 5031, 1250174, 5030, 4251, 1250078, 4250, 1250007, 4249, 1250339, 4248, 1250300, 4247, 1250245, 1250404, 1250094, 4882, 4012232, 4868, 4016797, 4862, 4126, 1380327, 4125, 1381630, 1175, 1381196, 1381195, 1381238, 1380812]",6772,Domicile-travail
1800,"[1370135, 1370859, 4591, 1370634, 4590, 1370997, 1380532, 1380279, 1381374, 1381159, 1380278, 1380747, 1380277, 1380151, 1380275, 1381367, 1624283, 1624274, 1380152, 1380274, 1381174, 1380273, 1381029, 1380272, 1381093, 6978, 1381090, 6979, 1381055, 6961, 6969, 1380411, 6962, 1380408, 6963, 1380527, 6964, 4017731, 1625247, 6965, 1380115, 1380345, 1381438, 1381142, 4014012, 1381439, 1381633, 5255, 1381115, 5256, 4861, 4017450, 4017761, 4017760, 4854, 4846, 4843, 1380356, 5053, 5052, 1381402, 5533, 5534, 1380791, 4002956, 1380792, 1380793, 5521, 1380794, 5522, 5523, 1380796, 4002958, 5524, 5525, 5526, 5528, 1381412, 5529, 5530, 4002965, 5531, 4002966, 6952, 6953, 1381603, 1381604, 6954, 1381608, 6955, 1390594, 4834, 5933, 1390720, 6948, 5932, 914, 1390177, 4017100, 1625387, 1625386, 1188, 1390521, 1187, 430, 1624148, 5925, 4008472, 1390153, 1390154, 1390677, 1390678, 1390304, 1390210]",4835,Domicile-travail
1802,"[244, 937, 1220360, 1220214, 1220002, 1220275, 1220216, 1220158, 1220193, 1220217, 1220087, 1220218, 1220357, 5243, 1220036, 1020, 1220213, 4840, 4917, 1221000, 1220212, 1221002, 1380888, 1380018, 1380017, 1380645, 1380016, 1380833, 1380015, 1380500, 1380014, 1381225, 1380013, 1380796, 5523, 1380012, 5524]",4602,Work-related
1803,"[1624142, 4008727, 4002905, 1261046, 1260954, 1261037, 4002907, 1624141, 1260955, 1260098, 1261034, 1260956, 1260957, 1260890, 1260958, 4873, 4457, 1260594, 4458, 1260731, 5258, 7625, 4141, 1250002, 4866, 6992, 1250086, 6991, 4456, 4880, 1250218, 4879, 4878, 4142, 4869, 4012232, 4868, 1250035, 4867, 1250374, 1250375, 1250376, 1250377, 1250235, 1250360, 1250236, 1250048, 1250237, 1250238, 1250239, 7981, 1250240, 1250097, 1250241, 1250242, 3783, 1220267, 1220268, 1220013, 1220269, 1220057, 1220270, 1220342, 1220082, 1220343, 1220344, 1220345, 1220346, 1220173, 1220347, 1220174, 1230475, 1230476, 1230549, 4003139, 1230477, 1625228, 1230478, 1230479, 1230461, 1624686, 4014898, 4014899, 4014895, 4014903, 4014894, 1141109, 4008176]",6295,Domicile-travail
18037,"[2296, 3884, 3885, 1180439, 3886, 3887, 1180007, 3888, 1180168, 3889, 7874, 3890, 1180448, 3891, 3892, 1180224, 5282, 5285, 4017671, 5281, 1180162, 5279, 1612388, 5272, 1612476, 5273, 5274, 5275, 1612481, 5276, 3848, 3849, 3850, 1612477, 3851, 1612471, 1612418, 5278, 5277, 5280, 1625057, 1625058, 3852, 6509, 4900, 1430171, 4901, 1430315, 4902, 1430132, 4903, 1430325, 4909, 4480, 4479, 4478, 4477, 1613815, 1613814, 1149, 7039, 4001532, 7038, 6505, 1613901, 6507, 6611, 4003795, 6617, 6002, 4013913, 6612, 4003797, 6614, 6613, 6615, 4003800, 6616, 4016489, 1613988, 5540, 6610, 1613973, 1613972, 6604, 7041, 4003808, 7042, 4003809, 7043, 7066, 5985, 6599, 6597, 4003818, 6598, 6600, 5986, 1614152, 1614187, 1614151]",6411,Domicile-travail
1805,"[1080035, 1080566, 1080578, 1170059, 1080037, 1080633, 1170061, 1170277, 1170062, 1170282, 1170063, 1170064, 1180384, 1180383, 4212, 4522, 1170022, 4521, 1170090, 4523, 1180241, 4524, 1180242, 1180529, 1383, 670, 1464, 1180528, 1180243, 5314, 1180189, 5311, 1180316, 5312, 1180094, 5313, 1180026, 5315, 1180046, 5316, 5310, 1180391, 1180392, 1180063, 1170286, 1170281]",9596,Exercise
1807,"[1130171, 4013681, 1130169, 1130148, 1130150, 1130167, 1625642, 1625641, 1130310, 1130233, 1130234, 4011693, 4011691, 1131002, 4015038, 4015039, 4009873, 4017439, 4017441, 4017157, 4017156, 1140035, 1624922, 1140034, 1140033, 1140032, 1140029, 1880, 4014550, 234, 4016040, 661, 4014424, 233, 660, 1140086, 1141104, 4014887, 4014897, 232, 4014895, 1140089, 4014884, 231, 4014883, 4014881, 1045, 821, 4014867, 4014868, 4014866, 230, 659, 4014865, 1160161, 1160584, 4014861, 1230524, 1230284, 6087, 6089, 4015966, 1230308, 1230387, 1230272, 1230386, 1230509, 4003016, 1210355, 1210299, 5620, 1210298, 1210257, 1210297, 1210296, 1210295, 1210220, 1210221]",5840,Social
18071,"[1420300, 1410500, 6897, 6895, 1420178, 6902, 1420518, 1420368, 6899, 1420264, 6904, 6903, 1400373, 6898, 1400051, 1400248]",891,École
1809,"[5243, 1220036, 244, 1220358, 1220359, 1220360, 937, 1020, 1220357, 4826, 1220213, 4917, 4840, 1220212, 1220361, 1221002, 1380888, 1380018, 1380017, 1380016, 1380834, 1380015, 1380014, 1381225, 1380013, 1380797, 1381359, 5524, 5525, 5526, 4002961, 5528, 4002962, 1381412]",4815,Domicile-travail
1810,"[1260463, 4462, 4457, 4873, 1260947, 4872, 1260036, 4871, 1260124, 1260591, 1260135, 1260590, 4870, 1260071, 1260070, 1380750, 1624134, 1381432, 1380748, 4124, 1381630, 1175, 1380200, 4009270, 7902, 7901, 1381105, 1380484, 1381040, 4847, 4848, 1380860, 4844, 1381017, 4841, 4008500, 4839, 1380084, 6956, 1380790, 6958, 5052, 5533, 5534, 5521, 5522, 1380794, 1381181, 1380796, 1380013, 1380797, 1381359, 5524, 5525, 5526, 4002961, 5528, 4002962, 1381412, 4002963, 5529, 4002964, 5530, 5531, 4002966, 6952, 6953, 4002967, 4002970, 6954, 6955, 4842, 4834, 5933, 6948, 5932, 914, 4017100, 1625387, 1625386, 1773, 1188, 1390521, 1187, 430, 1624148, 4008472, 916, 629, 195, 1390663, 1390300, 1311, 1390207, 627, 912, 431, 1390681, 192, 624, 191, 1410043, 1292, 906, 149, 595, 1624254, 1410483, 1625407, 1410242, 1410301, 1410302, 1410700, 1410216, 150, 907, 1410644, 1410645, 1410314, 1410364, 1410646, 6913, 1410085, 151, 1410463, 152, 598, 153, 4009800, 599, 4009905, 154, 1410665, 1614624, 1614623, 1625358, 1410288, 601, 156, 579, 1625408, 4769, 1410579, 1410068, 1410651, 4777, 4077, 4770, 6894, 4771, 1410454, 1410039, 1410455, 1410536, 1410535]",8552,Domicile-travail
1811,"[1260890, 1260097, 1624139, 1260944, 1260096, 1260945, 1260563, 1260889, 1260034, 1260035, 4871, 1260123, 4870, 1260590, 1260070, 1380750, 1260071, 1380424, 1624134, 1381432, 1380748, 4125, 1381630, 1380201, 1380657, 1381106, 1380625, 1381041, 1380626, 1380629, 1380632, 1380862, 1380633, 1380432, 1380634, 1380434, 1380635, 4008499, 1380636, 4011697, 4011698, 5253, 5252, 4011930, 1380639, 4012064, 1381441, 4014908, 4014911, 4014907, 4014906, 1220365, 4014904, 1220005, 4835, 1220340, 4836, 1220316, 4837, 1220305, 4838, 1220155, 4840, 1220213, 4917, 1020, 937, 244, 4826, 1220036, 4830, 1220137, 5931, 1230345, 1220052, 1230346, 1220118, 1230347, 1230179]",4661,Domicile-travail
1812,"[1261061, 7231, 4605, 1260400, 4604, 1260059, 1260420, 4603, 1260494, 4601, 1260243, 4606, 1260872, 4461, 1260549, 4460, 1260471, 4459, 1260449, 4463, 1614642, 1260463, 4462, 4457, 1260595, 4458, 1260732, 5258, 1261218, 7625, 4141, 4866, 6993, 6992, 1250086, 6991, 4465, 4017672, 1442, 1441, 1439, 1440, 439, 5016, 5030, 5015, 5018, 1250174, 5019, 1240251, 5017, 6167, 6169, 1240437, 1240335, 6168, 5021, 5022, 1240377, 5023, 5024, 4012171, 4014490, 4014489, 1312, 1538, 4014552, 4014551, 4014550, 4014549, 1090, 1140183, 1140342, 1140013, 1140343, 1140027, 1140344, 1140371, 1140346, 1140347, 1140348, 1140044, 1140349, 1140350, 1140351, 1140292, 1140352, 1625647, 1121102, 1120254, 1120027, 1120255, 1120257, 1120259, 1120087, 1120260, 1120267, 1120230, 1120229]",8287,Domicile-travail
1814,"[1060084, 1060315, 1060223, 1060083, 1060431, 1060079, 1060078, 1060077, 1060379, 1060076, 1060075, 1060074, 1060019, 1060073, 4012454, 4012456, 1050108, 1050107, 1050106, 1050135, 1050105, 1050429, 1050104, 1050124, 1050103, 1050071, 1050102, 1050187, 1050101, 1050257, 1050100, 6034, 1050099, 1050339, 1050098, 1050034, 1050097, 1050334, 1050096, 1050146, 1050095, 1050402, 1050094, 1050093, 1050421, 1050092, 1625560, 1051137, 4008641, 1050090, 1050006, 1050089, 3867, 1050088, 6523, 6522, 1050476, 1050370, 4015995, 4015996, 4015994, 1040347, 3871, 1040066, 3870, 1040298, 1040042, 3869, 1040580, 1041100, 4009704, 4013111, 4013109, 1110489, 1110488, 1120225, 1120120, 1120224, 1120272, 1120222, 1120092, 1120221, 6156, 1120219, 1140309, 6141, 1140308, 1140307, 1140019, 1140306, 5637, 4017151, 1624677, 1624680, 4014425, 1140424, 1141106, 1140426, 4014888, 1141104, 4014893, 1240420, 4014892, 4009123, 1230449, 1240043, 1230448, 1230447, 1240030, 1240301, 5325, 3773, 1240331, 1240429, 3775, 1240406, 4012498, 4012497, 3778, 1240247, 4017392, 4017394, 4017391, 1250171, 4017388, 4017390, 4017387, 4122, 4017384, 4017386, 4017383, 4017380, 4017382, 4017379, 1250298, 3783, 1250242, 3784, 4918, 1250346, 1250391, 1250345, 1250344, 1220250, 1221003, 1220125, 1221004, 4014906, 1220365, 4014907, 4014910, 4014911, 1381442, 4014908, 4012064, 5253, 5252, 7850, 7851, 7852, 5254, 4839, 1380084, 1381217, 6956, 6958, 1381402, 5052, 5053, 1380356, 4843, 4846, 4854, 4017450, 4017760, 4017761, 4861, 5256, 1381115, 5255, 1381439, 1381142, 1381438, 4016645, 5934, 6957, 6965, 4017731, 6964, 6963, 6962, 6969, 1625248, 6961, 6979, 6978, 1381654, 1380272, 1380273, 1380274, 1380275, 1381428, 1380277, 1380278, 1381644, 1380279, 1381643, 5057, 4590, 4591, 4592, 4593, 4014974, 243, 4014975, 669, 4014973, 4014972, 4014971, 4012770, 4014696, 459, 5, 936, 241, 1313, 242, 933, 4015723, 237, 662, 934, 1043, 227, 656, 1625745, 4015716, 223, 653, 917, 222, 652, 221, 4015718, 220, 650, 926, 1041, 1371114, 7, 7995, 6217, 5091, 6216, 6215, 6214, 4016099, 4016100, 4016107, 4016102, 4016101, 4279, 4281, 4280, 5092, 4012540, 4288, 4289, 4290, 1601217, 4285, 4286, 4287, 4293, 4294, 4292, 4295, 4296, 1601424, 4297, 4298, 1601410]",20527,Domicile-travail
1816,"[1380119, 1381439, 1381633, 5255, 5256, 1380969, 4017450, 4017761, 4017760, 4854, 4846, 4843, 1380356, 5053, 5052, 5533, 1380440, 5534, 1381063, 5521, 5522, 4002957, 1380796, 4002958, 5524, 1381358, 5525, 5526, 5528, 1381412, 5529, 5530, 4012991, 5531, 6952, 1381430, 6953, 1381603, 1381604, 6954, 1381608, 6955, 4842, 4834, 5933, 6948, 5932, 914, 4017100, 1625387, 1773, 4007893, 1188, 1187, 430, 1624148, 196, 4008472, 916, 629, 195, 628, 1311, 1390446, 1390207, 627, 912, 431, 192, 624, 191, 1410043, 1292, 149, 595, 1410700, 1410216, 1410217, 1410561, 1410218, 1410219, 1400163, 1625153, 1400164, 1400349]",4618,Domicile-travail
18169,"[3867, 6518, 1050421, 1050422, 7626, 1050285, 7627, 1050403, 7628, 1050147, 7629, 1050334, 1050096, 1050146, 1050095, 1050402, 1050094, 1050401, 1050145, 1050333, 1050097, 1050034, 1050098, 1050099]",1872,Travail
1817,"[1020168, 4006189, 4010728, 4006133, 4009668, 4017709, 4015489, 4015918, 4015495, 4015508, 4015510, 4015506, 4009666, 4015492, 4015493, 4006174, 4006173, 4006172, 1603306, 1610370, 1603290, 1603291, 1603315, 1603314, 1603782, 1603783, 1603802, 1603784, 1603785, 1603810, 1603795, 1603801, 1603796, 1603798, 1603797, 1603491, 1603492, 1603521, 1603493, 1603489, 1603496, 1603487, 1603498, 1603486, 1603500, 1603485, 1603502, 1603424, 1603439, 1603422, 1603440, 1603421, 1603429, 4003194, 5766, 5767, 3980, 1604362]",3245,Commute
182,"[1330585, 1600562, 1330583, 1330582, 1330077, 1600561, 1330463, 1600571, 1330579, 1330578, 1600574, 1330577, 1600576, 1600578, 1600579, 1330575, 1600581, 1330525, 4016659, 1330522, 4016786, 4017059, 4016660, 4016661, 4002713, 4017218, 1330520, 1330519, 4017219, 4017027, 4009564, 4017028, 4002714, 4009554, 4013641, 4017025, 4017189, 4017188, 4017187, 4010460, 4010459, 1361012, 1360657, 1600657, 1360070, 1600654, 1360299, 1600653, 1600652, 4008182, 4011552, 209, 923, 4011553, 4007663, 4015771, 208, 639, 922, 1280, 207, 763, 1350606, 1350576, 1350605, 1351003, 1340383, 1350570, 1350569, 1600613, 1600616, 1340257, 1600617, 1600280, 1340280, 1600277, 1350225, 1600275, 6260, 1600250, 1340006, 1600313, 1340458, 1600315, 1340551, 4002696, 1625003, 1604509, 1604510, 4012502, 1601632, 1601606, 1601605, 1601604, 1601603, 1601601]",6296,Domicile-travail
1821,"[1611834, 1611838, 1611842, 1611844, 1611845, 1611846, 1611822, 1611854, 1611880, 1080192, 1611908, 1611923, 1611900, 4016526, 1611907, 1611896, 1611897, 1611893, 1625088, 1625087, 1611909, 1611889, 1611887, 1611886, 1611884, 1611882, 1611912, 4017102, 4017103, 4010838, 4010839, 4011929, 1612567, 1612566, 1612574, 1612565, 1180384, 1180383, 4212, 4522, 1170022, 4521, 1170090, 4523, 1180241, 1180529, 1180528, 1180526, 4003120, 1180524, 670, 249, 842, 4015050, 4015053, 4015052, 1420521, 5499, 5498, 4017902, 4017661, 4017896, 5492, 4017904, 4782, 5614, 4779, 4781, 4778, 4780, 814, 4771, 1410276, 4770, 6886, 1410035, 6887, 1410533, 6888, 1410329, 6889, 6890, 4448, 1410585, 1410611]",9391,Commute
1823,"[1381079, 1381168, 4132, 1260061, 4136, 4135, 4014938, 6980, 6968, 1381099, 6966, 6967, 4014648, 1380964, 4858, 4015708, 4859, 1381497, 4860, 1380121, 4861, 4017761, 4017760, 4017450, 4854, 4846, 4843, 1380357, 5054, 5052, 5533, 5534, 4002956, 5521, 5522, 1380794, 1380796, 4002958, 5524, 5525, 5526, 5528, 1381412, 5529, 5530, 4012991, 5531, 6952, 1381430, 6953, 1381603, 1381604, 6954, 1381608, 6955, 1390038, 4842, 4834, 5933, 6948, 5932, 914, 4017100, 1625387, 1625386, 1773, 1188, 1187, 430, 196, 4008472, 916, 629, 195, 628, 1390300, 1311, 1390207, 627, 912, 431, 192, 624, 191, 1292, 1410043, 149, 595, 1410483, 1625407, 1410242, 1410301, 1410700, 1410216, 1410217, 1410218, 1410219, 1400163, 1625153, 1400164, 1400349]",5627,Domicile-travail
1824,"[4007365, 1625186, 1625336, 604, 159, 603, 4012578, 158, 602, 157, 900, 133, 579, 156, 601, 155, 600, 154, 599, 1410666, 4009905, 4009800, 153, 598, 152, 1410463, 597, 151, 596, 907, 4788, 595, 1410301, 1410483, 149, 1292, 191, 624, 192, 912, 627, 1311, 628, 195, 629, 196, 1187, 1390521, 1390675, 1390523, 1390674, 1390369, 1390672, 1390368, 1390692, 1390367, 1390178, 1390366, 1625387, 5932, 4017100, 914, 6948, 5933, 4834, 1390594, 4842, 6955, 1381608, 6954, 1381604, 1381603, 1381430, 6952, 5531, 5530, 5529, 1381412, 5528, 5526, 5525, 1381358, 5524, 1380012, 5523, 1381180, 5522, 1380945, 5521, 1381063, 5534, 5533, 5052, 1381402, 5053, 1380356, 4843, 4846, 4854, 4017450, 4017760, 4017761, 4861, 5256, 5255, 4014669, 4014670, 4014012, 4014671, 4016645, 5934, 6957, 1380115, 6965, 4017731, 1380117, 6964, 1380527, 6963, 1380408, 6962, 6969, 6961, 6979, 1381090, 6978, 1381093, 1380272, 1381029, 1380273, 1380274, 1380275, 1380151, 1380277, 1380747, 1380278, 1381374, 1380279, 1380532, 1381643, 5057, 4590, 4591, 4592, 4593, 4014974, 243, 667, 3803, 5346, 5343, 4014692, 4014693, 4014691, 4014699, 4014690, 1625781, 1370995, 1174, 1326, 666, 4012048, 4015723, 240, 663, 242, 4015722, 1625101, 1371046, 1625102, 1370143, 1625107, 1600207, 1370167, 1371208, 6657, 6658, 6659, 4015764, 4015766, 4015765, 4616, 1371145, 4617, 4618, 1600446, 4619, 4621, 1371220, 4622, 5087, 5084, 5088, 1370186, 5085, 1370118, 5086, 4017324]",12345,Domicile-travail
1827,"[1260445, 1260446, 4008724, 4002897, 4008726, 1260447, 1260100, 1260448, 1260894, 1260449, 4463, 1260450, 1614637, 1614660, 1260734, 1614643, 1260733, 1260977, 1260732, 5258, 7625, 1250158, 4141, 4866, 6992, 1250086, 6991, 4465, 4880, 1250218, 4879, 1250138, 4878, 1624383, 4869, 4012232, 4868, 1250035, 4867, 1250375, 1250376, 1250377, 1250235, 1250378, 1250379, 1250380, 1250381, 1250382, 1250383, 1625079, 1250387, 1240250, 1240343, 1240344, 4003149, 1240345, 1240346, 1240123, 1240348, 1240226, 1240349, 1240374, 1240350, 1240225, 1240351, 7947, 1240353, 4014494, 1240354, 4014490, 5661, 4016042, 4016043, 234, 4016040, 4016041, 5660, 4012173, 1140342, 1140343, 1140344, 1140371, 1140346, 1140347, 1140348, 1140349, 1140263, 1140350, 1140351, 1140352, 1625647, 1120254, 1120027, 1120255, 1120257, 1120184, 1120259, 1120260, 1120261, 1120115, 4009621, 4009620, 4009625, 4009631, 4009624, 1110596, 1110232, 1110498, 1110233, 1110056, 1110234, 1110235, 5008, 1110236, 1885]",8594,Domicile-travail
1828,"[1260296, 1260297, 4017681, 4017683, 4017682, 1261049, 1260658, 1260543, 1260208, 1260546, 1260547, 1260896, 1260548, 1260549, 4460, 4461, 1260471, 4459, 1260449, 4463, 1614644, 1260464, 4462, 4457, 4458, 1260732, 5258, 7625, 1250158, 4141, 4140, 1250081, 4139, 4490, 4456, 4465, 4017672, 1442, 1441, 3748, 1439, 1440, 439, 5016, 5030, 5015, 5018, 5019, 5017, 6169, 6168, 6120, 5021, 1240123, 5022, 1240377, 5023, 7949, 5024, 6180, 4014490, 4014488, 5661, 1240426, 4016042, 4016043, 4016040, 4016041, 5660, 5632, 5633, 4015040, 5634, 5635, 5636, 2594, 7816, 7817, 7818, 1890, 1889, 6155, 1886, 6156, 1120221, 6157, 6158, 3911, 3912, 1120080, 3913, 3914, 3915, 3906, 1120123, 3907, 3908, 3909, 3910, 6542, 6053, 6051, 1040499, 6052, 1040194, 6047, 1040299, 1040028, 1040300]",10441,Domicile-travail
18298,"[1020274, 6356, 1020149, 1021185, 1021186, 1021183, 1020805, 1020852, 1020451, 1020346, 1212, 1560, 1211, 187, 911, 1210, 7117, 6532, 6533, 1031000, 6531, 6530, 1030286, 6529, 1030559, 6528, 6527, 6526, 1030586, 6525, 1209, 7115, 7116, 1030499, 6515, 1050396, 6516, 4016009, 4016010, 1558, 4016008, 4014011, 6513, 6514, 7113, 7114, 1676, 1675, 4933, 4921, 4922, 4923, 4924, 4925, 1050127, 4002564, 1050126, 1050027, 1050125, 1050124, 1050104, 1050429, 1050105, 1050135, 1050106, 1050107, 1050246, 1050108, 1050269, 4003341, 1060073, 1060074, 1060075, 1060125]",7290,Social
1830,"[1600050, 5035, 5037, 1625096, 5036, 1625085, 1604177, 1604061, 1604060, 4009016, 4000961, 1604056, 1604104, 1604119, 1604103, 1604102, 1604142, 1604141, 1604149, 1604151, 1604152, 1624233, 1261205, 1624234, 1623907, 1623906, 1623961, 4017803, 4011658, 4007418, 4007423, 1443, 4007424, 4007406, 4007407, 1442, 4017672, 4465, 4880, 4456, 6988, 4490, 1250118, 1260721, 1250081, 1260724, 1260125, 1260037, 1260592, 1260036, 4872, 1260035, 1260034, 1260889, 1260563, 1260096, 1260562, 1261033, 1260650, 1261045, 1260049, 1260943, 1261046, 1260954, 4002905, 4002907, 1260653]",5825,Courses
18306,"[1614005, 1614003, 1614023, 1614002, 1613988, 4003801, 6616, 4016487, 4016489, 4016492, 5539, 4003800, 7040, 4003799, 5997, 5998, 5996, 6002, 6507, 1613899, 1613901, 1613846, 4003770, 4009331, 4009332, 4009330, 1430034, 4012475, 4012474, 1430136, 4017376, 1430239, 1430486, 1624675, 1624674, 1624673, 1430030, 1430501, 1430076, 1430500, 1430499, 1612397, 1612474, 1612396, 1612395, 1612394, 3848, 5276, 1612481, 5275, 5274, 1612476, 5273, 5272, 1612388, 5279, 1180162, 4017671, 5282, 1180224, 3892, 3891, 3890, 1180129, 3889, 1180169, 3888, 1180008, 3887, 1180447, 3886, 1180440, 3885, 1180433, 3884, 3883, 3882, 3881, 3880, 1180327, 3879, 1180417, 3878, 1180411, 3877, 1180391, 5310, 4522, 1170022, 4521, 4523, 1180241, 1181010, 1180529, 930, 670, 1383, 1464, 1382, 842, 229, 658, 4012747, 4012745, 4012746, 1190070, 1190162, 1190028, 4012748, 1190136, 4451, 1190014, 4450, 4449, 7162, 4810, 1190079, 4809, 4808, 4807, 1190215, 1614632, 4803, 4802, 4006017, 1200260, 4813, 4812, 4816, 1625591, 4815, 4800, 4180, 5501, 5502, 4814, 4098, 4096, 4095, 1210004, 4094, 4093, 1210118, 4177, 1210186, 4102, 1210034, 4266, 4100, 5244, 1210242, 5248, 1210292, 5247, 7971, 1210308, 4012307, 4012306, 5246, 7621, 4829, 5926, 1390627, 1210096, 1390626, 1210016, 1390625, 1220196, 4013758, 4013756, 5513, 1380898, 1380896, 1623799, 1380895, 1380894, 1220068, 1380893, 1220362, 1380891, 1380890, 1221002, 1380888, 1380885, 1380884, 1220304, 1380882, 1220339, 1380880, 1220005, 4014907, 1220365, 1380878, 1221009, 1380877, 1380876, 4013875, 1380875, 1250106, 1380874, 1250014, 1380873, 1250046, 1380871, 1250357, 1380870, 1250373, 1380902, 1250032, 1380903, 4862, 1380905, 4128, 1380909, 1250131, 1380911, 1250217, 1260720, 1250118, 1260721, 1250081, 1260724, 1260728, 1250002, 1260729, 1260037]",14043,Aller au travail
1832,"[1380568, 1380647, 1381362, 1380646, 1380016, 1380645, 1380644, 1380643, 1380642, 1380641, 1381069, 1380640, 1380639, 4011932, 4011930, 5252, 7850, 7851, 7852, 5254, 4008551, 1380084, 6956, 1380786, 1381402, 5052, 5053, 1380356, 4843, 4846, 4017450, 4017760, 4017761, 4861, 5256, 5255, 1381633, 1381439, 4014012, 1381142, 4014670, 4014671, 1381438, 4016645, 1380345, 6957, 6965, 1624098, 1624100, 1624103, 4007318, 1380217, 1380218, 1380219, 1381437, 1381644, 1380279, 1380532, 5057, 1370997, 4590, 4591, 1370859, 4592, 4011484, 4593, 4014974, 4014975, 4014973, 246, 1296, 4014696, 4014698, 936, 668, 241, 1313, 933, 663, 4015723, 237, 662, 934, 1371047, 1371103, 1371104, 1370459, 1370167]",5942,other
18329,"[1624973, 4006102, 4006716, 4006718, 4006713]",540,Magasinage
1837,"[1609330, 4008009, 1010424, 1010640, 1010087, 1010220, 4002613, 1010348, 1010349, 5415, 5159, 5160, 1010258, 366, 1010261, 1010533, 1213, 367, 1010150, 1010711, 1011063, 7148, 4013776, 1306, 4015744, 4015743, 7155, 6558, 7154, 1010607, 6557, 7153, 7152, 7151, 7150, 1010514, 7156, 1010216, 1010074, 1010522, 1845, 1578, 1577, 1576, 1010655, 7130, 7129, 1011048, 7128, 1010234, 1010164, 7127, 1010312, 7125, 1010206, 4015738, 4015739, 4010889, 4015737, 1020362, 7122, 1020645, 1020644, 1020643, 1020642, 1020641, 1020640, 4008674, 4008675, 1020405, 1020511, 1020404, 7121, 7120, 7131, 6543, 7119, 1212, 4205, 1035, 1211, 187, 1210, 1624764, 4011936, 1624765, 4008671, 1030439, 1030391, 1030390, 1030275, 1030590, 1030147, 4008672, 4011935, 7117, 6532, 6533, 1031000, 6531, 6530, 6529, 1030559, 6528, 6527, 6526, 1030585, 6525, 1209, 7115, 1030194, 7116, 1030498, 6515, 1050396, 6516, 6043, 1622548, 6045, 1050465, 1050192, 6044, 4949, 6524, 1050088, 6523, 1050344, 6522, 1050476, 4002533, 1030460, 4002530, 4002531, 1030459, 1030458, 4002527, 4002524, 4002525, 1030457, 1030241, 1030625]",14864,Domicile-travail
1839,"[723, 4017803, 1261200, 1240257, 1240174, 1240256, 1240263, 1240255, 1240190, 1240254, 829, 6166, 4254, 7992, 7198, 5026, 6167, 6169, 6168, 7197, 5021, 5022, 1240378, 5023, 6160, 5024, 1240353, 4014494, 1240354, 4014490, 4014488, 5661, 4016042, 4016043, 4016041, 5660, 4543, 5632, 1140095, 5633, 5634, 5635, 1140189, 5636, 2594, 5637, 1140306, 5638, 1140366, 5639, 1140109, 5640, 1140329, 5641, 5642, 7189, 6129, 1150100, 6130, 6139, 1150005, 6140, 4991, 6138, 6152, 2316, 2313, 1100041]",5397,Domicile-travail
1842,"[1607916, 6556, 3876, 1607881, 3875, 3874, 1607871, 1607860, 1607870, 3873, 5584, 3872, 1607876, 5585, 5586, 5587, 5588, 1607893, 5589, 5590, 1607906, 5591, 1607895, 5592, 5593, 1607929, 5594, 5595, 5596, 6554, 457, 5659, 4010440, 4012443, 4012442, 1608018, 4016163, 4016160, 1010372, 1010537, 1010373, 4002358, 1011054, 1625487, 1010719, 4016045, 4016046, 4016049, 4016044, 6372, 1020282, 6364, 6360, 6358, 1020595, 6368, 1020028, 6366, 1623794, 6350, 1020274, 1020149, 1021185, 1625649, 4015923, 4015924, 1559, 4015922, 1020768, 1604287, 1030440, 1030391, 1030439, 4008672, 4011935, 1624764, 1210, 187, 1211, 1030231, 1560, 1020346, 1212, 1020807, 7119, 4205, 6543, 7131, 7120, 7121, 1020875, 7122, 1020362, 4015737, 4015739, 4015738, 7125, 1010312, 7127, 1010234, 1010429, 7128, 7129, 7130, 1576, 1010238, 1010655, 1577, 1578, 1845, 1010074, 1010216, 7156, 6559, 7150, 1010635, 7151, 1010304, 7152, 1010603, 7153, 6557, 7154, 6558, 456, 7155, 1306, 4015742, 4015745, 1010712, 7148, 1010711, 367, 1010150, 1213, 366, 1010533, 1010261, 1010263, 1010341, 5419, 1010340, 1010339, 1010444, 1010017, 1010443, 1010451, 1010442, 1010455, 1010441, 1010344, 1609303, 1609321, 1609302, 1609320, 1609307, 1609317, 1609312, 1609336, 1609345, 1609358, 1609352, 4002591, 1609350, 1624248, 4008687, 1624803, 1624804, 1011042, 1010293, 1010479, 1010478, 6348, 6349, 6347, 1010475, 1010474, 6346, 1010647, 6344, 1010651, 1010179, 6547, 6549, 4961, 1609497, 1609498, 1609499, 4960, 1609512, 4963, 1608007, 1608030, 6637, 4589, 4520, 1608004, 7136, 1608033, 1608044, 1608042, 1608041, 6060, 1607928, 1607927, 1607921, 1607920, 1607919, 1608108]",16399,Sport
18420,"[5002, 843, 5003, 1120281, 5001, 1120085, 5004, 1120172, 7192, 6151, 7191, 4990, 7190, 1150004, 7189, 6129, 5000, 1150199, 4999, 236, 4014884, 1140089, 232, 4014895, 4014897, 660, 4014889, 1141104, 1140086, 233, 4014424, 661, 234, 1325, 1090, 4014550, 4014551, 4014552, 1240369, 6165, 6164, 6163, 6162, 1240065, 6161, 5027, 1240336, 5028, 5026, 5029, 5031, 5030, 4251, 4250, 4249, 4248, 4247, 1250404, 4882, 4012232, 4016797, 6960, 4862, 4126, 4125, 1380748, 1624134, 1380750, 1260070, 1260069, 4870, 4871, 4872, 1260946, 1260945, 1260097, 1260944, 1260652, 4002942, 1260943, 1260052, 4002904]",9300,Aller au travail
1843,"[1290331, 1290112, 1280300, 1290276, 1280298, 1600083, 1600078, 4009045, 4003165, 4009043, 1600075, 1280108, 1280291, 1280290, 1280317, 1280289, 1280288, 1624871, 4003258, 1280024, 1280287, 1280286, 1280285, 1280284, 1603853, 1603854, 1603901, 1603893, 1603902, 1603894, 1603903, 1603895, 1603904, 1603896, 1603889, 1603897, 1603898, 4000829, 1603899, 1603941, 4257, 1603940, 1603928, 1603929, 1603913, 1603930, 1603931, 1603932, 1603951, 1603950, 1603949, 1240187, 1240394, 1624925, 4013864, 1240393, 1240391, 1240390, 1240389, 1241002, 4014489, 4014551, 1312, 1538, 4014552, 4014487, 1240426, 1880, 1325, 4014550, 4014549, 1090, 1140183, 1140342, 1140013, 4544, 1140014, 1140097, 1140015, 1140176, 1140016, 1140017, 1140190, 1140018, 1140019, 1140306, 1140020, 1140368, 1140021, 1140022, 1140330, 1140023, 1140298, 1140024, 1140025, 7189, 1150004, 1150101, 1150005, 1150006, 1150173, 1150007, 1150092, 4994, 1150158]",6252,Domicile-travail
18447,"[1270323, 5043, 1600037, 1600036, 1600032, 1600033, 1270140, 4007918, 1270226, 1270178, 4011599, 4011600]",777,Work-related
18456,"[1381093, 6978, 1380272, 1381654, 1381385, 1380273, 1380274, 1380275, 1381428, 1380277, 1380278, 1381437, 1381644, 1380279, 1381643, 5057, 4590, 4591, 4592, 4593, 4014974, 243, 4014975, 3803, 5346, 1174]",1631,Aller au travail
1846,"[4013840, 1260493, 4013839, 1260243, 4606, 1260872, 4461, 1260549, 4460, 1260471, 4459, 1260449, 4463, 1614642, 1260463, 4462, 1260958, 4873, 1260946, 4872, 1260035, 4871, 1260123, 4870, 1260069, 4875, 1260070, 1380750, 1380423, 1624134, 1380748, 4124, 1381630, 1380200, 1380657, 1381105, 1380625, 1381040, 1380626, 1380629, 1380632, 1380862, 1380633, 1380432, 1380634, 1380635, 4008499, 1380636, 4008500, 4011697, 4011698, 1381442, 4014910, 4014911, 1380879, 4014907, 4014906, 1220363, 1220367, 1220011, 4835, 1220340, 4836, 1220316, 4837, 4838, 1220155, 4840, 1220213, 1020, 937, 244, 1220036, 4830, 5931, 6098, 6102, 1230212, 1230414, 7968]",5448,Domicile-travail
1847,"[1140425, 1141106, 1140304, 4014886, 4014887, 4008173, 4008167, 4008174, 4014902, 4014903, 4014897, 4014895, 1140088, 1140089, 4014884, 4999, 236, 4014882, 4014880, 4014883, 4014879, 4014878, 4014876, 1, 7181, 4243, 4242, 7187, 1230042, 7188, 5630, 1230260, 7180, 3808, 1230544, 4987, 4542, 6102, 1230189, 6098, 5931, 1220138, 4830, 1220043, 1220036, 4826, 244, 1220216, 1220215, 1220214, 1220213, 1220360, 1220031, 1020, 4917, 1220212, 1221002, 1380018, 1380017, 1380016, 1380645, 1380644, 1380831]",4547,Commute
1848,"[1380831, 1380644, 1381186, 1380645, 1381609, 1380888, 1221002, 1220361, 1220212, 4840, 4917, 1020, 937, 244, 1220359, 4002981, 1220358, 4002982, 1220357, 1220036, 1220043, 4830, 1220138, 5931, 6098, 6102, 4542, 4987, 7180, 6108, 1230467, 6111, 1625599, 6110, 6109, 7181, 1, 4014876, 4014878, 4014879, 4014883, 4014885, 4014882, 236, 4999, 4014884, 232, 1140089, 1140088, 4014895, 4014897, 4014903, 4014902, 4008174, 4008173, 1140425, 1140304]",4307,Commute
1849,"[1140425, 1141106, 1140304, 4008173, 660, 4008174, 4014902, 4014903, 4014897, 4014895, 1140088, 1140089, 4014884, 4999, 236, 4014882, 4014883, 231, 4014879, 4014878, 4014876, 1, 7181, 4243, 1230037, 4242, 7187, 1230042, 7188, 1230108, 5630, 1230415, 1230260, 7180, 3808, 4987, 4542, 6102, 1230189, 6098, 1230345, 5931, 1220137, 4830, 1220043, 1220036, 4826, 244, 5243, 5514, 5242, 937, 1220360, 1220213, 1220212, 1221002, 1380888, 1380018, 1380017, 1380645, 1380644]",4300,other
185,"[1490747, 6841, 1490748, 1490749, 1490884, 1490883, 1490837, 4004174, 1491185, 1491186, 1490090, 1490504, 1490542, 4010249, 1169, 167, 908, 4435, 4434, 1490340, 4433, 4431, 166, 7658, 7659, 4755, 4754, 4753, 4010253, 4752, 4751, 4761, 4760, 4759, 4010254, 4758, 4757, 4756, 6845, 6844, 1613739, 1613741, 1613727, 1613724, 1613722, 1613721, 1613720, 1613718, 1613719, 4017242, 4017243, 1613734, 1613717, 4017240, 1613775, 6850, 1613778, 4013045, 4013044, 4013047, 4013046, 6855, 6854, 1613793, 6856, 1624404, 4006425, 4006424, 1460128, 1460229, 1460147, 1460089, 1460148, 1460149, 1460360, 1460150, 1625716, 1625717, 1460151, 1460305, 1460152, 1460379, 1460153, 1460201, 1460154, 1460430, 1460155, 1460448, 1460344, 4003969]",7129,Domicile-travail
1850,"[1380446, 1380644, 1381186, 1381609, 1380888, 1380018, 1380890, 1220361, 1221000, 4917, 1020, 1220360, 4002980, 1220359, 4002981, 1220358, 4002982, 1220357, 244, 1220036, 1220043, 4830, 5931, 1230344, 6098, 1230189, 6102, 4987, 7180, 1230260, 6108, 6111, 6110, 6109, 7181, 1, 4014876, 4014878, 4014879, 231, 4014883, 4014885, 4014882, 236, 4999, 4014884, 232, 1140089, 1140088, 4014895, 4014897, 4014903, 4014902, 4008174, 4008173, 1140425, 1140304]",4228,Work-related
1852,"[1600413, 1360411, 1360077, 1360410, 1360366, 4017284, 4017288, 4015268, 4016691, 4017369, 4017370, 1600910, 1600894, 1600952, 1600950, 1600909, 1600959, 1600946, 4007312, 4007311, 5071, 5070, 4008736, 4008734, 7236, 1260131, 1260436, 1260119, 7235, 1260269, 7230, 1260925, 7234, 1260839, 7233, 1260853, 7232, 1260566, 7231, 1604450, 4605, 1260400, 4604, 1260059, 1260420, 1260206, 4603, 1260494, 4601, 1260243, 4606, 1260872, 4461, 4460, 1260471, 4459, 1260449, 4463, 1614642, 1260463, 4462, 1260958, 1260946, 4872, 1260035, 4871, 1260123, 4870, 1260069, 4875, 1260070, 1380750, 1380423, 1624134, 1380424, 1380909, 1250131, 6987, 1250134, 4878, 4142, 4869, 4016797, 4868, 4452, 4867, 1250374, 1250257, 1250358, 1250258, 1250047, 1250259, 1250016, 1250238, 1250108, 1250239, 7979, 1250240, 1250096, 1250241, 1250061, 1250242, 3784, 3783, 1220267, 4017379, 4017381, 4017380, 1220079, 4017383, 4017385, 4017384, 4113, 4017387, 4017389, 4017388, 1220127, 4017391, 4017393, 4017392, 1220168, 1220258, 1220170]",7021,Autre
1856,"[4247, 1250300, 1250303, 4248, 1250339, 1250304, 1250038, 1250338, 1250337, 1250379, 1250380, 1250381, 1250006, 1250382, 1250383, 5337, 1625079, 1250440, 1250386, 1250164, 1250387, 1240343, 7964, 1240344, 1240436, 1240324, 1240345, 6113, 1240346, 1240119, 1240348, 1240226, 1240349, 1240374, 1240350, 1240351, 1240353, 1240354, 4014490, 4014488, 5661, 4016042, 4016043, 234, 4016040, 4016041, 1667, 4012173, 1140342, 1140013, 1140343, 1140344, 1140371, 1140346, 1140347, 1140156, 1140348, 1140349, 1140350, 1140351, 1140352, 1625647, 1121102, 1120254, 1120027, 1120255, 1120203, 1120257, 1120259, 4003245, 1120260, 1120267, 1120261, 4009621, 4009620, 1110596, 1110232, 1110595, 4009599, 4009598, 1110593, 1110102, 1111112, 4009683, 4009682, 1040161, 1040534, 1625196, 4003253, 1625198, 1030503, 1030504, 1040065, 1030505, 1623806, 4015540, 4015542, 4015541, 1030394, 1030508, 1030509, 1030510, 1030174, 1030059, 1030175, 1030537, 1030176, 1030158]",8715,Domicile-travail
1859,"[4007675, 1380603, 1381601, 1390658, 1380683, 1380684, 1381608, 1381604, 6955, 1390038, 1390720, 1390177, 914, 4017100, 1391012, 1390717, 5932, 1625387, 1625386, 1773, 1188, 1390521, 1187, 430, 1624148, 5925, 5923, 1390675, 5924, 1390398, 6931, 1390452, 6932, 6933, 6934, 6935, 1390327, 6936, 7071, 6937, 1390474, 6938, 6939, 6940, 6941, 1390604, 6942, 1390276, 6943, 4103, 1390244, 1390632, 1210241, 5248, 1210242, 1210220, 1210244, 1210259, 1210245, 1210246, 4003015, 1230330, 1230273, 1230272, 1230386, 7977, 1230271, 1230283, 1230284, 4014863, 4014861, 4014862, 4014866, 230, 4014867, 4014865, 1160286, 4003267, 1161100, 1160587, 1160287, 1160288, 1160105, 1160107, 1160203, 1160383, 1160204, 1160071, 1160205, 1160206, 1160207, 1160002, 1160208]",6400,Social
1860,"[5637, 5636, 4015044, 5635, 5634, 4015040, 5633, 5632, 5660, 4016041, 4016040, 4016043, 4016042, 1240426, 5661, 4014488, 4014490, 6180, 5024, 5023, 5022, 1240123, 5021, 6168, 1240336, 6169, 6167, 7198, 5026, 5029, 5031, 5030, 4251, 4250, 1250007, 4249, 4248, 4247, 1250404, 4882, 4012232, 4016797, 6960, 4862, 1380903, 4126, 4125, 4124, 4127, 1381196, 1381195, 1381194, 4002947, 1381390, 1381192, 1381190, 1381188, 4453, 1380293, 4454, 1380176, 4455, 6970, 1380019, 6971, 6981, 4004559, 6972, 6973, 4004936, 6985, 1371425, 6983, 4007667, 1371428, 4004564, 6982, 1371165, 1371054]",5766,Domicile-travail
1865,"[4909, 1430132, 4906, 4905, 1430171, 4904, 6509, 3852, 5280, 5277, 5278, 1612471, 1612467, 1612468, 1612382, 1612383, 1612444, 4003617, 1612450, 1180076, 1180130, 1180075, 1180074, 1180073, 1624170, 1180072, 1180071, 1180069, 1180427, 1180068, 1180328, 1180067, 1180066, 1180413, 1180065, 4003587, 1180064, 1180393, 1180063, 1180384, 1170064, 1170287, 1170063, 1170062, 1170061, 1080037, 1170266, 1170059, 1080035, 1080034, 4017587, 4017580, 4017579, 1080033, 1080032, 1080031, 1080534, 1080030, 1090040, 1090039, 1090038, 1090037, 1090036, 1170192, 1090035, 1090034, 4008352, 1090033, 1090032, 1090334, 1090031, 1090326, 1090030, 1090315, 1090029, 1090028, 1090027, 1090026, 1090025, 1100017, 1100016, 1100015, 1160409, 1100014, 1160208, 1100013, 1160293, 1100012, 1100011, 1100010, 1100009, 1160368, 1150025, 1150024, 1150023, 1150022, 1150159, 1150021, 1150020, 7880, 6152, 1150102, 6151, 7192, 5004, 1120084, 5001, 5003, 1120208, 5002, 1120016, 1110277, 1110276, 1110516, 1110275, 1120056, 1110274, 1110025, 1110026, 1110027, 1110344, 1110202, 1110343, 1110203, 1110509, 1110342, 3909, 1110341, 1110340]",9969,Autres
1867,"[1410039, 1410037, 1410276, 4770, 4771, 6894, 4777, 1410068, 1410580, 4769, 1625408, 1410626, 156, 601, 155, 600, 154, 4009801, 4009799, 4009905, 4009800, 4009794, 153, 598, 1410304, 152, 1410463, 151, 1410085, 907, 150, 4009778, 595, 1410387, 1410483, 149, 1292, 1410043, 191, 4009773, 4006876, 192, 912, 1390447, 1390207, 1311, 1390300, 628, 195, 1390663, 629, 4009295, 4009294, 1390727, 4007893, 1188, 1773, 1625386, 1625387, 5932, 4017100, 914, 6948, 5933, 1390594, 4842, 6955, 1390038, 1381608, 1381604, 1381603, 1381430, 1380806, 4002966, 1380805, 1380804, 1380803, 1380802, 1380669, 1380801, 1381320, 1380800, 4002961, 1380799, 4002960, 1380798, 4002959, 1380797, 5524, 1380012, 5523, 1381180, 5522, 1380794, 1380793, 1380792, 4002956, 1380791, 1380790, 6956, 1380786, 1381402, 6958, 1380084, 4839, 4841, 1381017, 4844, 4848, 4847, 1380484, 1381105, 7901, 4017220, 1380570, 7902, 1175, 1381196, 4127, 1380750, 1260070, 4870, 4871, 1260035, 4872, 1260947, 4873, 4457, 4462, 4464, 4463, 1614642, 1625389, 1625390, 1260894]",8579,Domicile-travail
18672,"[879, 1164, 1116, 1031, 532, 83, 531, 1135, 530, 1274, 82, 878, 81, 5386, 5387, 5384, 5383, 6663, 5382, 4010576, 1601294, 5379, 1601401, 1601267]",4642,Exercise
1868,"[4003313, 1070498, 1070133, 1070487, 1070400, 1070488, 1070122, 1070489, 1070490, 1070144, 1070481, 1070143, 1070470, 1070142, 1070464, 1070141, 1070460, 1070140, 1070173, 1070174, 717, 1328, 1166, 1282, 306, 6541, 6540, 4010699, 6539, 1625203, 6537, 6538, 1040021, 6536, 6535, 4007760, 4935, 1180, 4201, 4202, 1040354, 4015533, 4517, 1040091, 4516, 1040394, 4515, 1040222, 4514, 1040031, 4513, 3862, 1040228, 4015991, 4015993, 4015992, 1050293, 3863, 4017425, 4017428, 4017423, 1050345, 3866, 1050089, 3867, 6518, 4008656, 4008657, 4008655, 1050464, 6519, 1051002, 6517, 1050471, 6042, 6043, 1050150, 1030498, 1030202, 1030201, 1030194, 1030200, 1030199, 4002491, 1030198, 1030517, 1030205, 1030206, 1209, 6525, 1030586, 6526, 6527, 6528, 1030559, 6529, 1030286, 6530, 6531, 1031000, 6533, 6532, 7117]",7938,Travail
1871,"[1410611, 1410612, 1410282, 4767, 4436, 4776, 1410594, 4775, 1410330, 4774, 1410534, 4773, 1410036, 1410276, 4770, 6894, 4771, 1410453, 4780, 814, 1410500, 4778, 4012484, 4012481, 4779, 5614, 5492, 4017904, 4015053, 4015051, 4015050, 842, 249, 1464, 670, 1383, 1180528, 5317, 1180242, 5314, 5311, 5312, 1180093, 5313, 1180025, 5315, 5316, 5310, 1180391, 1180392, 1180063, 1180384, 1612565, 1612566, 1612567, 4011929, 4010839, 4017103, 1611911, 1611902, 1611905, 1611904, 1611894, 1611896, 1611907, 1611900, 4016526, 1611923, 1611908, 1080192, 1611880, 1611854, 4003601, 1611821, 1611846, 1611845, 1611844, 1611843, 1611842, 1611840, 1611838, 1611834, 1611870, 1611833]",8512,Commute
18725,"[1601053, 4005065, 4005066, 1270265, 1600727, 1600722, 1600730, 1600726, 1600731, 1601050]",1160,other
1873,"[1100020, 1100177, 1100211, 1100012, 1160293, 1160292, 4218, 1160095, 6121, 1160137, 5329, 5328, 6137, 1160123, 6136, 6135, 6125, 6134, 6133, 1150090, 6132, 1150172, 6131, 6130, 1150099, 6129, 5000, 5642, 5641, 5640, 1140109, 4008177, 4008171, 4014896, 4014901, 4014900, 1624684, 1624683, 1624685, 1624686, 1230461, 1230479, 1230478, 1625228, 1230477, 1625229, 7184, 1230396, 1230091, 1230395, 1230490, 1230551, 1230394, 1230393, 1230020, 1220248, 4009051, 1220346, 1220345, 1220344, 1220083, 1220343, 1220342, 1220270, 1221018, 1220057, 1220269, 1220013, 1220268, 1220363, 4002984, 4014906, 4014907, 1380879, 4014911, 4014910, 4012064, 1380639, 4011930, 5253, 4011697, 4008500, 1380636, 4008499, 1380635, 1380634, 1380633, 1380632, 1380629, 1380626, 1380625, 1380657, 1381630, 4124, 1380748, 1624134, 1380423, 1380750, 1260070, 1260069, 4870, 4871, 1260035, 4872, 1260946, 1260945, 1260097, 1260944, 4002942, 1260943, 1260052]",8542,Domicile-travail
1874,"[1030179, 1030375, 1030178, 1030158, 1030177, 1030583, 1030176, 1030175, 1030059, 1030174, 1030510, 1030168, 1031155, 1030169, 1030289, 1030170, 1031104, 4002538, 1030171, 1030494, 1050087, 6523, 1050343, 6522, 1050370, 4015995, 4015996, 4015994, 1040347, 3871, 1040066, 3870, 1040297, 1040042, 4955, 3869, 5305, 6052, 1040194, 1040027, 1040195, 1040218, 1040196, 1040197, 1040198, 1040526, 1040199, 1040367, 1040200, 4204, 7118, 4013714, 4013713, 4959, 5306, 1040171, 1040375, 4519, 1110381, 4518, 1110351, 7193, 1110406, 7194, 1110278, 1110605, 1014, 843, 5002, 5003, 5001, 1120085, 5004, 1120171, 7192, 6151, 7191, 1140382, 7190, 7189, 5642, 5000, 4999, 236, 4014882, 4014883, 231, 4014879, 4014878, 4014876, 1, 7181, 6109, 6110, 6111, 6108, 1230260, 7180, 3808, 4987, 1230212, 6102, 1230189, 6098, 1230345, 5931, 1220137, 4830, 1220042, 1220036, 4826, 5512, 4827, 1220049, 4822, 4824, 1220244, 5513, 1380898, 4008748, 1380009, 4005774]",11735,Domicile-travail
1875,"[1110236, 1883, 1110237, 1110238, 1110034, 1110269, 1120225, 1120224, 1120273, 1120222, 1120093, 1120221, 6157, 1120219, 1120290, 1120164, 1140309, 1140308, 1140377, 1140307, 1140306, 4017151, 1140286, 1140304, 1141106, 4014888, 4014889, 4014893, 4014890, 4014892, 4009122, 4009123, 1230449, 1230448, 1230447, 1240301, 3773, 1240331, 1240429, 3775, 3776, 4012498, 4012497, 3778, 4017392, 4017394, 4017391, 1250171, 4017388, 4017390, 4017389, 4017387, 4017384, 4017385, 4017383, 4017380, 4017381, 4017379, 1250298, 1250062, 1250297, 1250097, 1250296, 7981, 1250295, 1250109, 1250294, 1250017, 1250293, 1250049, 1250236, 1250235, 1250243, 1250037, 1250035, 4867, 4452, 1250176, 6960, 4862, 6959, 4129, 6987, 1250131, 6986, 1250217, 6988, 4490, 4139, 1250081, 4140, 1250002, 4141, 7625, 5258, 1260732, 1260977, 1260733, 1260465, 1614643, 1260734, 1614660, 1260735, 1260472, 4459, 1260471, 1260470, 1260895, 1260469, 4008721, 1260656, 1261048, 4017674, 1260292, 1614645, 1260445]",9122,Domicile-travail
1881,"[1220192, 1220158, 1220275, 1220215, 1220002, 1220214, 1220031, 1220213, 1220212, 1221002, 1380888, 1380018, 1380017, 1380016, 1380834, 1380015, 1380014, 1381225, 1380013, 4002958, 5523, 5524, 4002959, 5525, 5526, 5528, 1381412, 5529, 5530, 4002965, 5531, 4002966, 6952, 6953, 4002967, 7072, 6954, 6955, 1390720, 1390177, 914, 1391012, 1390717, 1391013, 1390716, 1625386, 1773, 1188, 4007893, 1390521, 1187, 430, 196, 4008472, 629, 195, 628, 1390300, 1311, 1390207, 627, 912, 4006873, 4009992, 4009991, 191, 1292, 1410043, 149, 906, 595, 1410301, 1410302, 1410700, 1410216, 150, 907, 1410645, 1410364, 596, 151, 597, 1410463, 152, 1410304, 598, 153, 4009800, 599, 4009799, 154, 1614624, 1614623, 1625358, 155, 601, 156, 579, 900, 157, 4009808, 602, 158, 4012578, 603, 159, 604, 1625186, 1293, 4015928, 4015930, 4015929, 4009819, 4009821, 4009822, 4009824, 4444, 4009827, 4443, 4009828, 4070, 4009835]",8483,Domicile-travail
1882,"[1240251, 5017, 5031, 1250174, 5030, 5015, 4251, 1250078, 4250, 4249, 1250339, 4248, 1250300, 4247, 1250245, 1250404, 1250246, 1250010, 1250247, 1250424, 1250248, 1250139, 1624343, 4007401, 4017672, 4007412, 4007414, 4007413, 1442, 4465, 4880, 4456, 1250218, 6988, 1250118, 4139, 1250081, 4140, 1250002, 4141, 7625, 5258, 1261218]",2420,Commute
1884,"[1240190, 4255, 1240254, 7819, 439, 1250175, 1625541, 4007420, 1439, 1441, 1442, 4007413, 4007414, 1250451, 4465, 4880, 4456, 6988, 4490, 1250118, 1260721, 1250081, 1260724, 1260125, 1260591, 1260124, 4870, 1260035]",2534,Shopping
18841,"[1030370, 1030153, 1030576, 1030428, 1030122, 1030530, 1030053, 1030119, 1030120, 4009676, 4010961, 1110382, 1110145, 1110533, 4003251, 1110532, 4009598, 4009597, 1110531, 4009599, 1110530, 1110595, 4003249, 1110529, 4009626, 4009630, 4009622, 4009619, 4009623, 4009621, 1120261, 1120301, 4003246, 1120260, 1120302, 4003245, 1120303, 4003244, 4003241, 1120038, 1120064, 1120175, 1140122, 1140263, 1140121, 1140120, 1140384, 1140118, 1140027, 1140117, 1090, 1325, 1880, 4014551, 1240426, 4014487, 4014489, 1312, 4014552, 1538, 1240369, 6160, 6165, 1240378, 6164, 6163, 1240124, 6162, 6161, 5027, 1240336, 1240438, 5026, 5029, 1240251, 5031, 1250175, 439, 1439, 5016, 4251, 1250078, 4250, 1250007, 4249, 1250339, 4248, 1250300, 4247, 1250245, 1250404, 1250094, 4882, 4012232, 4868, 4016797, 6959, 4129, 6987, 1250131, 6986, 1250217, 6988, 1250118, 1260720, 1260721, 1260724]",8050,Domicile-travail
1893,"[1600410, 1600413, 1360453, 1360452, 1360365, 1753, 1360364, 1360363, 4011474, 4011473, 1360595, 1360224, 1360594, 1360027, 1360631, 1360593, 1600243, 1360271, 1360097, 1624962, 1360096, 1360200, 1360095, 1360525, 1360094, 1360617, 1360093, 4015718, 220, 4015719, 650, 927, 652, 222, 917, 653, 223, 1625744, 1625745, 656, 227, 1043, 7262, 934, 1371047, 237, 4015723, 663, 933, 242, 1313, 241, 936, 668, 245, 4014698, 913, 4014696, 1296, 4014975, 669, 246, 4014973, 4014974, 243, 4593, 4592, 4591, 4590, 5057, 1380220, 1381643, 1380279, 1381644, 1380278, 1380277, 1381428, 1380275, 1380274, 1380273, 1380272, 1381385, 1381654, 6978, 6979, 6961, 1625248, 1624105, 6963, 6964, 1625247, 4007729, 6957, 5934, 4016645, 4014671, 4014670, 4014012, 4014669, 5255, 5256, 1380969, 4017450, 4017760, 4854, 4846, 4843, 5054, 5052, 5533, 1380790, 6956, 1381220, 1380084, 1380495, 4839, 5254, 7852, 7851, 7850, 5252, 4011930, 4011932, 4012064, 4014910, 4014908, 1381441, 1380880, 1220005]",7879,Domicile-travail
1896,"[1090270, 1090044, 4010975, 1070169, 1608864, 1070170, 1070171, 1070202, 1625225, 1625782, 1625783, 1048, 1625659, 1625660, 1070542, 4008700, 4010967, 4006776, 1100251, 4008701, 4008704, 4008702, 4008705, 1100026, 1100158, 1100220, 1600203, 1100159, 4008116, 1100099, 1100147, 1100148, 1100238, 1100339, 1100091, 1100340, 1090269]",4491,Courses
18963,"[1500370, 612, 174, 611, 910, 172, 909, 4481, 1092, 1500788, 4426, 4425, 4424, 1606406, 4430, 4429, 1623987, 4428, 1500817, 4427, 4423, 4422, 1500693, 4421, 1500356, 4420, 171, 1500684, 4027, 455, 6836, 4748, 4747, 4746, 4750, 4012514, 4012515, 6835, 6834, 6833, 5460, 5461, 1167, 4749, 1500633, 6832, 1500621, 6831, 6830, 1500603, 6829, 1623996, 170, 610, 169, 1500516, 6840, 4033, 168, 609, 1624461, 1624460, 1168, 1624459, 1170, 1169, 4010248, 167, 908, 4435, 4434, 1490340, 4433, 4431, 166, 7655, 4755, 4754, 4753, 4010253, 1490528, 1490588, 1490221, 1490589, 411, 1490590, 1490481, 1490591, 1490043, 1490584, 1490042, 1490577]",7960,Sport
18969,"[1380014, 1380015, 1380016, 1380017, 1380018, 1380890, 1221002, 1380888, 1380885, 1380884, 1220304, 1380882, 1380880, 1220005, 1380879, 4014907, 1220365, 1380878, 1381021, 1380877, 1380876, 1380875, 1380397, 1380874, 1380144, 1380873, 1380871, 1380870, 1250373, 1250374, 4867, 1250375, 1250376, 1250093, 1250377, 1250243, 1250378, 1250379, 1250337, 1250380, 1250381, 1250006, 1250382, 1250077, 1250383, 5337, 1625079, 1250386, 1250173, 1250387, 1240250, 1240343, 7963, 1240344, 4003149, 1240345, 6120, 1240346, 1240123, 1240348, 1240349, 1240377, 1240350, 1240351, 7949, 1240353, 1240354, 4014490, 4014488, 5661, 4016042, 4016043, 4016040, 234, 4016041, 1667, 4012173, 1140183, 1140342, 1140343, 1140027, 1140028, 1140360, 1140361, 1140386, 1140362, 1140037, 1140408, 1140038, 1140245, 1140246, 1140002, 1140003, 1140001, 1140410, 1120177, 1140363, 1120176, 1120064, 1120175, 1120304, 4003240, 1625647, 1120254, 4003244, 4003241, 1120303, 1120259, 4003245, 1120260, 1120261, 4003247, 4009621, 4009619, 4009620, 4009622, 4009627, 1110596, 1110529, 1110530, 1110352, 1110531, 1110532, 4003251, 1110533, 1110611, 1110610, 4009681, 1110382, 4009680, 1040160, 4009678, 4009676, 4010961, 4009674, 1625189, 1030121, 1030122, 4010960, 1031146, 1030123, 4007514, 1030125, 1030370]",9409,Social
1898,"[1190128, 1190136, 4012748, 1190028, 1190162, 1190070, 4012746, 4012745, 4012747, 658, 229, 842, 249, 1382, 4015050, 4015051]",1662,Autre
190,"[6111, 6110, 1230416, 6109, 1, 7181, 1230532, 1230462, 4006641, 1230461, 1624686, 1230460, 1230399, 4017430, 4017429, 1230391, 1230454, 1230453, 1230447, 1240030, 1240103, 1240029, 1240159, 1240229, 1240135, 1240228, 1008, 1240227, 1240316, 1240226, 1240349, 1240374, 1240350, 1240377, 5022, 5021, 6120, 6168, 1240336, 1240438, 6169, 7963, 6167]",2704,Shopping
1902,"[7117, 1030219, 6532, 1030547, 6531, 6530, 1030286, 6529, 6528, 6527, 6526, 1030586, 6525, 1209, 1030206, 1030205, 1030517, 1030198, 1030622, 1030244, 1030199, 1030292, 1030200, 1030201, 1030006, 1030202, 1050150, 6045, 1050466, 1050191, 6044, 5558, 6524, 1050087, 6523, 1050343, 6522, 1050476, 1050370, 4015995, 4015996, 4015994, 1040347, 3871, 4512, 6049, 4513, 1040030, 4514, 1040221, 4515, 1040393, 4516, 1040090, 4517, 1040529, 1040578, 6626, 1040410, 6625, 193, 1040561, 1040103, 6630, 1040062, 6631, 6633, 1040018, 6632, 1040433, 6629, 4013102, 6635, 6628, 306, 959, 1282, 1328, 717, 960, 718, 307, 719, 308, 1048, 1070129, 1070130, 1070476, 1070131, 1070132, 1070487, 1070133, 1070497]",8348,Courses
19053,"[4008408, 1371121, 1371233, 1370858, 1370805, 1370857, 1370856, 3803, 5346, 5343, 4014692, 4014693, 4014691, 4014690, 1625781, 1174, 1370995, 1326, 935, 4015723, 240, 665, 931, 239, 664, 4017835, 238, 4017833, 657, 929, 225, 655, 1042, 4015717, 224, 654, 849, 4015716, 223, 653, 222, 652, 221, 220, 926, 1041, 1371114, 7, 1371503, 1370028, 7995, 6217, 5091, 6216, 6215, 6214, 4016099, 4016100, 4016102, 4016101, 4279, 4281, 4280, 5092, 4010513, 4288, 4289, 4290, 1601217, 4285, 4286, 4287, 4293, 4294, 4292, 4295, 4296, 1601424, 4297, 4298, 4299, 1601412, 4300, 1601413, 4301, 1601440, 1601441, 7287, 7281, 7283, 7284]",7014,Aller au travail
19055,"[1180431, 2295, 1180101, 2651, 1180100, 1180422, 1180099, 1180098, 1180321, 1180097, 1180096, 1180095, 1180094, 1180093, 1170090, 1170089, 1170088, 1170087, 1170086, 1170085, 1170084, 1170254, 1170083, 4003088, 1170082, 1170079, 1170078, 1170077, 1170074, 1170073, 7883, 7891, 1170071, 1170178, 1170070, 1170145, 1200026, 1200025, 1200024, 1200389, 1200023, 1200022, 1200021, 1200020, 1200019, 1200018, 1200017, 1160075, 1160074, 2628, 1160073, 1160072, 1160071, 1160070, 1160069, 6137, 6136, 6135, 6134, 6133, 6132, 6131, 6130, 6129, 5642, 5641, 5640, 5639, 5638, 5637, 5636, 5635, 5634, 5633, 5632, 5660, 4016041, 4016040, 234, 4016043, 4016042, 1240426, 5661, 4014490, 6180, 5024, 7949]",6174,Aller au travail
19056,"[1370777, 4017685, 4017684, 1370161, 1371326, 1371328, 1371327, 1370774, 1370624, 4014929, 1371324, 4014930, 1370761, 4009568, 1371428, 4008541, 1371055, 1371338, 1260817, 6983, 4004933, 4015028, 4134, 4004559, 1260061, 4132, 4136, 4135, 4014938, 6980, 4006980, 6968, 1381099, 6966, 6967, 1380964, 4015708, 4859, 1381497, 4860, 4861, 1380969, 4004852, 4004853, 4004799, 4004800, 4004844, 4004890, 1381634, 4014654, 1381418, 1380011, 1380361, 1380012, 5523, 1380796, 1380013, 1381225, 1380014, 1380500, 1380015, 1380833, 1380016, 1380645, 1380017, 1380018, 1221002, 1220212, 4840, 1220213, 1220360, 937, 244, 4826, 4827, 4822, 4824, 1220244, 6484, 1220203, 6485, 6486, 6487, 5927, 5928, 5930, 1210378, 5929, 5623, 4532, 1210352, 4533, 1230269, 4531, 6090, 4014863, 1230284, 4014861, 4014862, 4014864, 4014868, 4014867, 1160585, 1160160, 1160586, 1160587, 1160287, 1160104, 1160288, 1160382, 1160289, 1160070, 1160290, 1160018, 1160291, 1160017, 1160016]",8371,Domicile-travail
1906,"[1270350, 1270184, 1270208, 7211, 1270183, 1270147, 1270252, 1270253, 1270289, 1270294, 1270288, 1270231, 1270287, 1270233, 1270286, 1270283, 1600687, 1600691, 1600711, 1600690, 1600689, 1600701, 1600779, 1600789, 1600790, 1600799, 1600801, 1600800, 1604280, 1604279, 1604278, 1600824, 1604277, 1604276, 1600840, 1600839, 1600842, 1600855, 1600856, 4000979, 4015217, 4015219, 4015218, 4017691, 4017692, 4017690, 4004255, 1360468, 5729, 5728, 5724, 4013665, 4013667, 4013664, 1360003, 6274, 6275, 1360295, 5726, 5727, 5720, 1360605, 5719, 5718, 5401, 5402, 5403, 1360391, 212, 642, 924, 4007748, 211, 4007751, 641, 210, 640, 923, 4007663, 208, 639, 922, 1280, 207, 763, 1350606, 6669, 6670, 1350579, 1350578, 1350183, 1350126, 1350125, 1350124, 1350123, 1350122, 1623988, 1350251, 1351021, 5368, 523, 1601368, 76, 524, 1118, 525, 1119, 4017355, 4017008, 7274, 527, 1601328, 1601327, 1601215, 1601214, 1601213, 1601201, 5096, 1601172, 5097, 4010513, 4012540, 4010519, 4010520, 5359, 1601195, 4001786, 5358, 1601235, 5357, 4011766, 4282, 4007124, 4284, 4013927, 1332, 4017050, 4017051, 4016500, 4016501, 4016112, 4014057, 4016103, 4012987, 1309, 1082, 461, 851, 21, 4012398, 4012397, 1609859, 4007080, 4002922, 468, 4006266, 4006273, 4006274, 1609750, 1609796, 4001416, 1609741, 1609752, 1609726, 1609728, 4014685, 4014682, 1267, 1609714, 1268, 4005282, 4005281, 4005280, 4005279, 1609700, 4001405, 1609698, 1609697, 4007595, 1265, 6226, 4004567, 6228, 6229, 6227, 6225, 7907, 4008128, 4008125, 4008129, 4008126]",15988,Domicile-travail
19061,"[1260297, 1260492, 1261054, 1260665, 1260493, 1260494, 4017031, 4017030, 4017032, 1260742, 4008402, 1260741, 1260877, 1260740, 1260550, 1260738, 1260472, 1260737, 1260735, 1614660, 1260734, 1614643, 1260465, 1260733, 1260977, 1260732, 4458, 1260731, 1260948, 1260730, 1260037, 1260729, 1260728, 1260125, 1260724, 1260721, 1260720, 1260072, 1380911, 1380424, 1380909, 1380905, 4126, 1380903, 1380202, 1380902, 1381107, 1380870, 1381043, 1380871, 1380873, 1380144, 1380874, 1380397, 1380875, 1380876, 1380877, 1381021, 1380878, 1381442, 4014911, 4014909, 1381441, 1380880, 1381070, 1380882, 1380884, 1380953, 1380885, 1381609, 1380888, 1380018, 1380890, 1381364, 1380891, 1380568, 1380893, 1380060, 1380894, 1381333, 1380895, 1380681, 1380896, 1380736, 1380898, 4008748, 4013756, 4013757, 1391006, 1390625, 4012075, 1390626, 1390148, 1390627, 1390030, 1390628, 1390383, 1390629, 1390174, 1390630, 1390532, 1390631, 1390410, 1390632, 1390244, 1390633, 1390623, 1390634, 1390063, 1390635, 1390318, 1390636, 1390222, 1390637, 1390252, 1390639, 1390022, 1390640, 1390295, 1390641, 1390418, 1390642, 1390701, 4006877, 4006878, 4006879, 1400298, 1400548, 1400475, 1400323, 1400477, 1400402, 1400479, 1400197, 1400480, 1400502, 1400481, 1401001, 1400482, 1400178, 1400483, 1400157, 1400484, 1400040, 1400486, 1400285, 1400487, 6928, 1400488, 1400335, 1400489, 1401010, 1401011, 1400053, 1400492, 1400375, 4013588, 4013593, 4013586, 1420440, 1420266, 1420441, 4003025, 4012746, 4012745, 4012747, 658, 229, 4015052, 4015049, 4015050, 4015048, 249, 1464, 670, 1383, 1180528, 5314, 5311, 1180316, 5312, 1180094, 5313, 1180025, 5315, 1180046, 5316, 5310, 1180391, 1180116, 1180117]",10664,Aller au travail
19062,"[4008460, 1614680, 1614679, 5664, 5066, 4008531, 1523, 4006504, 1524, 1525, 4014941, 1133, 4008532, 4008459, 4014958, 4014952, 1519, 4008462, 4008723, 4017753, 1520, 4007319, 4014731, 1183, 6, 4014732, 4014733, 4012770, 4014696, 4008490, 459, 4014698, 5, 668, 936, 241, 1313, 933, 663, 4015723, 237, 934, 1043, 227, 656, 1625745, 4015716, 223, 653, 222, 652, 221, 651, 220, 926, 648, 7903, 850, 4006067, 4006066, 4006068, 4006896, 1360632, 1360272, 1360631, 1360593, 1360630, 1360178, 1360629, 1360029, 1751, 1360030, 1360447, 1600408, 1360405, 1360406, 1601395, 4015269, 4015268, 4017288, 4016691, 4017369, 4017370, 1600910, 1600894, 4008637, 1600895, 1600896, 4002739, 1600897, 1600901, 1601164, 1601165, 7237, 1601154, 1600887, 1601153, 1600886, 1600885, 1601166, 1601152, 1601151]",8834,Leisure
19065,"[4869, 4016797, 4868, 4452, 4867, 1250374, 1250257, 1250358, 1250258, 1250047, 1250259, 1250016, 1250260, 1250261, 7925, 1250389, 1250096, 1250390, 1250061, 1250391, 1250346, 1220062, 4918, 1220367, 3784, 3783, 1220267, 4017379, 4017381, 4017380, 1220079, 4017383, 4017385, 4017386, 4017384, 4113, 1220257, 4115, 1220016, 1220228, 1220059, 4116, 1220345, 4117, 1220322, 4118, 1220311, 4119, 1220163, 4120, 5249, 1220219, 5250, 1220356, 1220357, 244]",2390,other
19074,"[5337, 5015, 5018, 5019, 1240251, 5017, 6167, 6169, 1240438, 1240336, 6168, 6120, 5021, 5022, 5023, 6160, 5024, 7949, 1240353, 1240354, 4014488, 5661, 4016042, 4016043, 4016040, 234, 4016041, 1667, 4012173, 5660, 5632, 5633, 5634, 5635, 4015044, 5636, 5637, 4017151, 5638, 1140366, 5639, 1140109, 5640, 1140328, 5641, 1140296, 5642, 5000, 7189, 7190, 1140382, 7191, 6179, 7192, 5004, 5001, 1120085, 1100103, 2314, 1100104, 2300, 1100105, 1100106, 1100204, 1100107, 3549, 1100108, 1100109, 1100110, 2310]",5811,Work-related
19076,"[1200369, 1625309, 4004697, 1625726, 1625302, 1625497, 4180, 5501, 5502, 4814, 4098, 4096, 1210180, 4095, 4094, 1210136, 4093, 1210118, 4177, 1210186, 4102, 1210034, 4266, 4100, 5244, 1210242, 5248, 1210292, 5247, 7971, 1210308, 4012307, 4012306, 5246, 7621, 4829, 4828, 4821, 1220196, 235, 5513, 1220244, 4824, 4822, 1220049, 4827, 4826, 244, 5243, 5242, 1220069, 5250, 5249, 1220032, 4120, 1220163, 4119, 1220311, 4118, 4117, 1220345, 4116, 1220059, 1220228, 1220016, 4115, 1220257, 4113, 4017387, 4122, 1250065, 4121, 1250100, 5336, 7984, 5335, 1250113, 5334, 1250021, 5333, 1250053, 1250276, 1625078, 5332, 1625079, 5337, 5018, 1250174, 5019, 1240251, 5017, 6167, 5026, 7198, 7992, 4254, 4255, 1240264, 5032, 1240176, 5033, 4256, 1604146, 4252, 4253, 4561, 1604516, 1604141, 1604149, 1604151, 1624236, 1604135, 1240177, 1240191, 6169, 1240437, 1240335, 6168, 5021, 1240123, 5022, 1240377, 5023, 7949, 5024, 4012171, 4014490, 4014489, 1312, 1538, 4014552, 4014551, 1240426, 1880, 4014550, 4014549, 1090, 1325, 234, 1667, 4016041, 4016040, 4014422, 4014424, 4017236, 233, 4015043, 1140086, 1140426, 1141104, 4014889, 4014887, 4008173, 4008174, 4008170, 4014902, 4014897, 4014895, 1140420, 1140088, 1140295, 1140089, 4014884, 4014883, 4014881, 231, 1045, 1160157, 821, 4014866, 230, 659, 4014865, 1160584, 1160161, 1160162, 1160219, 1160163, 1160297, 1160164, 1160165, 1160248, 1200134, 1200135, 1200136, 1731, 1200137, 1200341, 1200138, 1200350, 1200139, 1200359, 1200140, 1200365, 1200141, 1200364, 1200230, 1200363, 4981, 1200362, 1200307, 1200425, 1200361, 1200162]",13577,Sport
19077,"[1260549, 1260872, 4606, 4601, 4603, 1260420, 4604, 4605, 4008720, 7231, 7232, 1260853, 7233, 7234, 7230, 7235, 1260436, 7236, 5070, 4008736, 4008737, 1625638, 1625636, 1625094, 1625091, 1625093, 1625092, 4014980, 4014981, 4015756, 4014982, 1601394, 1360404, 1360405, 1360406, 1601395, 1360407, 1360408, 1360409, 4017284, 1360410, 1360411, 1600410, 1360413, 1360414, 1600677, 1360351, 1600674, 1600673, 1360499]",3467,Aller au travail
1908,"[1260574, 4008368, 4008367, 1250005, 1250253, 4009485, 4009486, 4007410, 1250451, 4465, 4880, 4879, 1250138, 4878, 1624383, 4869, 4012232, 4868, 1250035, 4867, 1250375, 1250257, 1250359, 1250258, 1250048, 1250259, 1250016, 1250260, 7925, 1250389, 1250096, 1250390, 1250391, 1250346, 4918, 1220062, 1220367, 1220363, 1220011, 4835, 1220340, 4836, 1220316, 4837, 1220305, 4838, 1220155, 4840, 4917, 1020, 1220360, 937, 244, 1220357, 5243, 5514, 5532, 5543, 5518, 5625, 1230344, 1230189]",3546,Work-related
19084,"[1360228, 1600412, 1360454, 1360453, 1360077, 1360452, 1360366, 1360451, 1600404, 1360450, 1360449, 1360448, 1600407, 1360447, 1600408, 1360446, 1600409, 1625066, 1360445, 1360319, 1360443, 1360583, 4008071, 1360215, 1371078, 1370159, 1371077, 1370217, 1371076, 1370969, 1371074, 1371090, 1371073, 1370923, 1371072, 1370601, 1371071, 4010768, 1371070, 1371161, 1371069, 1371067, 1371553, 1371200, 1371446, 1370096, 1370728, 1370729, 4016493, 4016495, 4016494, 1260298, 1260239, 1260297, 4017250, 4017249, 1261050, 4017683, 4017682, 1261049, 1260658, 1260543, 1260546, 1260236]",3341,Domicile-travail
19085,"[1360456, 1360454, 1360453, 1360452, 1360365, 1360451, 1360450, 1360449, 4011928, 1360448, 1360447, 1360446, 1360030, 1360628, 1360445, 1360319, 1360443, 1360583, 4008071, 1360215, 1371078, 1370159, 1371077, 1370217, 1371076, 1371074, 1371073, 1370923, 1371072, 1370601, 1371071, 4010768, 1371070, 1371161, 1371069, 1624284, 1371067, 1371553, 1371200, 1371065, 1371446, 1370728, 1371147, 1370729, 1371019, 4016493, 4016495, 4016494, 1260298, 1260492, 1261053, 1260239, 1261052, 4002894, 1261050, 1261049, 1260658, 1260543, 1260208, 1260546]",3344,Domicile-travail
19091,"[1170016, 4017602, 4017601, 1170082, 1170079, 1170078, 1170234, 1170077, 1170227, 1170074, 7168, 4526, 6076, 6075, 1190111, 7165, 4975, 4974, 4973, 4972, 1190233, 4971, 1190220, 4970, 1200400, 4983, 4977, 4976, 1200381, 4982, 4981, 1200362, 4980, 4979, 4978, 3904, 7731, 1200301, 4011784, 4014870, 4014869, 4004273, 1201117, 1230275]",3534,Work-related
19099,"[1080549, 1080127, 1080538, 1080214, 1080537, 1080014, 1080535, 1080534, 7159, 1170235, 1170011, 3008, 1170077, 1170074, 7168, 1170073, 7884, 7883, 7892, 1170071, 1170178, 1170070, 1170177, 7891, 4011497, 1171127, 1171128, 1200280, 1200404, 1200403, 1200187, 1200402, 2276, 1200145, 2275, 1200401, 1200234, 2273, 1200400, 4983, 4977, 4017889, 4017888, 1200309, 4003004, 1200423, 1200166, 1625305, 1614633, 1625279, 1625738, 1625280, 1625316, 1625317, 1625318, 1625319, 1625320, 4006015, 4006093, 4006012, 4006013, 4006014, 4006017, 1200260, 1200155, 1400197, 1400502, 4005099, 1401001, 1400178, 1400157, 1400243, 1400156, 4796, 4795, 1400165, 1400436, 4794, 4792, 4791, 1400322, 4014992, 4014991, 4014994, 4014993, 4806, 4805, 1390700, 4804, 4820, 4819, 1390612, 1390251, 4818, 5509, 1390610, 1390609, 1390316, 1391002, 1390171, 1390607, 1390606, 1390605, 6941, 1390604, 1390261, 1390603, 1390602, 1390530, 1390601, 1390600, 1390174, 1390383, 1390030, 1390148, 4012075, 1390625, 1391006, 4013757, 4013756, 4008748, 1380653, 1380652, 1380735, 1380651, 1380650, 1380649, 1380059, 1380648, 1380567, 1380647, 1381362, 1380646, 1380016, 1380645, 1381185, 1380644, 1380445, 1380643, 1380952, 1380642, 1381005, 1380641, 1381069, 1380640, 1380639, 4011930, 5253, 4011697, 4008500, 1380636, 4008499, 1380635, 1380634, 1380432, 1380633, 1380862, 1380632, 1380629, 1380626, 1381040, 1380625, 1381105, 1380657, 1380200, 1381630, 1175, 4124, 1381196, 4127, 1380422, 4876, 4008012, 4875, 1260069, 4870, 1260123, 4871, 1260035, 4872, 1260946, 1260889, 1260945, 1260096, 1260944, 1260652, 1261046, 1260954, 1261037, 4008725, 1260653, 4002904]",13331,Domicile-travail
1910,"[4008127, 4008129, 4008125, 4008128, 7907, 4006100, 6225, 6227, 6229, 6228, 6226, 4004693, 1609697, 4001405, 1609702, 1609700, 1609716, 1609681, 1609704, 1609714, 4014683, 4014684, 4014682, 1609744, 1609727, 6221, 1609752, 1609740, 1609739, 1609742, 1609796, 4006268, 4006274, 1134, 4005876, 4005875, 4005885, 4005886, 469, 1115, 4005888, 4005887, 468, 859, 1609872, 1609864, 20, 478, 851, 21, 4012397, 4012398, 1082, 4012985, 1309, 4012984, 4014057, 4016112, 4017051, 4017050, 1332, 4013927, 4012969, 4284, 4282, 5357, 5358, 1193, 1601195, 5359, 5095, 5094, 4280, 4281, 4279, 4016101, 4016102, 4016116, 4016100, 4016099, 4016098, 6214, 6215, 7272, 6216, 1370212, 5091, 6217, 7995, 1371503, 1371114, 1041, 219, 649, 1371115, 4010436, 4010438, 4013035, 1324, 925, 1331, 213, 643, 212, 4004555, 5403, 642, 1360391, 1622554, 5402, 5401, 1600150, 5718, 5719, 1360605, 5720, 1360542, 5727, 5726, 6275, 6274, 4013664, 4013665, 4013667, 5724, 5728, 5729, 1360468, 4004255, 4017690, 4017692, 4017691, 4015218, 4015219, 4015217, 1600856, 1604275, 1604274, 1600817, 1600818, 1600816, 1600788, 1600773, 1600772, 1600700, 1600775, 1600711, 1600690, 1270158, 1270253, 1270252, 1270117, 1270147, 1270350, 1270174, 1270184]",12293,Domicile-travail
19102,"[1160021, 2627, 2626, 4221, 1160311, 4220, 1160207, 4219, 4218, 1160095, 6121, 4988, 1160127, 4989, 1160368, 4998, 1150168, 4997, 1150128, 4996, 1150136, 4995, 1150158, 4994, 1150093, 4993, 1150175, 4992, 6138, 4991, 1150102, 4990, 7191, 6179, 7192, 5004, 1120085, 5001, 5003, 5002, 843, 1625210, 4009753, 1110042, 1110277, 1110481, 1110276, 1110516, 1110275, 1110070, 1110274, 1110273, 1110198, 1110272, 1110507, 1110271, 3908, 1110270, 1110034, 1110269, 1110488, 1110268, 1110267, 1110266, 1110265, 1120025, 1110264, 1110263, 4009624, 1110596, 4009626, 1110529, 4013661, 4013663]",4901,Commute
19103,"[1490042, 1490478, 1490564, 1490563, 1490217, 1490559, 1490216, 1490554, 1490215, 1613693, 1613694, 1613695, 1613697, 1613698, 1613700, 1613701, 1613703, 1613704, 1613706, 1613705, 1613707, 1613723, 1613722, 1613721, 1613764, 1613765, 1613762, 1613761, 1613760, 1613759, 7640, 6848, 6846, 1613732, 5463, 4017240, 1613775, 6850, 1613778, 4013045, 4013044, 4013047, 4013046, 6855, 6854, 6856, 1624404, 4764, 4763, 1460127, 1460362, 4762, 4042, 1460145, 4041, 1460054, 4040, 4039, 1460091, 1460021, 4005125, 4005126, 608, 164, 1479, 6857, 6859, 6858, 163, 607, 4049, 4045, 4044, 4043, 1450042, 1450424, 1614625, 1487, 1132, 4050, 4048, 4047, 4046, 4013113, 4013112, 4013488, 4013116, 4013115, 4053, 4052, 4009950, 4060, 4013462, 4017728, 4011499, 4011500, 5236, 1604491, 5235, 4009943, 4009939, 5234, 5233, 4009937, 5239, 5238, 4009912, 4009909, 4009900, 4009898, 4009897, 4009896, 5240, 6884, 6883, 4011958, 6882, 4009885, 4009880, 4009856, 4009853, 6874, 4009851, 6878, 6877, 4009848, 4009845, 6876, 6875, 4072, 4071, 1441010, 4009833, 4009832, 4069, 4070, 4009828, 4443, 4009827, 4444, 4007365, 4445, 1293, 4015926, 604, 1625186, 159, 1410622, 1410656, 1410617, 603, 158, 602, 157, 900, 1410655, 1410592, 1410379, 1410034, 133, 1625408, 1410626, 579, 156, 601, 155, 1614623, 1614624, 1410665, 1410231, 154, 1410666, 4009905, 4009800, 153, 598, 1410304, 152, 597, 1410463, 151, 1410085, 907, 6913, 1410646, 1410364, 1410645, 1410051, 1410644, 1410208, 4788, 595, 1410301, 1410242, 1410483, 1624254, 149, 4009776, 1292, 1410043, 191, 4009773, 4006876, 624, 192, 912]",15015,Loisirs
19117,"[1603898, 6562, 5034, 1173, 4014156, 1603878, 4013979, 4014155, 4013978, 4015280, 4015279, 4015278, 4007149, 4007150, 1603840, 1603838, 1603836, 1600349, 1600016, 1600014, 4009133, 4009132, 4009127, 1600011, 1625471, 1280283, 1280034, 1280035, 1603533, 1603509, 1603511, 4013299, 4013298, 1603532, 1603526, 1603536, 1603524, 1603548, 4013247, 5755, 5757, 1840, 5752, 5751, 4008322, 1603752, 4001147, 4001149, 4001148, 4013266, 4013265, 6691, 6692, 6693, 6694, 6690, 6689, 6688, 1603190, 6687, 6686, 6685, 4000546, 4000544, 4000504, 1603158, 4017703, 1607607, 1607609, 4012109, 4012102, 4012105, 4012106, 4012115, 4012116, 4012117, 4012124, 4012113, 4012112, 4012118, 4015393, 4015395, 4012127, 4015394, 4011105, 4013712, 4013710, 4013682, 1607605, 1607603, 4005963, 4015387, 1607285, 1607287, 4013022, 3755, 3754, 1607298, 1607299, 4002238, 1614884, 1607302, 4010178, 1607306, 1607235, 1607240, 1607236, 4006754, 4006755, 4000366, 4000367, 4000370, 4000593, 1607115, 4006748, 4006749, 4011919, 4014190, 4004678, 1607119, 4004679, 4004677, 4004681, 4004682, 1607103, 1607104, 1607037, 1607039, 1607058, 1607040, 4014354, 4014353, 4014357, 4014361, 4014367, 4014338, 4014371, 4014345, 4014336, 4014339, 1607053, 1607042, 4010293, 4010294, 1607066, 1607062, 4010186, 4010187, 4010185, 1607093]",10213,Commute
1914,"[1380896, 1623799, 1380895, 1381333, 1380894, 1220068, 1221000, 937, 244, 5243, 1220036, 4830, 1220138, 5931, 1230345, 6098, 1230190, 6102, 4542, 4987, 7180, 5319, 6108, 6111, 6110, 1230416, 6109, 1, 4014876, 4014877, 4014881, 4014880, 4014882, 236, 4999, 1150199, 5000, 7189, 7190, 4990, 7191, 6151, 7192, 1120172, 5004, 1120085, 5001, 1120281, 5003, 5002, 843, 1120061, 7196, 1014, 1110605, 1110278, 7194, 1625211, 4003285, 7193, 1110082, 1111117, 4003284, 4009723, 4010977, 4009724, 4003283, 1040095, 5306, 4003282, 4959, 1040096, 4010496, 4010495, 7118, 4204, 1040100, 1040200, 1040199, 1040527, 1040198, 1040088, 1040197, 1040391, 1040196, 1040218, 1040195, 1040194, 6047, 1040299, 6048, 1040068, 6049, 4513, 3862, 1040228, 4015991, 4015993, 4015992, 1050293, 3863, 4017425, 4017423, 4017428, 1050345, 3866, 1050088, 6524, 1050087, 1030495, 1030171, 1030004, 1030628, 1030170, 1030290, 1030169, 1031155, 1030168, 1030511, 1030174, 1030060, 1030175, 1030538, 1030176, 1030583, 1030158]",11333,Domicile-travail
1915,"[1371243, 1370813, 1370753, 1625098, 1625097, 1371196, 1370834, 1174, 1625781, 4014690, 4014691, 4014699, 4014697, 4014693, 4014692, 5343, 5346, 3803, 667, 243, 4593, 4592, 4591, 4590, 5057, 1381643, 1380279, 1381644, 1380278, 1380277, 1381428, 1380275, 1380274, 1380273, 1380272, 1381654, 6978, 6979, 6961, 1625248, 6962, 6963, 6964, 1625247, 6965, 6957, 1380345, 1381438, 4014671, 4014670, 4014012, 4014669, 1381439, 1381633, 5255, 1381115, 5256, 4861, 4017761, 4017760, 4017450, 4854, 4846, 4843, 1380356, 5053, 5052, 1380786, 6956, 1381217, 1380084, 4839, 5254, 7852, 7851, 7850, 5252, 5253, 4011698, 1381442, 4014910, 4014911, 1380879, 4014907, 4014906, 1220365, 1221004, 1220062, 1220367, 1220363, 1220011, 4835, 1220340, 4836, 1220316, 4837, 1220305, 4838, 1220155, 4840, 1220213, 1020, 937, 244, 1220357, 5514, 5532, 5543, 5518, 5625, 5628, 1230212, 4987, 1230544, 1230497, 7180, 1230260, 6108, 6111, 6110, 6109, 7181, 1, 4014878, 4014879, 4014883, 4014882, 236, 4999, 1140290, 5000, 7189, 7190, 7191, 6179, 7192, 5004, 1120085, 5001, 5003, 5002, 843, 1014, 1110605, 1110278, 7194, 1110406, 7193, 1110351, 4518, 4010977, 1040375, 1040171, 5306, 4013713, 4959, 6050, 4013714, 7118, 4204, 1040200, 1310, 1279, 194, 626, 193, 6625, 1172, 4201, 1180, 4935, 4936, 4934, 1624002, 1050302, 1050301]",13534,Domicile-travail
1918,"[5649, 1290356, 1290357, 1290039, 1291221, 1291227, 1291228, 4015298, 4015300, 4015299, 4015302, 1291235, 4002844, 1291241, 4014150, 4014151, 4014152, 4014153, 1604525, 4014095, 4017139, 4002845, 4015303, 1291230, 1291231, 1291220, 4580, 1291219, 5647]",3502,Errand
1919,"[1380119, 1380161, 1381439, 1381633, 5255, 5256, 1380969, 4017450, 4017760, 4854, 4846, 4843, 1380356, 5053, 5052, 5533, 1380440, 5534, 1381063, 5521, 1380945, 5522, 1381180, 5523, 1380012, 5524, 1381358, 5525, 5526, 5528, 1381412, 5529, 5530, 4012991, 5531, 6952, 1381430, 1381603, 1381604, 1381608, 6955, 1390038, 4842, 5933, 6948, 5932, 914, 4017100, 1625387, 1625386, 1773, 1188, 1390521, 1390727, 1187, 196, 629, 195, 628, 1311, 1390446, 627, 912, 431, 192, 624, 191, 1410043, 1292, 149, 595, 1410700, 1410216, 1410217, 1410561, 1410218, 1410219, 1400006, 1400349]",4610,Domicile-travail
1922,"[1380589, 1380381, 4858, 4859, 4860, 4861, 4017450, 4017761, 4017760, 4854, 4846, 4008383, 4843, 1380357, 5054, 5052, 5533, 1380790, 6956, 1381220, 1380084, 4839, 5254, 7852, 7851, 4012065, 4012069, 4012068, 5252, 4011930, 5253, 4011698, 4011697, 4014910, 4014908, 1381441, 4014905, 4014904, 4014906, 1220005, 4835, 1220339, 4836, 4837, 1220305, 1220030, 1220306, 1220274, 4016798, 1220308, 1220191, 1220309, 1220084, 1220310, 4119, 1220311, 1220133, 1220312, 1220176, 1220313, 1230023, 1230432, 1230207, 1230433, 1230548, 1230493, 1230434, 7186, 1230435, 1230037, 4243, 7181, 1, 4014878, 4014876, 4014877, 4014879, 231, 4014883, 4014885, 4014880, 4014882, 236, 4999, 4014884, 467, 4014857, 4014853, 1045, 821, 1160119, 1160100, 1160120, 1160121, 1160380, 1160122, 1150182]",6609,Courses
19222,"[7189, 5642, 5000, 4999, 1140089, 1140088, 4014903, 4014895, 4014897, 4014902, 4008174, 4008167, 4008173, 1140425, 1141104, 1140426, 1140086, 233, 4015043, 4017236, 4014424, 4014422, 661, 234, 4016040, 1325, 1090, 4014549, 4014550, 1880, 4014551, 4014552, 1312, 1240369, 7951, 1240417, 1240020, 1240118, 7952, 1240197, 1240022, 4013865, 1240023, 1604027, 1604028, 1603973, 1603974, 1603975, 1603976, 1603977, 1603980, 4262, 1604001, 1603982, 1604000, 1603984, 1603999, 1603987, 1603998, 1604339, 7207, 4007455, 4566, 4000944, 4565, 4567, 4007452, 4555, 1604065, 4562, 4552, 1604062, 4553, 4554, 1604064, 4556, 4569, 3919, 4009010, 4009017, 1604173, 1604168, 1604166, 1604167, 1604165, 1604164, 1600053, 1600058, 1600052, 1600057, 1600051, 1600056, 1600050, 1600054, 1600049, 1600048, 1623888, 1600047, 1270098, 1270323, 1270222, 5043, 1600037, 1600036, 4013771, 4013770, 4017805, 4017806, 4017804, 1622696]",6465,Aller au travail
1923,"[1611834, 1611838, 1611842, 1611844, 1611845, 1611846, 1611822, 1611854, 1611880, 1080192, 1611908, 1611923, 1611900, 4016524, 1611907, 1611896, 1611897, 1611893, 1625088, 1625087, 1611909, 1611889, 1611887, 1611886, 1611884, 1611882, 1611912, 4017102, 4017103, 4010839, 4010838, 4011929, 1612567, 1612566, 1612574, 1612565, 1180384, 1180383, 4212, 4522, 1170022, 4521, 1180093, 4523, 1180241, 930, 1180529, 1180528, 4003119, 1180526, 4003120, 1180524, 670, 1464, 1420443, 4010077, 249, 4015050, 4015053, 4015052, 1420521, 5499, 5498, 4017902, 4017661, 4017896, 5492, 4017904, 4782, 5614, 4779, 4781, 4778, 4780, 814, 4771, 4770, 6886, 1410035, 6887, 1410533, 6888, 1410329, 6889, 6890, 4448, 1410585, 1410611]",9431,Commute
19254,"[1270323, 1270223, 1270222, 5043, 1600037, 1600036, 1600032, 1600033, 1270140, 4007918, 1270226, 1270178, 4011599, 4011598, 4011600]",930,Work-related
1926,"[1260890, 1260946, 1260887, 1260563, 1260096, 1260562, 1261033, 1260650, 1260561, 1260647, 1261044, 1261043, 1260065, 1381393, 1381392, 4002946, 1381391, 4008405, 1380813, 1381194, 1380812, 1381390, 1381389, 1380810, 1381102, 1380779, 1381394, 4002950, 1381395, 1380780, 4008053, 1380782, 4008054, 1380783, 1381253, 1380784, 1380853, 1380785, 1381013, 1380786, 1381400, 1381401, 1381402, 5533, 5534, 5521, 5522, 4002957, 5523, 1380796, 1380013, 1380797, 5524, 4002959, 5525, 5526, 5528, 1381412, 5529, 5530, 4002965, 5531, 4002966, 6952, 6953, 7072, 6954, 6955, 1390720, 5933, 4834, 6948, 5932, 914, 4017100, 1625387, 1625386, 1390716, 1188, 1187, 1390521, 430, 1624148, 196, 4008472, 916, 629, 195, 628, 1390300, 1311, 1390207, 912, 192, 624, 191, 4009772, 4009774, 4009775, 4009776, 595, 1410387, 1410242, 1410301, 4788, 907, 1410644, 1410645, 1410364, 596, 1410085, 151, 597, 1410463, 152, 1410304, 598, 153, 4009800, 599, 4009905, 1410666, 154, 600, 155, 1614624, 1614623, 1625358, 601, 156, 579, 1625408, 4769, 1410579, 1410580, 1410034, 1410581, 1410035, 1410036, 1410276, 1410037, 1410455, 1410535]",7972,Domicile-travail
1928,"[1260445, 1260292, 1260446, 4008724, 4008726, 1260447, 1260100, 1260448, 1260894, 1260449, 4463, 1260450, 1614637, 1614660, 1260734, 1614643, 1260465, 1260733, 1260732, 5258, 1261218, 7625, 1250158, 4141, 4866, 6992, 1250086, 6991, 4465, 4880, 1624406, 4879, 1250138, 4878, 1624383, 4869, 4012232, 4868, 4867, 1250375, 1250376, 1250093, 1250377, 1250243, 1250378, 1250379, 1250380, 1250381, 1250382, 1250077, 1250383, 5337, 1625079, 1250386, 1250173, 1250387, 1240250, 1240343, 1240344, 1240437, 1240345, 6120, 1240346, 1240123, 1240348, 1240349, 1240377, 1240350, 1240351, 7947, 1240353, 1240354, 4014490, 4014488, 5661, 4016042, 4016043, 4016040, 4016041, 1667, 4012173, 1140342, 1140343, 1140344, 1140371, 1140346, 1140347, 1140348, 1140349, 1140350, 1140351, 1140352, 1625648, 1625647, 1120254, 1120027, 1120255, 1120257, 1120259, 1120260, 1120267, 1120261, 4009621, 4009620, 4009625, 4009631, 4009624, 1110596, 1110232, 1110498, 1110233, 1110056, 1110234, 1110216, 1110235, 5008, 5006]",8401,Domicile-travail
19313,"[1030370, 1030548, 1030127, 1030128, 1030129, 4015458, 4015457, 4015463, 4007446, 4006102, 1030306, 1030348, 4006718, 4006713]",1137,Courses
1933,"[4007322, 1400049, 4007323, 1400048, 6919, 1400328, 1400212, 4089]",524,Courses
1934,"[1080035, 1170261, 1170059, 1170266, 1080037, 1170271, 1170061, 1170062, 1170281, 1170063, 1170286, 1170064, 1180383, 4212, 4522, 1170022, 4521, 1170090, 4523, 1180241, 1181010, 1180529, 930, 670, 1464]",10688,Exercise
1936,"[1250002, 4866, 4140, 1250081, 4139, 4456, 6991, 4465, 1250451, 1442, 4007409, 4009484, 4007415, 4007406, 4017673, 4007404, 4007399, 1441, 1261136, 4007422, 1260253, 4007421, 1439, 1440, 3746, 5016, 5015, 5018, 1250174, 5019, 1240250, 5017, 1240251]",2128,Commute
19378,"[1620565, 1623372, 1620577, 1620576, 1620575, 1620633, 1620634, 1620629, 1620642, 1620638, 1620624, 5187, 7398, 5190, 1620600, 1620601, 5189, 5188, 1620084, 5193, 1623331, 5192, 1620010, 1154, 1162, 1619984, 1163, 1619952, 1160, 1619955, 7478, 7479, 7480, 1622446, 4375, 4692, 4690, 4006307, 4691, 4689, 1622738, 1622740, 6462, 7482, 7493, 1622808, 1622807, 1622803, 4001856, 7489, 1622786, 7491, 1622805, 1622804, 7490, 7475, 1622789, 7476, 7477, 1622833, 865, 1109, 1217, 4004709, 1622999, 4006673, 4006677, 7449, 7448, 1622996, 7450, 7438, 1623020, 7444, 7443, 1623019, 7439, 7437, 1623045, 7440, 4001476, 7441, 4001477, 7442, 1623068, 7445, 7446, 1623064, 7447, 1623083, 4017861, 4017859, 4017860, 7424, 4007075, 7416, 1623105, 7417, 1623104, 7418, 1623117, 7414, 7413, 4001404, 7423, 7427, 7415, 7419, 7420, 7421, 7422, 7435, 1622358, 7434, 7433, 1622363, 7432, 1622369, 4006696, 7429, 7430, 4000710, 7425, 7426, 7431, 7466, 7467, 7468, 1622418, 7469, 7470, 7471, 7472, 1622410, 1622452, 7474, 6792, 6790, 6793, 6794, 1622500, 1619954, 1620641, 1620574, 4000136]",21704,Exercise
1939,"[1090091, 1100120, 1100119, 1100118, 1100311, 1100117, 1100096, 1100116, 1100213, 1100115, 1100021, 1100114, 1100050, 1100113, 1100031, 1100112, 1100269, 1100111, 2310, 1100110, 1100109, 1100134, 1100108, 1100107, 1100204, 1100106, 1100057, 1100105, 2300, 1100104, 2315, 1100103, 1100067, 1120085, 5001, 1120281, 5003, 1120208, 5002, 843, 1014, 1110605, 1110278, 7194, 1110406, 7193, 1110351, 4518, 4010977, 1110381, 1040375, 1040171, 5306, 4013713, 6050]",3382,Sport
1941,"[1260296, 4017681, 1260540, 4017680, 1260539, 1614651, 1623980, 4017148, 1370839, 4017146, 1370096, 4017358, 4017686, 4017685, 1370777, 1370755, 1370778, 4010714, 1370779, 1370724, 1370101, 1370722, 1371248, 1371249, 4017821, 4017822, 1370930, 1789, 1371251, 1371089, 1371252, 1370965, 1371253, 1370964, 1370109, 4015717, 654, 849, 223, 653, 222, 917, 1625256, 1371110, 4627, 1370046, 4626, 1370628, 1370174, 4625, 1370209, 4623, 7268, 7269, 6208, 4015763, 4015762, 1370615, 1370614, 1370957, 1370190, 1600431, 1600123, 1600428, 1370146, 1370145, 4017324, 4017326, 4017325, 4016119, 4016105, 4016114, 4006107, 4015027, 5089, 5357, 4011766, 4282, 4007124, 4007127, 1609, 1332, 1309, 4017051, 4016500, 4016501, 4016112, 4014057, 4016103, 4012987, 1370884, 1082, 461, 851, 478]",5947,Domicile-travail
1948,"[4536, 4535, 1230372, 4540, 1230298, 4539, 1230165, 4538, 6106, 4537, 3809, 1230243, 4541, 3811, 1230087, 4542, 4987, 1230212, 7967, 7968, 1230107, 7969, 1230041, 7970, 1230322, 1230323, 1230207, 1230433, 1230206, 1230476, 1230394, 1230204, 1230390, 1230005, 1230202, 1230201, 1230522, 1230200, 1231000, 1230199, 3776, 1240406, 4012498, 1240143]",1615,Social
195,"[5033, 5032, 1240264, 4255, 1240265, 1240441, 1240339, 1240266, 1240267, 1240218, 1240192, 1240217, 1240193, 7987, 7957, 7988, 1240126, 1240125, 6162, 1240124, 5021, 1240123, 1240346, 1240119, 1240314, 1240120, 1240121, 7942, 1240122, 1240133, 1240134, 1240158, 1240029, 1240102, 1240030, 1240301, 1230032, 1230408, 1230033, 1230011, 1230034, 1230397, 1230035, 1230478, 1230479, 1230461, 1624686, 4006642, 4014898, 4014899, 232, 1140420, 4014894, 1141109, 1140289, 1140295, 1140290, 4999, 1150199, 1150098, 1150200, 1150190, 1150201, 1150171, 1150202, 1150089, 1150090, 6133, 7873]",3423,Errand
1950,"[1190070, 1190200, 4012746, 4012745, 4012747, 658, 4015049, 229, 842, 4015050, 1382, 670, 249, 1464, 1420443, 7633, 1190069, 1190162, 1190028]",7824,other
1952,"[1250064, 4121, 1250100, 1250102, 1240246, 1240153, 1240140, 1240154, 1240404, 1240155, 1240156, 1240431, 1240330, 1240157, 5324, 1240158, 1240029, 1240159, 1240160, 1240161, 1240422, 1240420, 4014893, 4014892, 4014890, 4014891, 660, 1141104, 4014887, 4014886, 1140425, 1140304, 4005743, 1140286, 4017151, 5638, 1140366, 5639, 5640, 5641, 1140296, 5642, 7189, 7190, 7191, 6179, 7192, 5004, 5001, 5003, 5002, 843, 1014, 1625210, 4009752, 1120016, 4009753, 1110042, 1110043, 1110044, 1110045, 1110046, 1110332, 1110482, 1110331, 1110518, 1110607, 1110519, 1110520, 1625207, 1110113, 1110073, 1110112, 1110028, 1110111, 1110203, 1111119, 1110110, 6542, 1110382, 4010961, 1040165, 6051, 1041153, 1040164, 1041100, 1625657, 1625195]",7082,Commute
19528,"[1625630, 1625631, 1360529, 1360530, 1600414, 1360531, 1360075, 1360277, 1360076, 1360596, 1360597, 1261, 1360456, 1360457, 1600411, 1360228]",897,Magasinage
