,cyclist_id,origin,destination
0,52,24323,20067
1,53,24323,20067
2,56,19768,27795
3,114,26687,28416
4,115,22277,29447
5,116,29117,22277
6,118,22277,22764
7,121,13068,18579
8,122,22277,28215
9,123,27938,22277
10,124,22277,29117
11,125,29117,22277
12,128,16112,26024
13,129,21690,23853
14,130,23757,21645
15,131,11431,12006
16,132,22260,21367
17,133,19792,26904
18,134,21367,22557
19,135,27914,25712
20,137,26309,26042
21,139,19121,28095
22,140,27798,17885
23,141,10030,19726
24,142,20724,22863
25,143,28095,17885
26,144,25200,11009
27,145,28161,19407
28,147,11623,11754
29,148,26025,16112
30,151,23528,30421
31,152,18514,27795
32,153,10665,25201
33,154,27622,24869
34,155,16112,26025
35,157,19407,28160
36,159,19154,26904
37,160,23506,22862
38,162,23506,21652
39,163,23042,18765
40,164,21652,23508
41,165,21953,21031
42,166,28095,17885
43,167,24598,25416
44,168,26034,29444
45,169,23511,21036
46,172,23853,29117
47,174,19133,18190
48,175,25200,10665
49,176,18190,19133
50,177,24312,24073
51,178,29117,22277
52,180,16984,26666
53,182,18435,23043
54,184,16112,26025
55,185,32296,31158
56,186,18528,26931
57,188,18573,25241
58,189,7661,6885
59,190,22557,22235
60,191,21652,21358
61,192,21360,23767
62,194,24070,25195
63,195,21951,21390
64,196,31158,32800
65,197,21389,21644
66,198,23043,18762
67,199,20417,21386
68,200,32806,32296
69,202,24882,18563
70,203,25778,16113
71,205,24609,19134
72,206,25431,10665
73,207,24610,24366
74,208,26626,22463
75,209,26626,27225
76,210,25432,26695
77,211,19793,20395
78,212,24072,25234
79,213,26025,16112
80,214,18567,24072
81,215,13361,11054
82,216,21690,24442
83,220,23853,22277
84,222,22277,22764
85,223,22460,22277
86,224,19800,26968
87,225,11051,26709
88,226,16112,26025
89,229,21690,23853
90,230,22557,24061
91,232,23760,22515
92,233,25517,25224
93,237,26084,25224
94,239,22797,21576
95,241,19154,26624
96,243,25778,24667
97,244,27531,29212
98,247,20112,27014
99,248,26712,29057
100,252,24274,23443
101,253,18435,23042
102,254,28095,29094
103,255,27548,23762
104,258,23137,18114
105,259,23473,20395
106,262,26305,25478
107,263,23853,21691
108,264,25520,26089
109,265,24557,18535
110,266,29617,21968
111,267,20395,18261
112,268,22277,29117
113,269,18114,19094
114,270,25432,24072
115,272,26625,19154
116,274,26710,11051
117,277,21968,23240
118,278,25778,24056
119,279,26079,24651
120,281,25765,23196
121,282,23239,24671
122,283,24670,21975
123,284,18770,17528
124,287,21690,14908
125,288,21606,21576
126,289,11051,11051
127,291,20098,22826
128,293,22826,21367
129,294,21605,21576
130,295,24024,24561
131,296,24563,23137
132,298,18252,25241
133,299,28178,30584
134,300,25475,25780
135,303,20991,21367
136,304,21033,19792
137,305,17608,16678
138,306,28096,26604
139,307,14908,22277
140,309,22277,29117
141,310,23239,22255
142,311,19466,15483
143,314,21702,25282
144,315,27226,13712
145,316,13712,14845
146,330,16276,22757
147,331,23794,22001
148,333,23239,21968
149,334,21969,21975
150,335,17933,20104
151,336,21387,28795
152,337,28472,26974
153,338,22002,24082
154,339,21968,23239
155,343,30961,21744
156,345,30956,24310
157,346,27288,27621
158,347,26105,27001
159,348,27621,24869
160,349,18573,25241
161,350,18891,22517
162,352,16112,26025
163,353,23239,29937
164,354,15369,17483
165,355,29738,26037
166,356,21690,23853
167,358,17618,25542
168,359,28774,23160
169,360,26968,19799
170,361,20070,28142
171,367,20396,24094
172,368,24094,20396
173,369,21941,22557
174,371,25520,26362
175,372,20727,24126
176,375,22282,28803
177,376,26314,30656
178,381,26309,10448
179,383,21744,30961
180,384,22517,19166
181,386,26304,16112
182,388,24871,27621
183,389,21607,21606
184,391,23195,18253
185,392,28415,20102
186,395,26086,25260
187,397,13045,27035
188,398,22873,22557
189,399,23851,29117
190,400,25224,23154
191,401,21988,16117
192,402,23474,26368
193,403,23759,19478
194,404,24345,19792
195,405,26361,17618
196,406,29117,22277
197,408,30963,21744
198,410,30956,24310
199,411,27621,24024
200,412,21389,21952
201,413,23155,21953
202,414,20705,18527
203,416,18891,22517
204,417,18578,27935
205,418,16678,26025
206,419,18527,21951
207,421,15370,17483
208,422,23970,16317
209,423,19138,28102
210,424,28160,23160
211,425,21690,23853
212,426,28140,28397
213,427,19771,27839
214,428,27892,30081
215,430,21606,21576
216,431,20099,28161
217,432,18535,27231
218,433,18253,18811
219,434,24088,24081
220,435,21035,17271
221,438,18526,28411
222,439,23499,15481
223,440,23232,28804
224,441,21232,17269
225,442,26314,27253
226,443,30656,26314
227,444,20399,18894
228,448,16883,24538
229,449,21389,21034
230,451,27809,21383
231,452,21744,30961
232,453,24597,27621
233,454,29939,21968
234,455,24603,23801
235,457,27935,18578
236,458,23855,21691
237,459,20102,22292
238,460,27639,20398
239,461,19792,17911
240,462,26025,19150
241,463,20104,24087
242,464,23803,29728
243,465,22582,22764
244,467,19150,15201
245,468,15199,15810
246,469,21034,21034
247,470,28108,26604
248,471,20074,15457
249,472,23505,24239
250,473,24239,22861
251,474,26330,16118
252,475,26976,22238
253,476,24366,25426
254,477,24609,24073
255,479,28170,30656
256,480,22764,22277
257,482,20398,27639
258,483,30961,21442
259,484,30018,27214
260,485,27213,28820
261,488,21951,21389
262,489,16112,26025
263,493,25216,25216
264,494,25510,22554
265,497,27621,24869
266,499,21399,25403
267,500,21690,23853
268,502,23157,23157
269,503,19134,24609
270,504,28163,18864
271,506,18555,18212
272,507,18213,18232
273,508,21606,21576
274,510,27258,26312
275,515,24669,23496
276,516,22013,28804
277,518,26086,25239
278,519,29743,26742
279,520,27962,29741
280,521,28142,25954
281,522,27639,20398
282,523,18556,19790
283,526,19790,21367
284,527,24900,24628
285,528,26036,30637
286,530,18157,18608
287,531,24090,24024
288,533,27250,26369
289,534,28165,20420
290,536,25224,25239
291,538,24604,23506
292,539,22825,19795
293,540,22517,18890
294,542,27824,25478
295,544,27226,19134
296,546,24869,27033
297,547,23855,25491
298,550,16651,22262
299,551,18500,25762
300,554,25195,23757
301,555,30770,30770
302,556,22262,16645
303,557,24398,19471
304,558,26025,16112
305,559,24964,18921
306,560,21576,21605
307,561,30046,24372
308,565,24965,24965
309,568,21744,30961
310,570,25480,29442
311,571,24645,20706
312,572,24633,22238
313,573,26973,28822
314,576,26064,17873
315,578,27450,31233
316,579,20398,27639
317,580,22240,27798
318,581,30067,25191
319,582,10448,27001
320,583,26535,28142
321,584,30963,21744
322,586,21051,26032
323,587,30956,24311
324,588,25241,25424
325,589,20420,28453
326,592,23817,27212
327,593,23196,27515
328,594,27621,24869
329,595,17282,26666
330,597,19799,26334
331,601,20100,22825
332,602,24628,24882
333,603,23510,26921
334,604,19167,27242
335,605,27035,13045
336,607,15709,17483
337,609,20620,26046
338,610,25509,22555
339,612,30042,23686
340,613,20726,28163
341,614,25953,21037
342,615,18247,21356
343,616,24620,26654
344,617,25659,29758
345,621,26717,23767
346,622,24088,17531
347,623,25224,25220
348,624,25240,26328
349,625,21400,24869
350,626,28513,24881
351,628,24919,22826
352,629,26963,12239
353,630,12384,17219
354,632,25782,15810
355,633,22277,26347
356,634,22825,26997
357,635,23472,26334
358,636,23806,19150
359,637,19150,28202
360,638,25436,24877
361,639,21607,22178
362,640,18573,25241
363,641,26997,22547
364,643,26327,24674
365,644,25257,26327
366,646,25207,25215
367,647,18575,17912
368,649,24321,19134
369,650,21689,25161
370,652,21968,29937
371,653,25459,25200
372,654,20713,16101
373,655,26362,24880
374,656,17534,25745
375,657,25778,28403
376,660,17219,12101
377,662,22280,18577
378,664,28737,23195
379,666,24074,26968
380,667,27062,21966
381,669,22237,18156
382,670,26050,25415
383,672,30167,28397
384,674,21034,26374
385,675,28737,30166
386,682,18562,16627
387,683,28142,25954
388,685,24882,30642
389,686,24609,21391
390,687,22248,20398
391,688,27243,19167
392,689,13031,11307
393,690,11051,13362
394,692,27250,25790
395,694,26036,20706
396,699,23474,27832
397,700,19151,27860
398,703,27569,23494
399,704,24871,27033
400,705,27250,21694
401,706,28160,22558
402,708,24881,24628
403,709,12239,26963
404,710,17863,22237
405,711,31233,27450
406,713,21358,26338
407,714,23767,26718
408,717,19168,25228
409,718,27450,25957
410,720,26025,16111
411,721,21744,30961
412,723,21576,21606
413,726,22237,25224
414,727,22582,25224
415,728,21694,21695
416,729,17932,25224
417,730,25193,30364
418,731,26625,29026
419,733,28130,26948
420,734,26947,25188
421,735,26969,23765
422,736,15623,24076
423,737,20701,21960
424,738,27225,27537
425,742,25741,20073
426,744,26072,23853
427,745,23855,29117
428,749,23543,23506
429,751,23765,16118
430,752,21398,22556
431,756,21375,30657
432,757,26340,19168
433,758,30656,26314
434,759,23506,23543
435,760,29117,22277
436,763,22558,18247
437,764,25782,15810
438,765,29036,25710
439,766,21686,21686
440,767,29411,28095
441,768,20730,19493
442,769,30067,25193
443,770,19493,20730
444,771,26536,28142
445,772,18863,23758
446,775,30373,24881
447,776,30373,29141
448,777,15177,13027
449,779,20100,28765
450,780,26085,26326
451,782,22888,12352
452,783,16678,25734
453,784,24627,24883
454,785,28177,27256
455,786,11051,11051
456,787,25510,22555
457,789,27801,19443
458,790,26666,20724
459,791,16984,26666
460,793,26093,26979
461,795,27044,29809
462,798,24538,16317
463,799,20398,27639
464,800,17852,31413
465,802,30656,26314
466,806,20102,27810
467,807,25967,23700
468,808,26715,21964
469,809,21690,23853
470,810,27012,28476
471,812,20726,18561
472,813,27012,24091
473,814,20417,26037
474,815,22235,20429
475,816,21964,25784
476,819,20100,28161
477,820,25240,22247
478,821,26232,27167
479,825,26364,25186
480,826,21026,24035
481,828,25953,20714
482,829,25710,28105
483,831,21606,21576
484,832,25240,25188
485,833,23543,23507
486,834,19443,24057
487,835,28105,25712
488,836,15370,17483
489,839,20734,19153
490,841,16317,22884
491,842,25219,25219
492,845,16603,16581
493,848,19772,18857
494,853,10821,18607
495,854,25728,24647
496,855,28447,20420
497,856,12355,22280
498,857,24034,22233
499,858,23700,25954
500,859,27810,19798
501,860,22977,25847
502,861,21953,20065
503,862,21657,22557
504,863,21037,21957
505,864,27538,18847
506,865,19456,27829
507,866,24881,30373
508,867,27250,25224
509,868,26044,23181
510,871,13971,16367
511,872,25710,24572
512,873,21953,20701
513,874,23224,24538
514,875,17268,20077
515,876,19778,25224
516,877,24313,28465
517,878,28100,29092
518,880,27206,16117
519,881,15231,11732
520,882,23853,21691
521,883,20731,28226
522,884,27222,19792
523,885,27540,23495
524,886,21605,24351
525,887,22887,24371
526,888,26717,23767
527,889,23767,26326
528,890,27226,26718
529,891,24024,26700
530,892,26669,12239
531,895,26037,24272
532,896,23155,26394
533,898,26370,25472
534,901,27934,31684
535,902,24352,21606
536,903,31375,31375
537,904,28105,28734
538,905,29017,25691
539,907,27572,25216
540,908,27570,30656
541,909,24609,23759
542,910,25460,25216
543,911,18425,15709
544,913,19155,20105
545,914,19792,25192
546,915,25725,19790
547,916,16678,19792
548,917,25450,20417
549,918,19792,20104
550,919,25186,26707
551,920,31662,29739
552,921,29444,27934
553,922,25782,15811
554,924,22274,25288
555,925,23508,23543
556,926,23541,23506
557,928,11732,27857
558,930,27187,30576
559,931,23155,21312
560,933,21392,21952
561,934,21034,23536
562,936,26373,31630
563,938,22277,14908
564,940,19795,28117
565,941,11410,6435
566,942,6434,11410
567,948,27857,11732
568,950,15807,13362
569,952,29452,24524
570,953,28096,28379
571,959,27036,25476
572,961,23473,26334
573,962,11733,11410
574,963,15749,15749
575,964,25122,30912
576,970,26086,25421
577,971,24527,30052
578,974,15818,22885
579,975,21956,18562
580,978,17276,13394
581,979,30272,24841
582,980,23200,23543
583,982,5095,18768
584,983,20429,21953
585,984,16104,16367
586,986,20398,23195
587,989,8971,21397
588,990,21397,8969
589,991,25750,21887
590,993,17602,24357
591,995,8918,19471
592,996,31630,25797
593,997,24363,20417
594,998,20417,22860
595,999,23195,17602
596,1000,13394,24363
597,1001,27468,25947
598,1002,26343,16367
599,1003,26343,16645
600,1004,26326,25256
601,1005,22249,19134
602,1006,30656,25429
603,1008,25193,24369
604,1010,18264,28112
605,1011,12078,22512
606,1015,28112,30575
607,1017,17873,25728
608,1018,24370,30656
609,1020,31228,30902
610,1021,26976,25691
611,1022,25691,25956
612,1023,22829,17201
613,1025,23154,11410
614,1029,14153,27450
615,1030,24073,18847
616,1031,13038,14330
617,1032,30892,18584
618,1033,19141,23777
619,1034,27962,24646
620,1038,29684,25429
621,1039,24690,20754
622,1040,25431,22824
623,1042,25257,25228
624,1043,22824,17538
625,1044,11405,11733
626,1045,24417,32973
627,1046,26027,26989
628,1049,22582,22582
629,1051,21606,22825
630,1052,24014,30897
631,1053,24634,25216
632,1054,26344,25216
633,1056,17183,19405
634,1057,19406,23447
635,1062,19988,21686
636,1064,25440,27284
637,1065,22581,24676
638,1066,21953,20111
639,1067,27450,30989
640,1068,21685,24889
641,1070,21065,24980
642,1071,21065,29083
643,1072,20398,27639
644,1074,28787,27577
645,1075,29032,28105
646,1077,15646,19121
647,1083,12090,25177
648,1084,23533,24869
649,1085,17282,26666
650,1086,21390,24321
651,1087,16112,26025
652,1088,11732,27564
653,1089,24539,16317
654,1090,24628,24883
655,1091,30656,26036
656,1099,27621,24597
657,1100,26323,19443
658,1102,23511,26921
659,1104,25510,19454
660,1105,24627,26654
661,1106,18857,27504
662,1107,15370,17483
663,1108,24070,25422
664,1110,25790,17270
665,1113,18246,25735
666,1114,20429,27525
667,1116,26672,26988
668,1118,25195,21629
669,1119,27801,25419
670,1120,17626,26326
671,1121,24889,25216
672,1122,18180,16828
673,1124,12083,12085
674,1125,24366,25195
675,1126,25441,27584
676,1127,27564,23471
677,1128,12085,12085
678,1131,17268,25790
679,1133,25193,30366
680,1134,24321,21391
681,1135,25416,24597
682,1136,27250,26369
683,1137,24597,23533
684,1138,27562,28784
685,1142,24882,21059
686,1144,16603,24538
687,1145,24943,20429
688,1146,27527,24941
689,1150,24869,27033
690,1151,24609,22235
691,1152,20417,25214
692,1153,26037,20417
693,1154,20417,26037
694,1155,27639,20398
695,1156,27257,26962
696,1157,18425,15369
697,1158,8872,12702
698,1159,26025,16112
699,1160,27035,24967
700,1162,29083,25099
701,1163,11410,11733
702,1164,25804,27036
703,1166,22826,25489
704,1167,25415,29032
705,1168,9934,25099
706,1170,25099,9936
707,1171,25228,16118
708,1173,28743,30034
709,1174,19168,19168
710,1175,25186,24366
711,1176,24340,12078
712,1177,26666,17873
713,1178,25089,28468
714,1179,28836,25258
715,1181,21376,16106
716,1182,29107,29379
717,1183,21685,24889
718,1184,29026,24572
719,1186,30067,25426
720,1188,16367,13032
721,1189,21390,24321
722,1190,30656,26314
723,1191,29379,28143
724,1192,30658,25187
725,1193,16112,26025
726,1196,19167,22517
727,1197,27035,13368
728,1199,20429,27528
729,1200,20398,27639
730,1201,27319,20398
731,1205,26093,27250
732,1206,25224,8922
733,1207,25114,9204
734,1208,15709,17483
735,1209,24651,27955
736,1210,21398,28784
737,1212,20094,25224
738,1214,25790,17580
739,1215,25490,24609
740,1216,22008,23853
741,1218,27958,27633
742,1219,26962,12243
743,1222,29424,30052
744,1223,21606,21576
745,1224,24572,25710
746,1226,24572,29021
747,1228,18567,20421
748,1229,24357,22245
749,1230,25765,25216
750,1231,25778,24369
751,1232,30366,25188
752,1233,19134,27231
753,1234,24366,25424
754,1235,24609,21391
755,1244,10823,18607
756,1245,16603,24538
757,1246,12083,12085
758,1247,28104,18500
759,1248,26032,21051
760,1250,12700,21663
761,1252,27001,12078
762,1253,24609,22825
763,1255,24609,23759
764,1258,28110,21383
765,1260,27526,22857
766,1261,21384,19798
767,1265,27231,26252
768,1266,25819,24965
769,1267,24881,20728
770,1269,16113,21651
771,1271,22517,18890
772,1272,26305,16112
773,1273,22235,20711
774,1274,16397,26326
775,1275,26666,16397
776,1276,24153,21690
777,1277,24027,27252
778,1278,28143,29107
779,1280,23759,25782
780,1282,15474,21684
781,1283,26931,26971
782,1284,12239,26962
783,1286,24312,27033
784,1287,27255,20023
785,1288,19161,25480
786,1289,25710,29021
787,1290,22582,23809
788,1291,24886,16304
789,1292,24888,21628
790,1294,11410,11410
791,1295,27639,20398
792,1296,30054,25516
793,1297,13045,27035
794,1298,19168,28226
795,1299,23505,27252
796,1300,29452,26666
797,1304,26687,25216
798,1305,20711,20714
799,1306,28226,19168
800,1308,16118,22574
801,1309,21037,21037
802,1310,22574,16118
803,1311,27260,27583
804,1312,25112,27222
805,1313,16610,15063
806,1315,21037,22235
807,1316,26087,24886
808,1317,28461,29746
809,1318,24609,22547
810,1319,27451,31233
811,1320,29107,29379
812,1321,20398,27639
813,1322,28106,28107
814,1323,29021,25419
815,1325,18174,28101
816,1326,21391,21391
817,1327,19854,11072
818,1328,16367,13027
819,1330,12341,16368
820,1331,11732,26362
821,1332,15351,14081
822,1335,19147,27505
823,1336,20100,28163
824,1339,17768,18097
825,1341,17852,31413
826,1342,21034,21034
827,1343,22582,23855
828,1345,25790,17580
829,1346,22825,24321
830,1347,22250,24609
831,1348,25796,18889
832,1349,27538,26356
833,1350,30324,29456
834,1351,16398,26326
835,1352,28836,30656
836,1353,30654,28834
837,1356,28835,17528
838,1357,24966,24965
839,1358,28210,22591
840,1359,22902,18877
841,1360,18877,22900
842,1361,18241,19139
843,1362,30324,30065
844,1363,27639,20398
845,1364,14333,17219
846,1366,17268,26333
847,1367,23043,18762
848,1368,28101,22824
849,1370,18847,25425
850,1372,11051,11051
851,1374,31233,27450
852,1375,25189,25418
853,1376,22824,17873
854,1378,13027,16367
855,1381,24887,30375
856,1382,24869,27274
857,1384,24609,22825
858,1385,23855,22008
859,1386,26669,12243
860,1388,11732,27268
861,1389,27268,12078
862,1390,28143,29107
863,1391,29379,28143
864,1392,25708,17277
865,1393,24598,27621
866,1394,22517,19166
867,1395,27809,24632
868,1396,8445,20073
869,1397,17873,25760
870,1398,25710,29021
871,1399,21592,18876
872,1400,23195,29445
873,1401,26666,16683
874,1402,22008,22764
875,1404,24313,29437
876,1405,29439,29746
877,1406,24357,20422
878,1407,25428,24073
879,1408,25760,17873
880,1409,28153,25816
881,1410,22764,22582
882,1411,29021,24572
883,1412,24350,16390
884,1413,28107,28107
885,1414,20421,26075
886,1415,23533,24872
887,1416,17538,28095
888,1418,21050,26312
889,1419,14768,26923
890,1420,16367,13027
891,1421,29445,22884
892,1422,29107,28143
893,1423,11732,27001
894,1425,24572,25710
895,1426,18891,22517
896,1428,22883,22248
897,1429,25510,22555
898,1431,14616,25415
899,1432,20398,27639
900,1434,29116,24314
901,1435,18875,21903
902,1436,18857,27796
903,1437,17462,18097
904,1438,20418,27249
905,1440,22582,23853
906,1441,29116,24314
907,1442,23198,18241
908,1443,22249,24609
909,1444,12083,11716
910,1445,11396,12085
911,1446,14146,17165
912,1447,16276,14147
913,1448,23182,18165
914,1449,12101,17219
915,1451,18166,22844
916,1453,22521,25424
917,1454,25424,21358
918,1456,21050,20111
919,1457,22004,18241
920,1459,21955,26625
921,1460,10528,18607
922,1461,10830,28114
923,1462,27641,22248
924,1463,27226,21366
925,1466,18241,30000
926,1467,11051,11054
927,1468,24146,16500
928,1470,26931,18167
929,1472,17268,25790
930,1476,13027,16367
931,1477,24597,23533
932,1478,27502,19138
933,1480,28143,29107
934,1481,24354,30373
935,1482,27869,16924
936,1483,21232,17269
937,1486,24027,27579
938,1487,27210,14768
939,1490,24609,24058
940,1491,12085,12085
941,1493,18425,15369
942,1494,16112,26025
943,1495,26025,16111
944,1496,16924,19946
945,1497,22247,29445
946,1498,25710,29032
947,1499,25178,12089
948,1500,24597,27026
949,1501,19946,24836
950,1502,24836,20983
951,1504,20725,22522
952,1505,20650,16921
953,1506,21366,20395
954,1507,27047,28226
955,1508,24366,24889
956,1509,25424,24072
957,1510,28226,26396
958,1511,26394,28226
959,1512,28226,26394
960,1514,23855,22582
961,1517,26245,29021
962,1518,16923,28787
963,1519,20711,25489
964,1522,24610,22547
965,1524,18877,23521
966,1525,29741,29741
967,1528,29426,29741
968,1529,24105,27918
969,1530,28514,27278
970,1531,23533,24597
971,1532,30963,21744
972,1533,16368,13032
973,1535,22558,26001
974,1536,29107,28143
975,1537,20398,27639
976,1539,16112,26025
977,1540,22522,24373
978,1541,24674,24957
979,1542,27288,24597
980,1544,24646,25424
981,1545,26709,24889
982,1546,22008,23855
983,1547,27918,21964
984,1548,24886,20099
985,1549,22547,24609
986,1550,24932,17871
987,1552,23182,29810
988,1553,24631,28396
989,1554,14768,5636
990,1555,24373,20429
991,1557,25171,27795
992,1559,23776,17580
993,1560,5636,3916
994,1561,25415,14616
995,1562,28095,23533
996,1563,25490,15489
997,1565,31409,27278
998,1566,18242,25195
999,1568,24611,22825
1000,1569,21744,30961
1001,1570,17918,24869
1002,1571,27830,26085
1003,1572,24876,27621
1004,1575,22235,21366
1005,1577,26001,22561
1006,1578,26085,27231
1007,1579,26362,27231
1008,1580,26118,24401
1009,1581,27225,26085
1010,1582,12081,12087
1011,1584,16275,26343
1012,1585,20711,22235
1013,1586,25199,26365
1014,1587,25721,24070
1015,1588,23855,22008
1016,1589,19154,19794
1017,1590,21684,24647
1018,1591,24932,21682
1019,1592,22582,23853
1020,1593,12082,12085
1021,1595,28107,28107
1022,1599,20111,29057
1023,1600,21605,25188
1024,1601,24631,25745
1025,1602,17538,25429
1026,1603,27226,18245
1027,1605,3911,3916
1028,1606,31408,27607
1029,1607,27605,26997
1030,1608,22825,24609
1031,1609,24645,25216
1032,1611,24366,26696
1033,1612,11733,12401
1034,1614,26997,31410
1035,1616,16118,19787
1036,1617,15356,16887
1037,1618,25260,25260
1038,1619,22249,21385
1039,1620,21953,21367
1040,1621,23785,21953
1041,1622,26369,20429
1042,1623,24153,22008
1043,1624,20732,27340
1044,1625,30912,27198
1045,1626,25431,22824
1046,1627,15816,16684
1047,1628,31914,18519
1048,1629,25216,25216
1049,1631,24025,27580
1050,1632,20102,27100
1051,1633,16887,14762
1052,1635,27626,26394
1053,1636,24610,27950
1054,1637,32978,24417
1055,1638,17269,26885
1056,1639,27305,25224
1057,1640,25224,25224
1058,1641,21398,27262
1059,1642,20711,27225
1060,1643,24280,17269
1061,1646,24072,22825
1062,1648,20728,21043
1063,1649,31624,27362
1064,1650,20417,18876
1065,1652,11738,13763
1066,1654,21694,21695
1067,1655,3008,4309
1068,1656,20421,25426
1069,1658,19161,20111
1070,1659,22824,24609
1071,1660,28820,29757
1072,1661,32153,32103
1073,1663,25820,27958
1074,1664,29757,28820
1075,1668,31102,26390
1076,1669,28836,26396
1077,1670,26086,18883
1078,1671,32099,27036
1079,1673,24969,25260
1080,1674,20429,21953
1081,1675,23775,15740
1082,1676,23775,15740
1083,1677,27776,30922
1084,1681,30922,30922
1085,1682,27226,11765
1086,1684,26080,10830
1087,1686,10830,24834
1088,1690,24047,22825
1089,1695,20705,18530
1090,1696,21649,20416
1091,1697,11410,11733
1092,1698,29379,25216
1093,1699,25765,25216
1094,1700,10830,23511
1095,1701,25432,17538
1096,1703,24314,29746
1097,1705,29730,18758
1098,1708,17878,17582
1099,1709,20099,26332
1100,1716,24611,25224
1101,1717,22582,18274
1102,1718,18273,22007
1103,1719,22582,29117
1104,1722,25424,20424
1105,1723,25223,26883
1106,1725,12373,19154
1107,1726,26332,20417
1108,1727,24924,22249
1109,1728,17224,23776
1110,1729,16930,23776
1111,1730,27261,27261
1112,1731,18246,25735
1113,1732,26895,24090
1114,1733,16337,18168
1115,1734,27167,31233
1116,1735,29107,29379
1117,1736,22233,20111
1118,1737,29098,28095
1119,1738,21050,19806
1120,1739,30961,21744
1121,1740,16221,20724
1122,1741,20398,16923
1123,1742,19805,26030
1124,1743,29379,28143
1125,1746,18170,26925
1126,1747,26891,18460
1127,1748,16111,26025
1128,1751,24650,17871
1129,1752,25114,14067
1130,1753,29107,26936
1131,1754,17219,27639
1132,1755,15370,17483
1133,1756,12375,20104
1134,1757,25188,26976
1135,1758,25188,25441
1136,1759,24893,19798
1137,1760,20102,27810
1138,1761,20422,24313
1139,1762,25778,27231
1140,1763,31411,31906
1141,1765,25790,17580
1142,1767,22008,23853
1143,1768,14616,25415
1144,1770,26697,24313
1145,1772,18459,26356
1146,1773,18241,26969
1147,1775,19161,23195
1148,1776,21385,20102
1149,1777,20422,27810
1150,1778,22824,24609
1151,1779,22879,24607
1152,1782,24366,25195
1153,1785,24972,16389
1154,1786,21332,24631
1155,1788,17217,27444
1156,1789,15481,12118
1157,1791,27247,20723
1158,1793,28142,26536
1159,1794,27606,27611
1160,1796,27269,25427
1161,1797,31905,26997
1162,1798,23225,23538
1163,1799,27062,25831
1164,1800,28095,29098
1165,1801,27601,28793
1166,1802,25224,28160
1167,1803,25718,21051
1168,1805,22903,22903
1169,1807,17268,25790
1170,1809,25224,28447
1171,1810,25192,30366
1172,1811,25726,24375
1173,1812,24311,17278
1174,1814,13760,25114
1175,1815,17528,22858
1176,1816,28143,29107
1177,1817,13027,16367
1178,1819,26925,20417
1179,1820,24869,23533
1180,1821,21744,30961
1181,1823,27220,29107
1182,1824,31233,26579
1183,1827,26025,16112
1184,1828,25710,14616
1185,1830,18170,26029
1186,1831,24890,23154
1187,1832,26356,27187
1188,1835,25180,17873
1189,1836,14478,15709
1190,1837,8560,12702
1191,1838,20421,21045
1192,1839,22517,18890
1193,1840,16111,21685
1194,1841,21685,19795
1195,1842,11054,11051
1196,1843,16053,20423
1197,1846,25180,23494
1198,1847,21043,26986
1199,1848,26986,21043
1200,1849,21043,26695
1201,1850,26694,21043
1202,1851,22518,21651
1203,1852,22783,23486
1204,1853,25428,24072
1205,1856,24340,12078
1206,1858,27260,27261
1207,1859,29058,20429
1208,1860,20416,26924
1209,1862,25479,22547
1210,1863,22248,24609
1211,1865,27100,15811
1212,1867,30067,25188
1213,1868,18608,10528
1214,1870,20723,19805
1215,1871,30961,21744
1216,1873,19806,26312
1217,1874,11732,27001
1218,1875,16112,26025
1219,1878,26093,17270
1220,1881,25219,31253
1221,1882,22825,24609
1222,1883,24077,22254
1223,1884,21953,25431
1224,1889,25735,21953
1225,1890,22251,26330
1226,1893,22782,26070
1227,1896,19187,19186
1228,1897,24366,25426
1229,1898,27048,28226
1230,1899,17873,17531
1231,1902,10528,18607
1232,1903,29451,29457
1233,1904,19162,17602
1234,1905,23239,22307
1235,1906,17216,27444
1236,1907,14174,15376
1237,1908,23755,24370
1238,1909,24312,15129
1239,1910,27751,17217
1240,1912,15807,20427
1241,1914,26361,12078
1242,1915,26904,13729
1243,1917,22247,29440
1244,1918,15129,15129
1245,1919,28143,29107
1246,1921,28820,29750
1247,1922,28141,22002
1248,1923,21744,30961
1249,1925,29448,28820
1250,1926,25726,30366
1251,1928,26025,16111
1252,1931,26943,26698
1253,1932,28784,27604
1254,1933,29745,29738
1255,1934,22903,25822
1256,1935,19795,17572
1257,1936,24611,22825
1258,1937,25823,22902
1259,1939,20115,16131
1260,1941,25710,29032
1261,1944,20098,16114
1262,1945,16008,16887
1263,1946,16887,14762
1264,1948,24379,22836
1265,1949,25228,24373
1266,1950,27950,27946
1267,1951,15809,20738
1268,1952,24631,15216
1269,1953,15827,20115
1270,1954,11051,10730
1271,1955,19168,26332
1272,1956,17602,25738
1273,1958,21605,25187
1274,1959,25426,24073
1275,1960,22582,22462
1276,1961,17910,21388
1277,1963,28140,24886
1278,1964,25199,26365
1279,1965,16115,20098
1280,1966,22179,22581
1281,1968,26048,15481
1282,1969,24609,22547
1283,1970,25782,27100
1284,1972,29021,25710
1285,1973,1924,2253
1286,1975,30366,25193
1287,1977,30375,18165
1288,1978,30208,28472
1289,1979,23500,27249
1290,1980,21051,26312
1291,1981,22587,18921
1292,1982,16677,17500
1293,1983,25279,27030
1294,1984,16925,23521
1295,1985,19154,18874
1296,1986,15416,24312
1297,1987,30963,21442
1298,1988,23045,12297
1299,1989,23533,24597
1300,1990,18874,20711
1301,1991,11732,27268
1302,1992,20711,26309
1303,1993,29107,28143
1304,1995,26085,27231
1305,1996,30087,29457
1306,1997,21389,21367
1307,1998,16315,16300
1308,2001,10971,7035
1309,2002,20419,17871
1310,2003,29116,24314
1311,2006,14616,25415
1312,2008,25114,13760
1313,2009,20398,27639
1314,2010,23478,25691
1315,2011,16390,27578
1316,2012,10235,11114
1317,2013,25774,25240
1318,2016,23816,27865
1319,2019,29457,26346
1320,2020,22276,23497
1321,2021,21654,26001
1322,2022,22004,24889
1323,2026,23779,18364
1324,2028,22913,27030
1325,2031,25232,26957
1326,2033,19157,27843
1327,2034,27444,17217
1328,2035,25441,14382
1329,2036,28804,28232
1330,2037,22547,24609
1331,2039,26369,17268
1332,2040,18241,26969
1333,2041,14055,11998
1334,2042,23446,16110
1335,2043,17910,23419
1336,2044,25153,28736
1337,2045,22825,24609
1338,2046,29459,29794
1339,2047,27285,22245
1340,2049,16218,20724
1341,2050,27963,24337
1342,2052,27252,26954
1343,2053,28401,25153
1344,2054,25121,19349
1345,2055,20110,28483
1346,2056,26032,21051
1347,2057,21953,26334
1348,2061,25240,25212
1349,2062,23511,28521
1350,2066,27009,27218
1351,2067,15812,15812
1352,2068,25520,26968
1353,2069,15370,17483
1354,2070,26334,21952
1355,2072,17618,19458
1356,2074,25459,25193
1357,2076,24357,24634
1358,2077,23243,22913
1359,2079,28510,21956
1360,2080,29040,24836
1361,2082,29794,29794
1362,2083,22548,23484
1363,2084,17729,18259
1364,2086,26976,18241
1365,2087,11241,20723
1366,2088,19119,15813
1367,2089,21036,24968
1368,2092,21956,16983
1369,2094,23775,19479
1370,2095,20724,18575
1371,2097,24028,29746
1372,2098,29401,30502
1373,2100,18575,20723
1374,2101,13027,16367
1375,2102,24312,15129
1376,2103,28143,29107
1377,2105,21375,23511
1378,2107,21046,26695
1379,2108,12224,14167
1380,2109,26314,16235
1381,2110,21232,17269
1382,2111,19472,25220
1383,2112,21389,16500
1384,2113,27064,24181
1385,2115,17869,20420
1386,2116,11114,10527
1387,2117,27579,26369
1388,2118,21367,22886
1389,2119,20070,19134
1390,2120,18166,30073
1391,2121,26604,23172
1392,2122,10529,11431
1393,2123,19446,17283
1394,2124,24597,23533
1395,2126,21387,22580
1396,2128,27639,20398
1397,2129,25425,26847
1398,2130,23521,16925
1399,2131,14274,14057
1400,2132,17576,12665
1401,2133,12669,25485
1402,2134,25710,14616
1403,2135,28739,26535
1404,2136,22242,21362
1405,2137,22008,23853
1406,2138,18921,24679
1407,2139,23853,22008
1408,2141,7032,10971
1409,2144,16112,26025
1410,2146,22006,27257
1411,2147,25216,25216
1412,2150,27579,23816
1413,2151,23172,21360
1414,2152,24609,22825
1415,2153,26958,25232
1416,2155,22582,29117
1417,2156,26987,25784
1418,2157,12297,22728
1419,2158,11430,11724
1420,2160,29750,25488
1421,2162,23183,24966
1422,2163,27830,25791
1423,2164,26666,25779
1424,2165,27540,26085
1425,2167,26085,27536
1426,2169,11722,11431
1427,2170,14762,15200
1428,2171,29746,27889
1429,2173,28794,26334
1430,2174,22205,23157
1431,2175,10529,13119
1432,2177,25488,26330
1433,2178,27047,28836
1434,2179,20422,24939
1435,2180,22235,20711
1436,2181,26670,20417
1437,2182,25723,24366
1438,2183,18317,22574
1439,2185,18425,15369
1440,2186,26362,24081
1441,2187,25734,21702
1442,2188,26934,27009
1443,2190,25784,22580
1444,2191,25450,24091
1445,2192,24849,25815
1446,2194,27859,18846
1447,2197,25794,26327
1448,2198,20398,27639
1449,2200,16414,23720
1450,2201,24968,21036
1451,2202,27297,26024
1452,2203,21702,24871
1453,2205,30963,21744
1454,2206,21050,11586
1455,2207,30067,25193
1456,2208,21744,30961
1457,2209,15808,8905
1458,2212,21964,29445
1459,2213,30956,24310
1460,2214,21964,29445
1461,2215,24542,28114
1462,2216,22521,28160
1463,2217,27864,21953
1464,2218,21030,20711
1465,2219,17221,23521
1466,2222,10971,7035
1467,2223,23533,24872
1468,2224,18442,28092
1469,2225,24370,24331
1470,2227,20417,26036
1471,2228,31408,25735
1472,2230,16367,13027
1473,2231,14167,12224
1474,2232,12081,27268
1475,2233,27268,12726
1476,2235,14866,9042
1477,2236,5891,7107
1478,2237,25791,28771
1479,2238,20419,17872
1480,2239,29007,26318
1481,2240,29457,26342
1482,2241,19130,26312
1483,2242,14616,25415
1484,2243,26369,27250
1485,2244,21689,27876
1486,2245,11431,10528
1487,2247,19787,26305
1488,2248,25488,29750
1489,2249,21651,25429
1490,2252,24960,26666
1491,2253,27588,31253
1492,2254,23045,12294
1493,2255,10235,11114
1494,2256,24747,27030
1495,2257,25213,25240
1496,2258,28823,26659
1497,2259,20427,26374
1498,2260,24389,28184
1499,2262,25257,26327
1500,2264,15709,17483
1501,2265,23779,14380
1502,2267,21653,26001
1503,2269,16679,25416
1504,2270,21691,23497
1505,2271,25232,26957
1506,2272,17188,16677
1507,2273,15498,15498
1508,2275,16398,18641
1509,2276,27444,17217
1510,2277,22825,24609
1511,2278,24966,23755
1512,2279,27875,21367
1513,2280,21400,21045
1514,2281,15832,14910
1515,2282,30922,30922
1516,2283,16983,25760
1517,2284,1925,1925
1518,2285,24357,28163
1519,2286,30922,30922
1520,2287,30922,30922
1521,2288,30922,30922
1522,2289,22008,23853
1523,2290,29141,29463
1524,2291,24091,24375
1525,2293,21387,20429
1526,2294,24375,24091
1527,2298,23137,26338
1528,2299,20984,21576
1529,2300,25240,25458
1530,2301,11050,10730
1531,2304,15073,16292
1532,2305,16622,25214
1533,2308,20073,27832
1534,2309,13764,12085
1535,2310,12085,12714
1536,2311,13053,13772
1537,2312,13445,11738
1538,2313,11733,11392
1539,2314,11715,12084
1540,2315,11410,9553
1541,2316,12078,13047
1542,2317,13046,12087
1543,2318,19165,22002
1544,2323,24022,21652
1545,2324,22002,13933
1546,2325,16576,15073
1547,2326,23243,23195
1548,2327,25429,27497
1549,2328,25213,30298
1550,2329,30922,30922
1551,2331,22585,28804
1552,2332,24366,25195
1553,2333,14239,18878
1554,2334,17217,27444
1555,2335,26958,25232
1556,2336,24946,22547
1557,2337,17729,12728
1558,2338,27846,26371
1559,2339,26311,28092
1560,2340,25752,16983
1561,2341,18241,26968
1562,2342,7107,5891
1563,2343,23196,23243
1564,2344,13074,19793
1565,2345,11586,20723
1566,2346,14067,12726
1567,2347,8910,15808
1568,2348,24597,22893
1569,2350,22558,20400
1570,2352,17869,20420
1571,2353,17631,30746
1572,2354,30746,17631
1573,2355,15813,26976
1574,2356,25763,28177
1575,2357,27668,24181
1576,2361,26025,26732
1577,2363,26705,12083
1578,2364,31245,25219
1579,2365,11144,11144
1580,2366,28458,25791
1581,2367,5510,5891
1582,2368,21744,30961
1583,2370,26343,21365
1584,2371,21367,21060
1585,2374,12323,25485
1586,2375,23721,16414
1587,2376,27202,21651
1588,2377,16995,26326
1589,2378,26974,16683
1590,2379,12223,14167
1591,2380,11114,12081
1592,2381,23795,25233
1593,2382,7031,10971
1594,2383,18241,19802
1595,2384,28161,23158
1596,2385,28143,29107
1597,2386,12083,11430
1598,2387,14925,14925
1599,2388,26974,22846
1600,2390,27033,23545
1601,2392,27841,18865
1602,2393,19495,22293
1603,2394,24610,22825
1604,2395,17536,13072
1605,2400,12294,22728
1606,2401,21912,26681
1607,2402,21573,21605
1608,2403,22579,29057
1609,2404,28226,26394
1610,2406,21694,21695
1611,2408,27570,22522
1612,2409,23755,24966
1613,2410,24896,20724
1614,2411,26039,29010
1615,2413,16112,26025
1616,2414,26025,16112
1617,2415,25422,24073
1618,2416,22846,15813
1619,2419,27281,25760
1620,2423,27037,26394
1621,2424,22826,25488
1622,2425,20110,27585
1623,2426,25761,28818
1624,2427,25763,16673
1625,2428,20416,26037
1626,2429,20417,26038
1627,2430,24337,26286
1628,2431,24089,28499
1629,2433,18607,10528
1630,2434,21050,11586
1631,2437,14768,27212
1632,2438,30963,21744
1633,2439,28191,25738
1634,2441,26364,24600
1635,2442,25794,24070
1636,2443,25119,28121
1637,2444,30091,27964
1638,2445,24070,26954
1639,2446,25691,23473
1640,2447,24471,26375
1641,2449,10971,7035
1642,2450,11051,11051
1643,2451,13027,16367
1644,2452,16367,13027
1645,2453,25788,12665
1646,2455,26025,27212
1647,2456,26367,23466
1648,2457,14167,12224
1649,2458,25791,28771
1650,2459,24674,26327
1651,2460,14925,29753
1652,2461,22913,27030
1653,2462,22561,26001
1654,2463,30645,8995
1655,2464,19772,16743
1656,2467,24647,25727
1657,2468,25729,24375
1658,2469,25490,29750
1659,2470,14616,25415
1660,2471,20731,21367
1661,2473,26089,27250
1662,2476,21651,25429
1663,2477,23158,27867
1664,2478,16391,27579
1665,2479,11431,10528
1666,2480,27965,29794
1667,2481,10238,11114
1668,2482,25813,26932
1669,2483,20701,24609
1670,2485,29445,22248
1671,2486,22008,23855
1672,2488,1925,1925
1673,2489,26855,28161
1674,2491,27030,30421
1675,2492,25489,24321
1676,2493,18877,15498
1677,2494,21638,16915
1678,2496,23684,14147
1679,2497,26645,21275
1680,2499,21273,23700
1681,2500,15370,17483
1682,2501,14597,15073
1683,2502,30423,30057
1684,2503,27000,27255
1685,2504,20724,16218
1686,2505,25765,25216
1687,2506,25780,25216
1688,2507,23544,31226
1689,2508,25445,25258
1690,2509,27255,24627
1691,2512,24559,24559
1692,2513,23518,21982
1693,2514,27225,20709
1694,2515,24626,27000
1695,2520,12388,12085
1696,2521,20649,27751
1697,2523,16962,25195
1698,2525,21649,24312
1699,2526,24609,24345
1700,2527,23158,21365
1701,2530,15129,24312
1702,2531,24313,15129
1703,2532,24541,23640
1704,2534,23701,19046
1705,2536,28771,26095
1706,2537,25203,18862
1707,2538,27207,23775
1708,2539,29751,22913
1709,2540,24033,26367
1710,2541,18589,19187
1711,2542,11241,20723
1712,2545,17631,23277
1713,2547,21367,19475
1714,2548,15813,18567
1715,2549,23869,17631
1716,2552,31226,23243
1717,2554,27579,26369
1718,2555,11732,26347
1719,2556,28144,29107
1720,2557,29448,14640
1721,2558,27951,24181
1722,2559,28449,26540
1723,2560,22262,22580
1724,2562,10830,25224
1725,2563,26346,12086
1726,2564,25729,24375
1727,2565,12223,13210
1728,2566,16397,26326
1729,2567,26666,18891
1730,2568,19764,17283
1731,2569,25459,25216
1732,2570,25429,21651
1733,2571,19155,15813
1734,2572,12702,12702
1735,2573,26344,30064
1736,2574,21744,30961
1737,2575,23853,22008
1738,2576,22548,20111
1739,2577,25224,13087
1740,2582,26905,26263
1741,2585,13410,10830
1742,2586,11072,19854
1743,2588,22262,19798
1744,2590,25790,18863
1745,2591,22006,11732
1746,2592,21356,24668
1747,2593,24871,26040
1748,2595,14762,14023
1749,2596,23489,15811
1750,2597,16648,29136
1751,2598,20104,25224
1752,2599,24609,21398
1753,2600,20111,14034
1754,2601,24609,21366
1755,2602,20726,24090
1756,2603,25788,28464
1757,2604,26042,24870
1758,2605,23740,21702
1759,2606,26681,27282
1760,2607,25722,23777
1761,2609,26711,14607
1762,2610,28218,16646
1763,2611,23043,18762
1764,2612,20711,24072
1765,2614,17001,24966
1766,2615,13724,20112
1767,2616,23777,22825
1768,2617,27213,20424
1769,2618,20425,28397
1770,2620,12083,22580
1771,2621,19352,23701
1772,2623,22007,24870
1773,2624,1924,1925
1774,2625,20102,28218
1775,2626,16113,28161
1776,2627,16921,21951
1777,2628,25765,21953
1778,2629,12149,12147
1779,2630,11740,12098
1780,2631,12099,12099
1781,2632,12098,12085
1782,2633,24597,25490
1783,2634,26604,29040
1784,2635,29436,30052
1785,2636,29020,29286
1786,2637,25791,27216
1787,2638,24072,25233
1788,2641,29597,28667
1789,2642,28667,29311
1790,2643,2743,27613
1791,2645,29934,29964
1792,2646,27613,2409
1793,2647,22235,24321
1794,2650,29957,29960
1795,2651,8299,3747
1796,2652,29957,26604
1797,2653,22008,18274
1798,2654,26759,20417
1799,2655,26951,26755
1800,2656,20417,26036
1801,2658,25260,25260
1802,2659,18273,22581
1803,2662,27257,15813
1804,2664,29107,28383
1805,2665,29107,29379
1806,2666,12085,12085
1807,2667,12066,11410
1808,2668,20398,19475
1809,2669,20429,22858
1810,2670,20112,20108
1811,2675,14761,16887
1812,2676,19796,27250
1813,2677,27028,29728
1814,2678,23701,19352
1815,2679,25224,26893
1816,2682,27251,29057
1817,2683,20425,25424
1818,2684,22249,25206
1819,2686,25260,25260
1820,2687,15315,15316
1821,2691,21694,21693
1822,2692,29729,23803
1823,2693,22580,28409
1824,2694,21709,29445
1825,2696,22817,23766
1826,2697,15807,18570
1827,2699,29456,30021
1828,2700,16887,14762
1829,2703,12726,14376
1830,2704,28130,21685
1831,2707,24611,22825
1832,2708,28161,23158
1833,2710,8299,18805
1834,2711,4075,8302
1835,2712,18509,17538
1836,2714,18805,8299
1837,2716,19792,16678
1838,2717,19475,28397
1839,2718,28397,21365
1840,2719,26072,25514
1841,2720,22235,18245
1842,2721,20712,21060
1843,2723,21367,24022
1844,2725,25424,20425
1845,2726,13069,12731
1846,2727,20417,13394
1847,2728,22238,26334
1848,2729,27281,26977
1849,2731,24024,21702
1850,2732,16111,26362
1851,2733,22006,24357
1852,2734,13071,15520
1853,2735,25216,25216
1854,2736,27250,25216
1855,2737,17927,24577
1856,2738,18246,19153
1857,2740,26340,28403
1858,2741,24027,24646
1859,2742,19470,20712
1860,2743,16390,19472
1861,2745,20398,22825
1862,2746,19353,23411
1863,2747,21702,24870
1864,2748,22903,22902
1865,2749,22903,22903
1866,2751,30087,29459
1867,2753,20761,28803
1868,2754,24373,14382
1869,2755,1924,1925
1870,2756,17924,22175
1871,2757,29135,29794
1872,2758,28112,14133
1873,2761,21957,19476
1874,2762,27801,28107
1875,2765,22235,24609
1876,2766,23803,29728
1877,2767,16367,15133
1878,2768,23760,22515
1879,2769,25397,27532
1880,2772,12367,10205
1881,2773,21633,23154
1882,2776,15422,16367
1883,2777,23153,26086
1884,2778,16645,24653
1885,2779,26394,28226
1886,2780,28835,22494
1887,2781,24380,23165
1888,2782,21953,26330
1889,2783,26086,25234
1890,2784,25260,25260
1891,2789,23701,19353
1892,2792,26373,31632
1893,2793,19164,20111
1894,2794,20107,19796
1895,2796,12693,12085
1896,2800,15709,17137
1897,2802,21389,20417
1898,2803,23825,25241
1899,2804,25241,24359
1900,2805,23825,26880
1901,2806,25242,22896
1902,2809,24890,22825
1903,2810,30049,21685
1904,2811,21998,30363
1905,2813,22192,4863
1906,2815,14597,24357
1907,2817,16367,15132
1908,2818,15423,16367
1909,2819,16646,24653
1910,2820,24653,16367
1911,2821,16111,24848
1912,2825,22572,24670
1913,2827,19352,23700
1914,2828,28212,29115
1915,2829,29432,29379
1916,2832,16414,23720
1917,2834,21050,11586
1918,2836,25119,28114
1919,2837,30963,21442
1920,2839,13027,16367
1921,2840,24653,19150
1922,2841,16367,13027
1923,2842,24375,26037
1924,2843,20416,26924
1925,2844,15810,26025
1926,2845,26327,15200
1927,2846,21651,25193
1928,2847,18639,16683
1929,2848,27626,27863
1930,2850,16398,18640
1931,2851,29746,24027
1932,2852,14616,25415
1933,2853,17269,23102
1934,2855,20698,17528
1935,2856,17137,18097
1936,2857,23158,27867
1937,2858,27009,27218
1938,2859,23172,26271
1939,2860,25213,25240
1940,2861,25490,26327
1941,2863,14597,15073
1942,2864,17289,28161
1943,2865,28107,28107
1944,2867,25418,14616
1945,2868,22580,23497
1946,2869,14472,14761
1947,2870,13729,26904
1948,2872,29793,29794
1949,2873,22193,22193
1950,2875,17280,26969
1951,2876,25258,26042
1952,2877,22825,24609
1953,2878,16983,26063
1954,2879,27043,26340
1955,2880,21685,21685
1956,2882,21032,23484
1957,2883,22903,22902
1958,2885,21348,26361
1959,2886,26929,21275
1960,2888,21312,21312
1961,2890,19154,26625
1962,2891,27000,24601
1963,2893,18165,18149
1964,2895,23412,19352
1965,2896,24602,27000
1966,2897,24366,25195
1967,2898,11241,20723
1968,2899,23466,21033
1969,2900,29135,29463
1970,2901,24869,27306
1971,2902,23043,18762
1972,2903,25428,24375
1973,2905,18149,30072
1974,2906,27951,23533
1975,2907,26930,20417
1976,2911,25442,25258
1977,2912,12089,9880
1978,2913,11144,11144
1979,2914,25793,24919
1980,2915,24635,20102
1981,2916,28462,25791
1982,2917,21400,21045
1983,2919,24025,29435
1984,2920,25228,25794
1985,2921,30073,18165
1986,2923,28143,25207
1987,2926,26904,13729
1988,2927,25193,21651
1989,2928,21651,21651
1990,2929,23721,16414
1991,2930,25710,14616
1992,2931,16336,21035
1993,2932,21368,16617
1994,2934,26025,16112
1995,2935,9880,12707
1996,2937,22582,28827
1997,2938,22582,24442
1998,2939,23855,22008
1999,2940,11431,11724
2000,2941,26929,27009
2001,2944,27223,25815
2002,2945,24611,22824
2003,2946,25765,16389
2004,2947,18639,16397
2005,2948,22582,29117
2006,2950,14762,12685
2007,2952,21050,20429
2008,2953,13034,14023
2009,2955,18507,16986
2010,2957,29456,30050
2011,2958,22235,20711
2012,2959,23755,24966
2013,2960,25509,23755
2014,2961,25510,24036
2015,2963,25458,28818
2016,2964,20740,21953
2017,2965,15813,28400
2018,2966,25425,24072
2019,2967,25420,29108
2020,2970,25734,15813
2021,2971,20711,22235
2022,2972,24022,21702
2023,2973,21694,21694
2024,2975,29117,22582
2025,2976,21664,15484
2026,2980,25794,26327
2027,2981,21953,20111
2028,2982,21407,24871
2029,2983,24181,26376
2030,2984,20421,24602
2031,2985,21036,24968
2032,2986,24968,21035
2033,2987,16414,23720
2034,2988,19352,23409
2035,2989,27297,26024
2036,2990,29105,24313
2037,2991,29098,28095
2038,2992,16218,20724
2039,2993,20724,19806
2040,2995,18435,23043
2041,2996,21418,18168
2042,2998,29746,24025
2043,2999,23045,12297
2044,3001,16367,13032
2045,3002,25788,12665
2046,3003,15129,24312
2047,3004,14167,12224
2048,3005,24668,26327
2049,3006,26093,27250
2050,3007,16576,14382
2051,3008,26079,26707
2052,3009,16112,26025
2053,3010,25815,26934
2054,3013,23166,26272
2055,3014,29107,28143
2056,3015,16329,21035
2057,3016,20709,21950
2058,3017,23158,27867
2059,3019,21651,25429
2060,3020,15233,26905
2061,3021,24966,24037
2062,3023,17768,18097
2063,3024,9584,8903
2064,3025,14597,15073
2065,3026,26707,25752
2066,3028,17923,18500
2067,3030,27009,26929
2068,3031,22869,24603
2069,3032,25258,26045
2070,3033,22825,24609
2071,3035,17189,25431
2072,3037,16983,25760
2073,3039,29457,26344
2074,3041,13377,23192
2075,3042,27514,28105
2076,3043,18805,8299
2077,3044,26086,22512
2078,3046,15813,19119
2079,3049,21630,21614
2080,3050,20417,27247
2081,3051,29139,29463
2082,3052,19799,26681
2083,3053,18500,17528
2084,3054,1333,1326
2085,3055,16621,15356
2086,3056,25783,28468
2087,3058,23155,26086
2088,3059,8299,3747
2089,3060,22193,21906
2090,3061,17531,15813
2091,3063,30912,24562
2092,3064,15696,15698
2093,3065,18242,21573
2094,3067,24366,25195
2095,3068,15356,16576
2096,3069,16576,15356
2097,3070,3746,8302
2098,3072,25474,18889
2099,3076,21955,24312
2100,3077,24602,21365
2101,3078,8622,28397
2102,3079,13118,13119
2103,3081,17536,25445
2104,3082,25765,21641
2105,3084,23701,19046
2106,3085,27297,30848
2107,3088,22285,28804
2108,3089,12724,12724
2109,3090,17498,20710
2110,3091,22225,23155
2111,3093,28803,27255
2112,3094,26321,21051
2113,3095,11241,20724
2114,3096,23474,26092
2115,3097,22880,30100
2116,3098,30100,22880
2117,3099,17631,23278
2118,3102,26982,28803
2119,3103,21608,18242
2120,3104,8903,9931
2121,3105,28218,12707
2122,3106,11724,11430
2123,3107,27863,25522
2124,3108,11431,10528
2125,3111,24889,26975
2126,3112,10529,11431
2127,3114,17217,27444
2128,3115,20724,16500
2129,3116,26976,26709
2130,3118,20712,16329
2131,3119,28143,29444
2132,3120,27795,29098
2133,3121,26709,25489
2134,3122,25431,17189
2135,3127,24871,23533
2136,3128,27030,24181
2137,3129,15129,15129
2138,3131,12223,14167
2139,3132,25429,26686
2140,3134,27250,20706
2141,3135,27933,25815
2142,3137,10669,24366
2143,3138,25187,30373
2144,3139,24881,30658
2145,3140,15813,24072
2146,3141,26687,21651
2147,3142,26931,26670
2148,3143,28163,23158
2149,3144,26305,26732
2150,3145,18569,12438
2151,3146,26986,21046
2152,3148,26694,21043
2153,3150,24028,26337
2154,3151,18825,17283
2155,3155,26904,13729
2156,3156,28106,28737
2157,3158,28737,28107
2158,3159,14763,14023
2159,3161,23232,23533
2160,3163,30922,30922
2161,3167,12297,22728
2162,3169,19168,25228
2163,3171,23722,16414
2164,3173,25489,24610
2165,3174,26349,26588
2166,3175,16367,16105
2167,3177,26330,27009
2168,3178,25788,29113
2169,3179,24063,25216
2170,3180,24071,15813
2171,3181,11171,26997
2172,3185,21400,29057
2173,3186,24024,21702
2174,3188,7960,16397
2175,3192,25199,26709
2176,3193,27798,25794
2177,3194,29114,25489
2178,3195,29060,20111
2179,3196,13118,13119
2180,3197,25442,16388
2181,3198,25460,16118
2182,3199,26709,22825
2183,3201,25710,29032
2184,3202,29021,25419
2185,3203,29036,29021
2186,3205,21651,21960
2187,3206,24471,27030
2188,3207,25794,26327
2189,3208,21702,24871
2190,3209,21050,11586
2191,3211,21365,21034
2192,3212,20725,19806
2193,3213,21034,19456
2194,3214,21364,23466
2195,3215,21034,21364
2196,3216,30073,18180
2197,3217,27297,26024
2198,3218,15616,20724
2199,3220,15351,27258
2200,3221,2982,7026
2201,3223,3911,3911
2202,3224,19805,26028
2203,3225,12707,28836
2204,3226,23755,27164
2205,3228,18399,26314
2206,3229,30658,25187
2207,3232,17283,25187
2208,3233,26120,26934
2209,3234,29794,29459
2210,3236,23533,24872
2211,3237,29107,28143
2212,3239,21358,18500
2213,3240,22558,26670
2214,3241,16415,23720
2215,3242,14616,25415
2216,3243,17608,25188
2217,3249,20101,28161
2218,3250,21651,25429
2219,3251,29116,24314
2220,3252,24662,18156
2221,3253,28106,28107
2222,3254,14597,15356
2223,3255,28106,27803
2224,3260,16391,25520
2225,3263,22255,12656
2226,3264,22008,24442
2227,3266,30096,22880
2228,3267,16389,26969
2229,3268,22006,23498
2230,3270,28425,28143
2231,3271,16983,25760
2232,3272,25981,21591
2233,3273,22235,24609
2234,3275,25718,17609
2235,3276,25721,26712
2236,3277,25257,27863
2237,3278,29728,24313
2238,3280,1335,1326
2239,3285,24881,27463
2240,3286,24828,10830
2241,3287,27774,25188
2242,3288,26371,20073
2243,3289,20073,28130
2244,3290,28128,21360
2245,3291,21032,21953
2246,3292,18805,24563
2247,3293,15359,16879
2248,3295,26975,25752
2249,3296,24882,23760
2250,3297,27000,26936
2251,3299,14055,12108
2252,3301,14058,16141
2253,3302,14142,14146
2254,3303,16576,15356
2255,3307,18435,23043
2256,3308,31394,27574
2257,3310,25752,26707
2258,3311,17538,23197
2259,3312,24366,25195
2260,3313,27225,18866
2261,3314,24932,26358
2262,3315,24928,28416
2263,3317,11410,11410
2264,3318,26687,26999
2265,3319,5891,7107
2266,3320,22013,28803
2267,3325,25224,18503
2268,3326,15813,20420
2269,3327,7107,5891
2270,3329,19187,20445
2271,3331,20289,28232
2272,3332,11586,20724
2273,3333,24315,25433
2274,3335,25734,25450
2275,3336,24628,24628
2276,3337,13434,13120
2277,3338,7028,2974
2278,3340,16398,18641
2279,3341,18317,16684
2280,3342,20725,16218
2281,3343,18565,27537
2282,3344,18156,24656
2283,3345,25716,21385
2284,3347,22193,4551
2285,3348,23410,17270
2286,3349,27268,26681
2287,3350,31239,27450
2288,3351,19797,24313
2289,3353,24312,15129
2290,3354,23720,16414
2291,3356,27033,24181
2292,3357,25795,29732
2293,3358,28129,25791
2294,3359,26001,21653
2295,3360,25791,28460
2296,3361,28460,23767
2297,3362,16367,13027
2298,3363,13027,16368
2299,3364,9050,14866
2300,3366,26025,26732
2301,3369,21744,30961
2302,3370,27810,27976
2303,3372,25187,24645
2304,3373,12323,25485
2305,3374,29457,26344
2306,3376,29457,29457
2307,3377,24609,22825
2308,3378,23195,13721
2309,3379,20421,16988
2310,3380,27829,19166
2311,3381,28143,29107
2312,3382,26929,27009
2313,3383,27009,26929
2314,3385,20742,20113
2315,3386,22880,30100
2316,3388,23192,24841
2317,3389,23853,22581
2318,3391,25224,18247
2319,3392,18167,25760
2320,3393,24931,25750
2321,3394,22582,29117
2322,3395,21696,23533
2323,3396,14762,14023
2324,3397,27492,22859
2325,3398,28185,25811
2326,3400,13119,13119
2327,3401,13118,13119
2328,3402,19799,23213
2329,3404,27933,26041
2330,3405,21939,17216
2331,3406,18487,21628
2332,3407,22235,20711
2333,3408,26025,16111
2334,3409,16112,26025
2335,3410,26025,15810
2336,3412,21629,16921
2337,3414,25822,22014
2338,3415,8995,30651
2339,3416,28787,22000
2340,3417,24561,22580
2341,3418,20103,19480
2342,3419,24870,21702
2343,3420,29117,22582
2344,3421,14675,15063
2345,3422,24849,26394
2346,3424,24311,24073
2347,3425,19168,26344
2348,3428,19168,18580
2349,3429,21370,15484
2350,3430,25765,25216
2351,3431,24313,20104
2352,3432,23194,19480
2353,3435,30067,25192
2354,3436,25794,26327
2355,3437,21407,24870
2356,3438,16414,23720
2357,3441,1925,1925
2358,3443,19798,24602
2359,3444,20102,24602
2360,3445,24373,25728
2361,3446,30961,21744
2362,3447,16218,20724
2363,3448,21651,25192
2364,3449,23533,24869
2365,3451,17283,24882
2366,3453,23466,21034
2367,3454,21364,23466
2368,3456,15351,14382
2369,3459,10830,27776
2370,3461,15416,24312
2371,3464,25788,12665
2372,3466,13729,26626
2373,3468,17768,18097
2374,3469,14597,15356
2375,3470,16112,26025
2376,3471,27281,26656
2377,3474,22006,23497
2378,3476,14145,16556
2379,3477,12085,12087
2380,3478,14866,9038
2381,3480,19798,27214
2382,3482,18889,21628
2383,3483,22825,24609
2384,3484,15356,16576
2385,3485,26095,27268
2386,3486,25752,28160
2387,3487,24609,22824
2388,3489,28160,25451
2389,3490,28835,28181
2390,3491,26707,24601
2391,3495,16576,15356
2392,3498,25794,25794
2393,3500,25193,21651
2394,3501,21953,19456
2395,3502,21036,16390
2396,3505,23723,16414
2397,3506,27862,25522
2398,3507,27268,26096
2399,3509,22798,28835
2400,3510,28143,29107
2401,3511,26710,29749
2402,3512,20724,16218
2403,3515,14055,11998
2404,3516,11617,14057
2405,3517,21744,30961
2406,3518,26025,16112
2407,3520,12374,28450
2408,3522,18425,15369
2409,3523,23132,23996
2410,3524,23497,11732
2411,3525,12239,26671
2412,3527,14760,14023
2413,3528,21605,24352
2414,3529,24352,21605
2415,3530,22880,30100
2416,3532,19455,17212
2417,3535,24058,21702
2418,3536,25765,26709
2419,3537,25415,14616
2420,3538,25212,16983
2421,3540,16621,17283
2422,3541,11814,25216
2423,3542,22235,20400
2424,3543,21658,22235
2425,3546,26457,15811
2426,3548,29107,29379
2427,3549,30141,27537
2428,3551,3908,3907
2429,3553,21702,24874
2430,3554,20102,24602
2431,3555,16414,23721
2432,3556,30961,21744
2433,3557,27444,17217
2434,3558,25241,25424
2435,3559,23533,24597
2436,3561,16367,13027
2437,3562,17283,24882
2438,3563,25486,25184
2439,3564,14616,25415
2440,3565,18567,8910
2441,3566,8910,18569
2442,3567,26986,21045
2443,3568,17280,24317
2444,3569,27515,21941
2445,3570,26389,26938
2446,3571,18245,27215
2447,3572,14866,9042
2448,3573,21034,23466
2449,3574,23464,21364
2450,3575,21034,18531
2451,3576,18531,21034
2452,3577,21365,23466
2453,3578,24613,14382
2454,3579,25509,23755
2455,3580,21651,25193
2456,3581,16336,21035
2457,3582,29793,29794
2458,3586,29793,29794
2459,3588,28107,28107
2460,3589,28106,28107
2461,3590,21030,17275
2462,3591,18541,23043
2463,3592,18805,8299
2464,3595,16030,16322
2465,3596,8299,3747
2466,3602,23721,16414
2467,3604,26651,18246
2468,3607,10830,14147
2469,3611,4076,8299
2470,3612,14081,13764
2471,3614,24836,28397
2472,3615,11732,16672
2473,3616,8622,28397
2474,3617,23762,14382
2475,3618,28108,21030
2476,3620,31978,31975
2477,3623,28397,18805
2478,3624,24366,25195
2479,3625,19480,27168
2480,3626,11586,20723
2481,3627,24631,28096
2482,3632,30809,28472
2483,3633,29083,30505
2484,3634,28143,29107
2485,3636,26928,19480
2486,3637,26327,12239
2487,3638,29746,20421
2488,3639,21744,30961
2489,3643,18825,22817
2490,3644,20421,16680
2491,3645,27268,28480
2492,3646,24889,16305
2493,3647,14760,14761
2494,3648,17294,25273
2495,3650,26314,16226
2496,3651,26951,21651
2497,3652,17217,27444
2498,3655,12323,25790
2499,3657,12239,26696
2500,3658,24889,20711
2501,3659,25074,25074
2502,3660,20710,16329
2503,3661,21628,19444
2504,3662,11430,12084
2505,3664,15813,18567
2506,3665,26926,27009
2507,3666,28207,19157
2508,3667,27009,22541
2509,3668,11022,22275
2510,3669,21605,24352
2511,3670,24352,21606
2512,3671,27538,26394
2513,3672,22825,24634
2514,3674,27933,21399
2515,3675,25228,25836
2516,3676,24315,21364
2517,3677,21045,16617
2518,3678,24871,21702
2519,3679,24911,22826
2520,3683,25710,14616
2521,3685,25193,24072
2522,3686,22005,22249
2523,3687,22524,27212
2524,3688,27612,27591
2525,3689,17933,29445
2526,3690,20100,22580
2527,3691,21407,24870
2528,3692,4951,5990
2529,3693,5996,6800
2530,3694,29746,24314
2531,3695,27241,21941
2532,3696,6800,6429
2533,3697,25752,28160
2534,3698,28105,28107
2535,3699,25677,25183
2536,3700,20425,13362
2537,3702,25421,25981
2538,3703,24313,22204
2539,3705,26394,28226
2540,3706,26394,28226
2541,3708,32474,31623
2542,3709,18889,28771
2543,3710,25213,27450
2544,3711,13712,20424
2545,3713,14623,29433
2546,3714,21953,26086
2547,3716,22580,18865
2548,3717,29433,26954
2549,3718,27933,24313
2550,3719,11410,11410
2551,3721,9592,9601
2552,3722,27579,30375
2553,3723,26044,22765
2554,3724,20106,18876
2555,3725,16638,14081
2556,3726,17607,30091
2557,3728,12102,5173
2558,3729,19161,19802
2559,3730,4863,22193
2560,3732,22193,23996
2561,3733,21651,24058
2562,3737,25734,27934
2563,3738,15230,17219
2564,3739,24058,21651
2565,3740,21953,24058
2566,3742,18246,18245
2567,3743,24025,27252
2568,3745,28461,29445
2569,3746,24058,21952
2570,3747,29083,25796
2571,3748,26096,29391
2572,3750,30519,27297
2573,3751,22262,18567
2574,3752,15709,17483
2575,3753,15709,24882
2576,3754,16391,21037
2577,3755,18878,24945
2578,3756,25752,25449
2579,3757,25450,25450
2580,3758,18575,20098
2581,3759,30322,28107
2582,3760,26958,26292
2583,3761,28787,23196
2584,3763,27933,24313
2585,3765,27800,21222
2586,3766,18889,28771
2587,3767,20894,11792
2588,3769,21031,18568
2589,3771,22193,6533
2590,3772,28820,28820
2591,3773,31620,32473
2592,3774,20620,26271
2593,3777,32474,31623
2594,3778,23734,24138
2595,3779,27951,27362
2596,3781,25792,27798
2597,3785,16415,16416
2598,3786,27172,25755
2599,3791,19136,24227
2600,3792,24138,27933
2601,3793,27533,27225
2602,3795,24358,16102
2603,3796,22006,18247
2604,3801,25796,26327
2605,3802,2237,1925
2606,3803,1924,2237
2607,3804,1924,2253
2608,3806,29098,28095
2609,3807,16414,23720
2610,3809,30963,21744
2611,3810,20724,19806
2612,3812,25119,28121
2613,3813,23869,17940
2614,3814,17631,23278
2615,3816,24074,27807
2616,3817,24744,27030
2617,3818,21390,24609
2618,3822,19805,26028
2619,3823,11051,26365
2620,3824,29107,28143
2621,3825,27288,24597
2622,3826,23533,24597
2623,3829,24892,21953
2624,3830,29746,24027
2625,3831,21651,25192
2626,3832,21400,21367
2627,3834,16336,21035
2628,3835,22517,22818
2629,3836,17849,20984
2630,3837,24945,18156
2631,3839,14597,15358
2632,3840,25259,31225
2633,3843,11592,14866
2634,3844,14866,9042
2635,3845,26120,26934
2636,3846,22193,21906
2637,3847,19154,26625
2638,3848,26369,18500
2639,3850,21958,18558
2640,3852,20098,28161
2641,3853,29457,26344
2642,3854,26968,18241
2643,3855,24366,25191
2644,3859,22825,26709
2645,3862,31915,31413
2646,3863,25246,28095
2647,3864,28095,25257
2648,3865,24828,23505
2649,3866,19945,20261
2650,3867,20073,24070
2651,3871,27000,24373
2652,3888,21367,20063
2653,3896,24651,27577
2654,3904,16921,17216
2655,3907,27257,27000
2656,3934,18425,15081
2657,3943,23505,23194
2658,3964,19157,12374
2659,3969,16414,23720
2660,4018,21628,21919
2661,4050,25462,25813
2662,4054,19798,20108
2663,4059,27226,26974
2664,4067,11410,11410
2665,4088,27037,28804
2666,4090,5445,5800
2667,4093,24321,21390
2668,4095,24980,25464
2669,4121,11619,21353
2670,4124,24074,23484
2671,4154,20711,22235
2672,4157,27255,25460
2673,4165,19469,18883
2674,4169,11051,10730
2675,4190,20102,24602
2676,4192,27288,20724
2677,4226,13729,26904
2678,4227,21065,26347
2679,4231,22006,23498
2680,4232,20435,26346
2681,4236,29460,30647
2682,4237,30091,29794
2683,4239,27623,22279
2684,4248,19163,17627
2685,4260,26330,27218
2686,4303,26701,27009
2687,4304,26929,26670
2688,4315,22843,23487
2689,4319,26709,25776
2690,4321,23486,21958
2691,4325,22235,20711
2692,4336,24899,24369
2693,4341,21366,22235
2694,4344,25451,24037
2695,4351,21407,24870
2696,4359,23533,24597
2697,4379,23154,27795
2698,4399,28461,25429
2699,4402,23064,21550
2700,4415,30061,29442
2701,4417,25462,26092
2702,4419,25778,20395
2703,4449,19156,16985
2704,4450,28160,20395
2705,4452,20698,17222
2706,4465,22522,21651
2707,4491,26564,25950
2708,4541,15709,17483
2709,4556,24886,22497
2710,4560,21046,26986
2711,4564,24899,20033
2712,4587,25761,24366
2713,4649,8622,30021
2714,4655,14906,12714
2715,4657,25476,27872
2716,4675,624,641
2717,4683,1925,1925
2718,4703,26092,27030
2719,4707,22844,24940
2720,4710,27294,23243
2721,4723,11734,12098
2722,4752,21390,24609
2723,4772,24937,23484
2724,4780,22843,25798
2725,4786,16939,20712
2726,4787,16620,26705
2727,4789,22580,23497
2728,4800,17282,18877
2729,4805,12083,11725
2730,4809,18878,17283
2731,4824,20726,16218
2732,4826,23496,24940
2733,4844,22824,23154
2734,4879,22518,21651
2735,4947,23484,21362
2736,4952,26334,25726
2737,4955,28772,27000
2738,4960,23767,25216
2739,4962,20724,16218
2740,5001,26384,23689
2741,5016,26053,27268
2742,5019,23533,24597
2743,5029,19457,21034
2744,5047,10321,10951
2745,5051,10951,10025
2746,5067,23779,24380
2747,5072,24610,24901
2748,5075,26929,30037
2749,5079,23483,25224
2750,5083,24630,23776
2751,5117,22526,20073
2752,5119,24648,23486
2753,5127,21050,11586
2754,5150,29473,29483
2755,5154,26393,26938
2756,5160,19116,17849
2757,5168,32164,29596
2758,5180,21362,23484
2759,5208,27540,26085
2760,5212,23181,21362
2761,5220,24871,23818
2762,5230,29116,19456
2763,5273,14754,10025
2764,5286,22203,20357
2765,5296,23470,21953
2766,5314,23187,24942
2767,5316,22894,22893
2768,5385,20417,26038
2769,5388,20417,26038
2770,5390,20417,26036
2771,5391,20417,26038
2772,5416,11733,11410
2773,5420,17282,18568
2774,5436,21630,25216
2775,5438,24398,24645
2776,5458,25490,28195
2777,5463,26086,26086
2778,5486,11740,11738
2779,5514,19804,22842
2780,5585,12083,12085
2781,5596,18579,20099
2782,5647,21651,26247
2783,5648,27261,27261
2784,5668,23533,24597
2785,5697,24875,26033
2786,5709,26117,25462
2787,5726,25792,27800
2788,5743,24937,25472
2789,5774,21366,22235
2790,5780,26998,27009
2791,5783,18239,16984
2792,5784,28400,20350
2793,5833,24630,19408
2794,5835,21421,26027
2795,5838,12724,24111
2796,5847,22850,24089
2797,5863,27169,25659
2798,5879,28104,18805
2799,5891,13971,15421
2800,5895,7032,21994
2801,5899,18918,24380
2802,5909,23538,15812
2803,5910,27933,25239
2804,5938,23533,24869
2805,5941,24597,23532
2806,5943,24869,23533
2807,5944,24871,23533
2808,5945,30963,21442
2809,5947,17901,30078
2810,5955,18193,28095
2811,5962,26986,21045
2812,5963,21385,26654
2813,5988,29083,27251
2814,6009,99,60
2815,6043,24353,26052
2816,6100,12085,12085
2817,6101,16051,10016
2818,6103,11131,12338
2819,6126,12085,11716
2820,6127,11716,12085
2821,6133,12085,11714
2822,6137,23826,32494
2823,6169,17747,19944
2824,6177,27150,22262
2825,6189,17607,19477
2826,6191,18889,16985
2827,6196,27933,23195
2828,6238,27000,27218
2829,6247,24373,27000
2830,6251,25258,24111
2831,6252,24111,25812
2832,6256,24058,26349
2833,6273,27933,18581
2834,6284,27536,21689
2835,6298,27810,20422
2836,6303,23689,24966
2837,6310,20711,22235
2838,6334,11732,23758
2839,6353,25193,24597
2840,6364,27268,28784
2841,6368,28784,27268
2842,6390,29730,27252
2843,6397,26668,25443
2844,6402,22880,30096
2845,6407,11586,20723
2846,6417,25246,24036
2847,6419,24949,24037
2848,6427,27811,26324
2849,6432,15406,18557
2850,6449,22887,26039
2851,6463,19772,22494
2852,6491,26936,28443
2853,6521,22499,19772
2854,6525,20065,21644
2855,6580,15813,16680
2856,6597,24111,22578
2857,6599,20071,21641
2858,6622,23181,15813
2859,6623,21035,16617
2860,6630,27603,26997
2861,6652,25726,26326
2862,6664,22559,16118
2863,6695,16112,26025
2864,6706,13068,15498
2865,6708,25792,15231
2866,6740,27037,27933
2867,6755,15404,18877
2868,6757,15406,18557
2869,6758,20398,22825
2870,6763,28356,28672
2871,6768,21607,19728
2872,6769,22893,22011
2873,6770,27268,28784
2874,6771,30648,30659
2875,6773,29080,27268
2876,6775,22011,23532
2877,6780,28105,27801
2878,6784,22280,23816
2879,6794,30571,30586
2880,6800,14167,17817
2881,6805,26977,27268
2882,6817,17932,21699
2883,6819,28107,28104
2884,6829,8520,8803
2885,6832,22276,25814
2886,6859,24522,23135
2887,6863,4758,18114
2888,6865,26969,26999
2889,6869,28104,28105
2890,6874,30100,22880
2891,6875,26057,26988
2892,6880,17253,18500
2893,6882,8180,8162
2894,6883,8166,8196
2895,6884,23137,25192
2896,6895,25794,26327
2897,6898,30963,21744
2898,6908,24122,25828
2899,6959,28804,27256
2900,6974,31233,27167
2901,7024,27621,24597
2902,7038,23483,16985
2903,7042,24670,27268
2904,7046,27218,25200
2905,7049,26625,26928
2906,7059,17282,18568
2907,7078,26926,25188
2908,7084,26371,27033
2909,7089,25489,26709
2910,7093,28483,27009
2911,7147,26326,26969
2912,7156,15813,16682
2913,7186,24633,26999
2914,7238,24130,23533
2915,7244,23415,23101
2916,7249,19495,20444
2917,7252,20445,19495
2918,7253,13381,12374
2919,7276,26094,28218
2920,7282,24647,27000
2921,7287,28106,28106
2922,7311,27578,27000
2923,7324,17270,28167
2924,7330,24321,24609
2925,7382,25207,24609
2926,7383,28505,29437
2927,7388,29437,28505
2928,7389,19484,26342
2929,7394,26368,27030
2930,7397,24609,21391
2931,7416,21275,26929
2932,7457,23493,24942
2933,7480,14472,22800
2934,7509,24627,25215
2935,7511,22010,28804
2936,7516,23187,24940
2937,7553,23496,24939
2938,7559,22546,23759
2939,7571,19119,22273
2940,7594,28506,29445
2941,7622,28171,27009
2942,7623,26929,26670
2943,7631,22415,18762
2944,7640,13719,12087
2945,7641,9584,9243
2946,7648,16879,17174
2947,7650,27899,21659
2948,7656,27268,28464
2949,7658,28178,27268
2950,7660,25489,24369
2951,7664,25489,26709
2952,7668,26709,25490
2953,7674,25489,23179
2954,7681,23483,25489
2955,7707,12085,11738
2956,7713,27037,24968
2957,7734,21573,21605
2958,7738,30652,30342
2959,7743,24968,27037
2960,7744,22006,11733
2961,7746,23181,19484
2962,7747,16997,25489
2963,7807,12239,26671
2964,7817,15818,14617
2965,7820,19445,27933
2966,7825,14617,15818
2967,7835,21051,26312
2968,7840,24091,18918
2969,7858,16587,18118
2970,7863,17282,19164
2971,7866,18889,16985
2972,7868,23412,19045
2973,7873,18842,18519
2974,7885,13441,13772
2975,7892,26305,27298
2976,7896,22283,23825
2977,7908,24609,21389
2978,7919,5187,22193
2979,7958,18842,18519
2980,7965,21385,21386
2981,8047,22846,24940
2982,8054,28504,29437
2983,8086,17282,19154
2984,8090,18864,16983
2985,8110,27268,28464
2986,8112,28178,27268
2987,8118,24645,22258
2988,8144,28504,29437
2989,8145,27621,24597
2990,8147,17294,24881
2991,8159,23484,24652
2992,8163,25214,25215
2993,8193,18814,17230
2994,8215,25216,25216
2995,8249,21651,24072
2996,8255,17283,19164
2997,8256,19478,16985
2998,8257,17282,18569
2999,8259,18877,16985
3000,8267,18177,18814
3001,8279,26312,28400
3002,8294,24886,23140
3003,8298,23448,20711
3004,8340,26976,24358
3005,8353,12719,11738
3006,8376,31158,32296
3007,8380,28389,28381
3008,8396,25805,27035
3009,8405,28107,28107
3010,8424,15228,15498
3011,8431,21402,22892
3012,8450,24626,22525
3013,8453,26904,13729
3014,8469,12098,12085
3015,8474,16037,26330
3016,8480,23533,22584
3017,8498,12085,11753
3018,8529,26976,26362
3019,8547,23994,25160
3020,8549,28505,29437
3021,8550,15073,16576
3022,8551,16576,15356
3023,8555,25160,26875
3024,8593,28505,29437
3025,8595,15067,10025
3026,8618,29437,30062
3027,8622,16677,18565
3028,8623,18242,16984
3029,8624,30062,29437
3030,8648,24348,22248
3031,8663,26330,16118
3032,8665,24369,25487
3033,8684,26120,26934
3034,8687,14761,22800
3035,8707,19481,26027
3036,8709,28140,28092
3037,8711,12084,12085
3038,8744,25489,27277
3039,8746,26936,26394
3040,8748,15227,14033
3041,8769,21046,26313
3042,8771,18435,18814
3043,8775,26957,26707
3044,8776,25765,25216
3045,8781,25216,25215
3046,8797,24331,22824
3047,8819,26710,11051
3048,8820,16116,14033
3049,8830,22824,25203
3050,8847,23767,25216
3051,8866,26977,16395
3052,8896,27622,28218
3053,8914,14294,25195
3054,8917,12085,11426
3055,8932,27250,24621
3056,8933,24083,26374
3057,8961,12085,12085
3058,8975,21043,27259
3059,8992,25489,26626
3060,8994,21636,20057
3061,9000,11432,10528
3062,9006,9929,8903
3063,9011,17870,17529
3064,9036,26305,27298
3065,9039,19119,17229
3066,9041,10528,11431
3067,9045,25216,25215
3068,9050,27011,25490
3069,9076,11740,12085
3070,9086,27036,29445
3071,9090,29445,28827
3072,9098,28827,27037
3073,9117,25490,27903
3074,9123,26715,26092
3075,9147,29445,29437
3076,9164,12085,12726
3077,9202,11726,12085
3078,9236,11731,12085
3079,9260,24918,24369
3080,9262,24371,25489
3081,9276,26298,24608
3082,9280,28140,28092
3083,9288,27626,29437
3084,9298,27621,24597
3085,9320,24828,23391
3086,9333,12719,12087
3087,9334,24329,25489
3088,9346,24886,24313
3089,9347,24313,24608
3090,9348,12085,12087
3091,9364,14763,14023
3092,9387,20429,18878
3093,9391,28465,27581
3094,9458,12374,12085
3095,9459,24369,25489
3096,9462,8244,8244
3097,9473,26298,24886
3098,9490,8244,8244
3099,9504,28818,28824
3100,9538,21681,23538
3101,9545,25677,27449
3102,9550,11740,11738
3103,9562,24609,25489
3104,9582,8244,8244
3105,9596,25440,23533
3106,9601,22800,15073
3107,9619,16984,26338
3108,9624,12085,12085
3109,9664,11734,11719
3110,9666,21045,26986
3111,9669,25783,24635
3112,9670,24076,25489
3113,9686,22284,23538
3114,9703,25489,25780
3115,9705,21952,20395
3116,9706,12085,12085
3117,9719,16984,17908
3118,9731,17608,18567
3119,9733,18878,16985
3120,9744,24321,25489
3121,9749,29117,22582
3122,9759,28504,29437
3123,9768,12085,11735
3124,9769,11738,11738
3125,9795,25476,26718
3126,9803,25489,26709
3127,9806,26709,25489
3128,9835,17289,29083
3129,9843,25435,10670
3130,9858,24369,25489
3131,9868,26626,24608
3132,9874,15360,16576
3133,9900,26711,26064
3134,9901,21606,21606
3135,9905,16984,19477
3136,9908,10528,12085
3137,9936,28505,29437
3138,9941,24651,22547
3139,9945,26026,22024
3140,9952,21365,20395
3141,10044,25489,26709
3142,10054,23533,23538
3143,10055,12085,12098
3144,10056,12098,12085
3145,10061,21605,17176
3146,10063,28400,27253
3147,10068,21906,24847
3148,10069,24572,22194
3149,10096,14761,22798
3150,10099,20726,22862
3151,10106,12084,12085
3152,10117,26025,16111
3153,10122,11735,12085
3154,10131,16991,29083
3155,10134,26626,24886
3156,10145,14597,15073
3157,10162,12084,15508
3158,10185,25489,24321
3159,10193,24609,24041
3160,10197,24073,25489
3161,10210,23103,21906
3162,10224,11756,12085
3163,10241,25489,23777
3164,10255,24609,24613
3165,10289,27000,25177
3166,10290,25489,24321
3167,10294,25201,10665
3168,10299,29083,16991
3169,10309,15231,22007
3170,10313,12373,12087
3171,10316,26027,21421
3172,10322,25489,23197
3173,10331,25489,24609
3174,10345,23539,23533
3175,10347,26365,25216
3176,10363,22008,23855
3177,10376,12085,11735
3178,10384,27009,28481
3179,10392,24359,23484
3180,10393,25472,25216
3181,10415,24886,26298
3182,10416,26298,24886
3183,10426,26342,21906
3184,10432,26670,26064
3185,10439,12374,12087
3186,10446,26668,26064
3187,10450,21605,17911
3188,10459,10662,25200
3189,10467,25761,24058
3190,10472,27009,26064
3191,10482,27000,25177
3192,10485,27009,26064
3193,10486,26709,25489
3194,10493,24935,27000
3195,10500,24369,25489
3196,10507,26067,26365
3197,10508,28662,28353
3198,10509,27009,27268
3199,10515,26696,27000
3200,10529,26711,25763
3201,10531,21643,26064
3202,10539,26027,21421
3203,10550,21366,25763
3204,10551,26064,27009
3205,10560,12085,11397
3206,10561,11396,12085
3207,10577,21421,26027
3208,10596,21606,23735
3209,10602,25489,24609
3210,10607,24609,25489
3211,10615,24610,21960
3212,10616,26027,21421
3213,10621,27009,28167
3214,10622,28167,27009
3215,10624,22246,22858
3216,10652,25489,24373
3217,10653,24373,25489
3218,10658,22008,23855
3219,10662,24609,25489
3220,10663,25489,16680
3221,10678,22547,24946
3222,10692,25489,24609
3223,10695,25179,27000
3224,10708,27451,27451
3225,10717,26711,26064
3226,10721,11738,12374
3227,10725,12085,12360
3228,10736,26027,22024
3229,10745,27009,26064
3230,10776,26063,26668
3231,10779,26668,26064
3232,10791,26711,26064
3233,10794,12383,12098
3234,10796,12729,12085
3235,10814,26064,23127
3236,10815,23130,24572
3237,10821,11740,12085
3238,10827,26668,26064
3239,10850,18157,17871
3240,10879,27009,26064
3241,10880,26064,27009
3242,10894,24369,25241
3243,10908,27621,24869
3244,10932,27009,26064
3245,10937,26064,27009
3246,10938,27009,26064
3247,10940,27268,27009
3248,10957,26064,27009
3249,10960,23131,27000
3250,10973,26064,27009
3251,10976,22008,15231
3252,10977,15231,22582
3253,10978,24329,17871
3254,10979,26064,23767
3255,10980,23767,26064
3256,11004,26064,27009
3257,11005,27009,26064
3258,11006,26064,17923
3259,11007,25489,24609
3260,11010,22008,15231
3261,11011,15231,22008
3262,11013,26339,24109
3263,11046,18553,28100
3264,11047,28100,18553
3265,11048,18553,25439
3266,11050,12085,12731
3267,11067,21045,26986
3268,11070,31394,28786
3269,11072,23789,21658
3270,11073,12085,14376
3271,11084,18553,28100
3272,11087,22582,28820
3273,11100,19164,16679
3274,11106,15482,17919
3275,11109,28171,28467
3276,11123,24073,26075
3277,11127,25489,24647
3278,11144,18157,17872
3279,11146,27009,26064
3280,11148,23103,22193
3281,11150,27009,26064
3282,11167,15231,22582
3283,11178,25775,25775
3284,11179,31396,31417
3285,11189,26668,26064
3286,11191,26067,27009
3287,11197,25489,16680
3288,11203,26064,27009
3289,11221,25489,25224
3290,11223,25224,25489
3291,11229,15709,15080
3292,11256,26711,26064
3293,11258,26976,26667
3294,11259,26669,22521
3295,11263,28467,31397
3296,11269,26986,25778
3297,11294,26064,26711
3298,11298,28467,26988
3299,11302,26988,28467
3300,11318,27009,26064
3301,11327,26064,21906
3302,11340,26064,26668
3303,11356,21358,20699
3304,11387,24653,27009
3305,11391,26667,17536
3306,11419,24609,25207
3307,11429,26671,26064
3308,11431,20093,19771
3309,11448,26711,26064
3310,11461,13403,15509
3311,11463,12085,11438
3312,11484,15506,14039
3313,11490,23103,21906
3314,11494,26954,24881
3315,11498,28167,26975
3316,11542,25489,23484
3317,11545,9741,9076
3318,11555,22582,23817
3319,11571,21043,26986
3320,11587,27009,26064
3321,11604,21960,19470
3322,11630,24597,23533
3323,11651,23484,25489
3324,11652,12085,12710
3325,11663,23474,24061
3326,11679,25489,24369
3327,11702,26330,21718
3328,11720,23775,20706
3329,11748,12725,12087
3330,11750,24597,25188
3331,11756,12085,12374
3332,11757,12374,12085
3333,11758,12098,12085
3334,11766,12085,11116
3335,11785,26064,26668
3336,11800,11740,12085
3337,11823,28737,28399
3338,11830,26326,25761
3339,11853,21938,23466
3340,11921,24279,22194
3341,11922,23135,24279
3342,11943,17610,26969
3343,11983,18049,18049
3344,12008,27220,19798
3345,12010,12085,11403
3346,12011,11403,12085
3347,12035,26111,23689
3348,12044,26294,24572
3349,12046,22272,29232
3350,12066,22826,22247
3351,12127,28143,19162
3352,12133,26668,26064
3353,12138,22893,22588
3354,12139,23538,23533
3355,12141,27218,20102
3356,12144,25489,23483
3357,12145,23484,25489
3358,12171,12096,12085
3359,12172,8502,21053
3360,12178,19121,22231
3361,12180,14617,11459
3362,12193,22193,24279
3363,12198,23705,21906
3364,12202,25780,24387
3365,12203,23533,24597
3366,12204,21906,23102
3367,12212,14908,28143
3368,12252,12719,12087
3369,12271,25760,26360
3370,12279,26064,26668
3371,12284,24906,25215
3372,12301,26668,24626
3373,12307,12099,12730
3374,12309,12730,12085
3375,12316,12085,12085
3376,12325,5552,4412
3377,12333,24937,25489
3378,12344,25489,26709
3379,12345,26709,25489
3380,12369,22409,21906
3381,12379,20734,25478
3382,12392,22858,21658
3383,12401,25450,25206
3384,12403,27621,24869
3385,12410,26668,26976
3386,12456,22525,22246
3387,12493,25782,27035
3388,12494,29977,25659
3389,12520,24347,25763
3390,12522,26067,26668
3391,12525,12084,12379
3392,12552,28505,29437
3393,12553,25433,24880
3394,12555,29439,29743
3395,12557,29440,28505
3396,12580,12085,12085
3397,12581,12085,11768
3398,12583,12085,12085
3399,12608,19795,19794
3400,12617,27035,13368
3401,12642,27779,24868
3402,12684,22826,21964
3403,12692,24869,27621
3404,12694,25489,23777
3405,12695,23777,25489
3406,12710,23534,23238
3407,12718,21421,26027
3408,12721,25489,23776
3409,12723,23777,25489
3410,12729,26064,26332
3411,12731,26668,26064
3412,12732,26064,26668
3413,12743,25504,29225
3414,12744,26027,21421
3415,12760,29225,29225
3416,12761,12374,12384
3417,12762,12383,12087
3418,12790,21906,26668
3419,12794,12084,12085
3420,12796,26332,26064
3421,12799,26067,24332
3422,12804,21366,22525
3423,12807,28107,28106
3424,12817,26085,25216
3425,12826,25489,27604
3426,12832,27277,25489
3427,12858,25489,24321
3428,12860,10528,12085
3429,12896,26064,26959
3430,12908,16389,24313
3431,12925,26067,26668
3432,12956,22826,22246
3433,12970,24281,11468
3434,12978,28505,29437
3435,12986,26068,26668
3436,13005,26027,22024
3437,13010,21035,16617
3438,13023,25440,26974
3439,13056,27037,29104
3440,13066,12724,14033
3441,13067,24410,28822
3442,13080,26709,25489
3443,13095,21906,27278
3444,13099,25103,26849
3445,13100,21993,19149
3446,13112,5433,5433
3447,13120,23533,24668
3448,13124,12085,12087
3449,13145,17869,20726
3450,13146,32103,9591
3451,13152,30817,28729
3452,13156,21241,28142
3453,13159,4604,3908
3454,13171,24592,26312
3455,13197,26311,24592
3456,13199,26346,26681
3457,13245,24871,26309
3458,13257,11410,12085
3459,13258,26330,26064
3460,13261,24614,24625
3461,13263,26109,27029
3462,13264,11420,12085
3463,13267,24625,25216
3464,13281,24564,21906
3465,13282,21906,24272
3466,13334,25431,24308
3467,13335,24619,11732
3468,13337,24597,25426
3469,13343,25435,26687
3470,13348,29483,28832
3471,13350,26067,21906
3472,13352,26067,21658
3473,13354,14765,16294
3474,13364,22247,21958
3475,13387,24308,26310
3476,13390,27035,13045
3477,13414,25450,24701
3478,13419,26064,26977
3479,13476,24308,26310
3480,13495,24604,24308
3481,13497,11144,12085
3482,13507,16338,19455
3483,13568,20100,21058
3484,13572,25192,21906
3485,13575,16617,21035
3486,13584,14094,23179
3487,13602,21414,22019
3488,13610,21316,23732
3489,13630,17605,26016
3490,13634,24308,26310
3491,13643,11738,11144
3492,13644,12085,12087
3493,13645,11742,11768
3494,13646,12380,12085
3495,13681,20732,20100
3496,13684,21906,21037
3497,13698,24308,26310
3498,13730,12723,12085
3499,13735,25216,24634
3500,13758,24071,25788
3501,13768,25973,26941
3502,13776,24308,26308
3503,13779,21421,26027
3504,13785,26309,24595
3505,13790,24612,24609
3506,13800,14595,15073
3507,13817,23533,22892
3508,13827,29437,27917
3509,13828,14597,15073
3510,13845,21941,24634
3511,13848,20649,24593
3512,13857,28219,28219
3513,13858,19478,22893
3514,13862,27037,25260
3515,13916,25822,25520
3516,13983,15201,14597
3517,13991,15832,16134
3518,14007,25415,24869
3519,14012,23997,22463
3520,14040,14597,15479
3521,14047,28598,29223
3522,14050,23165,24633
3523,14059,11748,12085
3524,14068,26975,26668
3525,14069,26956,21906
3526,14077,30073,18165
3527,14135,30066,25206
3528,14176,27792,25422
3529,14178,25201,26075
3530,14179,26075,25435
3531,14180,27037,29104
3532,14186,27270,26977
3533,14189,26670,26064
3534,14210,22895,23533
3535,14217,28099,25193
3536,14227,25223,22823
3537,14230,26324,24028
3538,14242,20099,19477
3539,14248,16944,18180
3540,14274,23533,23228
3541,14275,12085,12087
3542,14278,23228,24669
3543,14280,18558,15753
3544,14283,24668,23533
3545,14310,17496,17501
3546,14311,11740,11427
3547,14312,11427,12085
3548,14326,27020,25228
3549,14328,22906,22294
3550,14335,23533,24402
3551,14341,24668,23533
3552,14370,31875,32479
3553,14409,12725,26034
3554,14413,28832,29483
3555,14421,25237,23759
3556,14422,19133,19449
3557,14423,18519,18847
3558,14428,25216,25216
3559,14486,25489,27604
3560,14492,27007,26086
3561,14498,25224,26369
3562,14532,22193,23984
3563,14548,26670,25764
3564,14595,23538,24141
3565,14607,14094,14700
3566,14624,13053,14031
3567,14625,24056,25431
3568,14639,17219,26373
3569,14643,25431,23735
3570,14646,24892,25712
3571,14654,19050,23700
3572,14666,16596,26030
3573,14721,27288,26715
3574,14757,21332,22509
3575,14762,24604,26330
3576,14773,12723,12087
3577,14774,11740,12098
3578,14775,12099,12730
3579,14827,21952,19772
3580,14830,26597,24563
3581,14855,20984,21906
3582,14857,26599,24563
3583,14862,15674,23387
3584,14868,11418,10518
3585,14871,22272,24653
3586,14889,24991,23534
3587,14904,29437,30062
3588,14907,28096,26899
3589,14915,29225,28918
3590,14942,19120,18496
3591,14952,22193,20355
3592,14957,28774,19151
3593,14965,26310,24308
3594,14966,15498,15498
3595,14979,14597,15200
3596,15011,25490,27604
3597,15021,25224,25489
3598,15031,24871,26311
3599,15036,24671,24881
3600,15039,28397,28140
3601,15041,25715,24308
3602,15059,24611,21391
3603,15061,25216,23165
3604,15067,24978,25822
3605,15068,15707,16887
3606,15069,16887,17499
3607,15078,25216,26365
3608,15126,28147,28101
3609,15131,27919,21605
3610,15134,22273,22569
3611,15157,23195,24644
3612,15169,18246,19153
3613,15219,19456,18528
3614,15232,19792,18865
3615,15233,18865,19795
3616,15235,25215,25216
3617,15237,9803,10128
3618,15241,16680,17925
3619,15242,18246,19794
3620,15244,19793,20714
3621,15250,29437,28499
3622,15272,25489,26709
3623,15273,26709,25489
3624,15282,30574,30936
3625,15292,18560,20422
3626,15297,20100,21400
3627,15298,25216,25216
3628,15308,23852,24732
3629,15329,12084,12085
3630,15330,28499,29437
3631,15342,24597,25188
3632,15387,22273,22571
3633,15388,25489,27604
3634,15393,13556,14469
3635,15394,27277,25489
3636,15448,16684,31428
3637,15452,10528,11431
3638,15456,11116,12085
3639,15488,29225,29225
3640,15522,877,877
3641,15527,16336,21035
3642,15528,32241,32024
3643,15529,28106,28106
3644,15543,25258,22596
3645,15561,24353,26686
3646,15570,21322,21615
3647,15614,25450,24701
3648,15630,24882,26330
3649,15647,25489,23197
3650,15686,24651,25489
3651,15692,22294,20147
3652,15742,14889,13360
3653,15759,12951,6724
3654,15774,16753,15297
3655,15780,15870,17699
3656,15787,8894,9850
3657,15789,25460,23165
3658,15800,22243,20093
3659,15841,25488,23197
3660,15843,23197,22833
3661,15859,29114,30035
3662,15877,25228,29131
3663,15879,22462,28145
3664,15884,19784,18165
3665,15915,22596,22293
3666,15919,14597,15200
3667,15931,20103,18876
3668,15933,18876,20104
3669,15944,25216,25215
3670,15964,26936,25426
3671,15972,25490,25246
3672,15974,18889,26585
3673,15991,26362,27902
3674,15997,24667,22562
3675,15999,22001,20425
3676,16003,23987,22194
3677,16023,19839,25818
3678,16030,32237,32227
3679,16047,12085,11116
3680,16049,12085,12098
3681,16070,12075,12085
3682,16073,23793,24946
3683,16103,29445,30062
3684,16105,30062,29445
3685,16115,27268,28784
3686,16118,28784,27268
3687,16123,28123,16596
3688,16176,18859,27252
3689,16195,23739,25199
3690,16205,25228,25489
3691,16240,16207,31526
3692,16249,21951,21029
3693,16252,21605,22204
3694,16266,25489,23197
3695,16276,23195,22571
3696,16277,22573,24946
3697,16278,22272,21668
3698,16280,21050,22569
3699,16282,29450,30062
3700,16284,30062,28827
3701,16300,21385,30276
3702,16310,28379,28107
3703,16312,16461,15297
3704,16318,25488,26709
3705,16319,15753,15753
3706,16330,11109,11130
3707,16333,11132,12087
3708,16334,12364,11430
3709,16356,20724,18575
3710,16358,21608,22204
3711,16359,18575,20723
3712,16378,28187,28179
3713,16379,28465,28187
3714,16420,23195,24946
3715,16451,20094,23733
3716,16494,28284,28284
3717,16496,20355,19420
3718,16509,31375,18530
3719,16534,25216,25472
3720,16551,28106,28106
3721,16569,25479,27035
3722,16574,18530,19772
3723,16584,12374,12088
3724,16592,24358,24937
3725,16614,25200,26323
3726,16643,24869,26696
3727,16653,21605,22204
3728,16660,28465,27902
3729,16665,22230,21944
3730,16685,21605,22204
3731,16697,22574,20724
3732,16735,12441,13410
3733,16737,27164,26872
3734,16751,21037,21358
3735,16754,28922,28288
3736,16755,28401,27829
3737,16809,25967,26875
3738,16822,26027,21074
3739,16823,25489,27277
3740,16825,27604,25788
3741,16842,27251,18546
3742,16844,27902,27269
3743,16857,22194,23128
3744,16862,27243,27779
3745,16902,27604,28488
3746,16919,28202,27007
3747,16935,28125,16593
3748,16952,26326,25420
3749,16982,28202,27604
3750,16988,11754,7798
3751,16990,25489,25780
3752,16998,12085,12085
3753,17003,12085,12085
3754,17028,19772,16596
3755,17060,28202,27604
3756,17077,12702,11737
3757,17082,21945,21344
3758,17086,22893,22588
3759,17113,24560,23692
3760,17123,26119,24947
3761,17144,22829,25216
3762,17145,25490,27036
3763,17146,27036,27304
3764,17148,28488,29742
3765,17176,25783,26364
3766,17179,24937,24947
3767,17190,12085,12085
3768,17215,28202,27604
3769,17251,24869,24028
3770,17258,27604,28202
3771,17261,24608,27035
3772,17297,22006,16384
3773,17306,25489,26709
3774,17374,23153,21951
3775,17392,30059,29433
3776,17410,26063,24608
3777,17422,21605,22204
3778,17459,25489,23484
3779,17462,11141,12085
3780,17464,1925,1925
3781,17485,23486,25489
3782,17502,21952,24058
3783,17521,27268,28464
3784,17524,28187,28179
3785,17527,28464,27268
3786,17536,23238,23533
3787,17550,28202,27007
3788,17564,26362,24651
3789,17569,11740,11738
3790,17579,22588,26095
3791,17587,12610,15128
3792,17598,25489,23195
3793,17599,23195,25489
3794,17606,13763,13082
3795,17610,22272,22270
3796,17615,21605,22203
3797,17619,23532,23227
3798,17621,22175,1421
3799,17629,17224,17222
3800,17637,20076,20093
3801,17671,25216,26330
3802,17674,25216,26328
3803,17699,26025,24308
3804,17701,21605,20351
3805,17778,25216,27250
3806,17782,24667,26115
3807,17792,26119,24947
3808,17826,26383,24968
3809,17835,25809,24947
3810,17847,21958,19768
3811,17856,19768,21028
3812,17879,21951,24614
3813,17895,21967,20395
3814,17949,27268,28179
3815,17950,28464,27268
3816,17965,20424,21994
3817,17968,12085,12098
3818,17969,12099,12724
3819,17972,13090,13763
3820,17973,13761,13090
3821,17989,25489,23770
3822,17993,24076,25487
3823,18002,27252,25216
3824,18009,29739,28824
3825,18036,25489,27604
3826,18037,24996,29223
3827,18071,29757,28824
3828,18088,23165,24634
3829,18121,24952,26115
3830,18169,12098,12727
3831,18213,19772,20711
3832,18216,12096,12085
3833,18298,10518,13412
3834,18302,16399,16678
3835,18306,29193,25432
3836,18317,27924,29437
3837,18329,13362,13034
3838,18340,25783,27268
3839,18348,21641,21033
3840,18351,12085,12098
3841,18396,27577,25216
3842,18420,17626,26028
3843,18447,17871,18157
3844,18456,28122,27780
3845,18481,26340,26082
3846,18520,23129,25788
3847,18562,18810,18157
3848,18600,21952,21958
3849,18641,28102,28121
3850,18657,24374,25228
3851,18662,25216,27252
3852,18663,25216,27253
3853,18672,22409,25956
3854,18673,12085,12098
3855,18674,12098,12085
3856,18677,17281,16678
3857,18683,33102,32996
3858,18719,24062,21035
3859,18725,20052,19751
3860,18761,25489,27277
3861,18763,27604,25790
3862,18772,24062,21035
3863,18813,25216,27253
3864,18819,22546,24653
3865,18841,14597,25200
3866,18869,20425,19154
3867,18890,21606,22203
3868,18902,25216,27577
3869,18903,25216,24626
3870,18911,27252,25216
3871,18916,28104,28106
3872,18963,32970,32227
3873,18964,26070,25214
3874,18969,27258,14597
3875,18971,15073,16576
3876,19004,25489,27604
3877,19007,23990,23991
3878,19051,17900,19160
3879,19053,26921,25105
3880,19055,26418,20398
3881,19056,26625,21399
3882,19061,25413,24143
3883,19062,30895,21605
3884,19065,24895,25224
3885,19067,25786,23472
3886,19074,23475,19176
3887,19076,25802,25802
3888,19077,24880,21906
3889,19079,23473,25790
3890,19084,22780,25184
3891,19085,23106,25184
3892,19091,24137,24663
3893,19099,21421,26027
3894,19102,22006,16384
3895,19103,32227,29409
3896,19117,18526,8410
3897,19120,23127,21906
3898,19212,25215,27252
3899,19222,20726,18496
3900,19248,26070,26327
3901,19254,17871,18157
3902,19269,25489,25781
3903,19270,25780,27268
3904,19280,27269,26349
3905,19305,18530,20071
3906,19313,14597,13034
3907,19337,25216,24627
3908,19340,27252,25216
3909,19368,25489,23195
3910,19371,22558,24946
3911,19378,3958,3958
3912,19399,25489,26709
3913,19406,26709,25489
3914,19465,25489,27604
3915,19471,27604,26095
3916,19519,22780,24269
3917,19521,25217,27252
3918,19522,25489,24073
3919,19528,24269,22780
3920,19530,27252,25216
3921,19535,24654,19456
3922,19547,25224,25790
3923,19570,25241,23794
3924,19571,23794,25489
3925,19580,25489,25781
3926,19590,12386,12085
3927,19592,21605,22203
3928,19615,10518,9553
3929,19622,26687,25778
3930,19623,25228,26095
3931,19648,24663,24690
3932,19649,18918,25234
3933,19653,25459,25460
3934,19654,14595,15356
3935,19657,26668,21906
3936,19659,25216,25216
3937,19660,8407,22826
3938,19671,16118,28161
3939,19679,18889,29140
3940,19684,28514,25496
3941,19689,24597,24878
3942,19728,25815,18883
3943,19733,27252,25216
3944,19734,25216,26365
3945,19735,22824,24911
3946,19750,21360,22523
3947,19768,25802,25802
3948,19795,28107,28740
3949,19799,21421,26027
3950,19831,26365,25216
3951,19833,19444,21952
3952,19839,25369,11998
3953,19852,24073,25224
3954,19859,25224,25489
3955,19913,27253,25216
3956,19925,26661,16587
3957,19945,15787,13957
3958,19973,26064,26327
3959,19980,12685,13356
3960,20057,17697,16757
3961,20072,28125,16596
3962,20076,26953,27534
3963,20093,25789,27277
3964,20094,25216,26365
3965,20099,27277,25486
3966,20120,28167,26668
3967,20125,21949,22234
3968,20141,12085,12085
3969,20198,26668,24604
3970,20225,23106,23096
3971,20232,29487,30116
3972,20237,31621,29127
3973,20244,12085,22547
3974,20245,22547,12087
3975,20246,23195,24091
3976,20289,25763,26669
3977,20290,21605,22204
3978,20316,25489,26709
3979,20319,26709,25490
3980,20328,21230,25107
3981,20370,26396,18883
3982,20379,12085,12085
3983,20382,26089,27035
3984,20393,25489,27277
3985,20399,27007,25790
3986,20416,25489,23777
3987,20420,25232,25790
3988,20460,25216,27253
3989,20500,26668,24880
3990,20521,26064,21906
3991,20525,24936,25489
3992,20537,26586,24563
3993,20538,24274,21906
3994,20547,11740,12374
3995,20548,12374,12085
3996,20550,12083,12085
3997,20571,24626,25216
3998,20587,22002,24661
3999,20599,25489,24072
4000,20605,23777,25489
4001,20608,21949,8410
4002,20667,21658,22547
4003,20673,11740,12085
4004,20676,12098,12085
4005,20708,20396,20398
4006,20712,21608,26324
4007,20724,14762,14023
4008,20729,22262,20421
4009,20730,26067,26668
4010,20743,11130,10518
4011,20753,22262,21382
4012,20762,17275,30059
4013,20769,25460,27252
4014,20814,12085,12374
4015,20815,12374,11738
4016,20822,26083,26976
4017,20823,27250,28406
4018,20825,26080,26976
4019,20856,23195,22858
4020,20859,12085,12085
4021,20912,24369,23195
4022,20916,26668,25489
4023,20948,25489,26709
4024,20954,25490,25246
4025,20955,24401,22008
4026,20956,21693,22893
4027,20958,22008,24397
4028,20964,24604,23733
4029,20977,22285,21713
4030,20980,25489,23195
4031,20986,26334,23415
4032,20999,25216,27253
4033,21003,25216,27252
4034,21022,25239,23777
4035,21025,25216,24626
4036,21028,12097,12085
4037,21034,20392,19134
4038,21039,19772,18528
4039,21040,12085,12085
4040,21041,24072,25489
4041,21043,26332,25216
4042,21058,11410,12085
4043,21066,12379,12087
4044,21084,12085,11132
4045,21085,11729,12085
4046,21132,12085,12085
4047,21145,12085,11748
4048,21146,11750,12085
4049,21151,23195,24389
4050,21179,25489,24072
4051,21182,24072,23776
4052,21183,23776,25489
4053,21188,14595,15073
4054,21241,28125,16596
4055,21245,20706,21033
4056,21261,24937,25489
4057,21269,25765,26047
4058,21270,27253,25216
4059,21273,25462,26365
4060,21313,25489,24072
4061,21314,24072,25489
4062,21336,11729,12085
4063,21339,21358,22858
4064,21346,22825,25216
4065,21348,25216,27252
4066,21350,23195,24651
4067,21353,27928,29435
4068,21354,30342,29743
4069,21361,23505,24946
4070,21368,21421,26027
4071,21377,26027,22024
4072,21379,20712,22247
4073,21420,27252,25216
4074,21434,20378,22247
4075,21435,24087,24946
4076,21447,22547,21656
4077,21452,23165,25216
4078,21471,12085,12087
4079,21481,26340,21906
4080,21486,12085,11438
4081,21489,21588,26361
4082,21494,24626,24731
4083,21532,29437,29435
4084,21533,24613,24882
4085,21535,30061,29743
4086,21537,25228,24370
4087,21544,12101,12085
4088,21571,16678,14597
4089,21585,12085,12386
4090,21586,12386,12726
4091,21588,25216,27252
4092,21590,26064,26684
4093,21591,26333,26668
4094,21595,25490,23197
4095,21609,25216,27252
4096,21610,27577,25216
4097,21649,10221,23462
4098,21664,25489,24072
4099,21665,24072,25489
4100,21691,22247,20396
4101,21700,21358,21652
4102,21702,20289,19974
4103,21714,25464,25216
4104,21724,11748,12085
4105,21743,25761,26668
4106,21747,27592,19151
4107,21757,21358,22247
4108,21771,24337,25216
4109,21772,25216,25215
4110,21773,25216,27252
4111,21774,11740,12099
4112,21782,27541,25278
4113,21784,27540,25279
4114,21785,12085,12085
4115,21790,26327,26924
4116,21797,25489,24072
4117,21800,15129,15744
4118,21801,22825,25216
4119,21811,21421,26027
4120,21814,12723,12085
4121,21828,12085,11735
4122,21830,12725,12085
4123,21890,12730,12099
4124,21895,12085,11730
4125,21897,26327,26068
4126,21919,25766,27253
4127,21921,25216,24613
4128,21922,24613,25215
4129,21926,21658,23195
4130,21936,23855,22582
4131,21940,25215,24613
4132,21941,24613,25216
4133,21947,26064,26668
4134,21951,21037,21359
4135,21972,25489,23777
4136,21973,23777,25489
4137,21978,25489,23777
4138,21980,24073,25487
4139,21990,26027,24893
4140,21994,25489,23777
4141,21996,23777,25489
4142,22011,26030,25448
4143,22021,28166,26668
4144,22042,12085,12085
4145,22058,24091,25489
4146,22070,25763,25216
4147,22072,27830,26085
4148,22090,27255,25216
4149,22098,25489,24072
4150,22101,24072,25489
4151,22108,24073,25241
4152,22122,21646,22247
4153,22148,21393,20427
4154,22193,26027,22024
4155,22201,23486,24939
4156,22261,12098,12085
4157,22277,12085,11144
4158,22278,11144,12085
4159,22283,12085,11138
4160,22284,11138,11738
4161,22296,24343,24321
4162,22320,12085,11738
4163,22332,12085,12085
4164,22400,21958,24644
4165,22433,21958,24644
4166,22450,21270,22156
4167,22460,15636,19959
4168,22467,24063,22247
4169,22470,26318,12849
4170,22511,19959,15636
4171,22515,21958,24365
4172,22544,21358,22247
4173,22549,21958,24644
4174,22609,25279,27540
4175,22611,21367,21358
4176,22634,23793,25489
4177,22766,21358,21367
4178,22791,13740,12085
4179,22797,23127,21906
4180,22798,26064,23131
4181,22802,29414,28767
4182,22808,28773,19151
4183,22822,11411,12085
4184,22823,26901,15513
4185,22853,24248,24249
4186,22859,25376,25388
4187,22869,24052,25734
4188,22871,12085,12078
4189,22890,23767,22247
4190,22895,21358,21367
4191,22898,21367,21031
4192,22901,21359,23165
4193,22904,25489,26709
4194,22905,26709,25790
4195,22916,19151,28773
4196,22929,23827,23533
4197,22932,25489,24647
4198,22933,24647,23483
4199,22936,23483,25489
4200,22941,11750,12085
4201,22945,12098,11738
4202,22975,25216,27252
4203,22977,25216,25203
4204,22978,24613,25215
4205,23001,25761,26327
4206,23005,24911,25235
4207,23008,21358,20712
4208,23052,26342,27252
4209,23055,21358,22247
4210,23069,13719,12085
4211,23089,27577,25216
4212,23097,11740,11757
4213,23117,25216,25216
4214,23148,24612,24609
4215,23152,11738,11132
4216,23235,26074,21027
4217,23244,21421,18496
4218,23251,21358,23481
4219,23268,24067,24072
4220,23269,24072,23767
4221,23281,30072,28836
4222,23286,27154,26845
4223,23287,11460,11777
4224,23290,25235,25216
4225,23325,18901,24872
4226,23349,24614,24323
4227,23378,22824,24895
4228,23388,11748,12085
4229,23398,24895,25191
4230,23399,25191,24894
4231,23413,12374,12085
4232,23449,29437,30052
4233,23457,17304,18261
4234,23466,23486,24085
4235,23529,21415,22586
4236,23549,21358,23767
4237,23573,29451,29461
4238,23586,12085,12719
4239,23587,12099,12085
4240,23589,28125,16596
4241,23599,21358,21367
4242,23629,32076,32253
4243,23638,25216,24364
4244,23641,29437,28499
4245,23701,12085,11116
4246,23702,11116,11403
4247,23760,23484,25489
4248,23786,25489,27277
4249,23787,27277,25791
4250,23809,25216,27577
4251,23811,21358,23767
4252,23823,25778,25216
4253,23829,22247,22860
4254,23830,23194,25489
4255,23842,11438,12085
4256,23855,11740,12097
4257,23863,19772,22247
4258,23888,28202,27604
4259,23908,13381,13401
4260,23910,12085,11748
4261,23915,27955,28823
4262,23927,24613,25216
4263,23948,25778,25216
4264,23964,25489,24889
4265,24013,20396,21363
4266,24018,11748,12085
4267,24040,9614,28160
4268,24074,25216,27253
4269,24075,25216,25778
4270,24084,25435,26687
4271,24094,25488,23195
4272,24104,23195,25489
4273,24113,14024,25200
4274,24116,28202,27604
4275,24118,19727,11998
4276,24124,24024,23227
4277,24133,29105,29445
4278,24142,12731,14069
4279,24145,21033,22824
4280,24192,23484,22858
4281,24198,25778,25216
4282,24205,32024,32237
4283,24235,25216,23165
4284,24260,23412,19352
4285,24263,11740,12384
4286,24291,28202,27007
4287,24296,28504,29104
4288,24321,29298,29616
4289,24347,27914,27605
4290,24354,16118,28837
4291,24403,22858,23195
4292,24404,22858,22247
4293,24447,11444,12085
4294,24451,15748,30063
4295,24453,22824,25216
4296,24475,25489,23777
4297,24478,23777,25489
4298,24479,11738,12098
4299,24487,25489,23196
4300,24511,24701,24140
4301,24526,27481,26270
4302,24529,26709,25489
4303,24530,24139,21414
4304,24531,11738,11399
4305,24548,25216,25216
4306,24570,28202,27604
4307,24581,12085,12725
4308,24582,12725,12099
4309,24583,12097,11740
4310,24601,25200,14597
4311,24611,25216,25216
4312,24619,28202,27604
4313,24636,25216,25214
4314,24639,12085,13057
4315,24663,27939,27030
4316,24680,19771,21030
4317,24736,12085,12709
4318,24742,20709,19772
4319,24754,28504,28821
4320,24773,29105,29435
4321,24785,25216,24072
4322,24787,25778,25216
4323,24791,20709,19794
4324,24792,22822,21238
4325,24836,23137,24024
4326,24838,24024,24603
4327,24853,24069,22824
4328,24872,25216,24613
4329,24874,24613,25216
4330,24920,28505,29437
4331,24922,24069,22547
4332,24924,22249,23773
4333,24940,25216,25778
4334,24963,23195,22247
4335,24966,21427,20131
4336,24971,24069,22824
4337,25002,27626,28823
4338,25006,17538,24359
4339,25017,14024,25435
4340,25069,26709,25790
4341,25071,20073,20726
4342,25088,12085,12098
4343,25089,12085,12098
4344,25095,12085,12085
4345,25096,25778,25216
4346,25101,24661,23196
4347,25106,22858,22558
4348,25108,23195,24946
4349,25138,10144,10463
4350,25157,25640,23939
4351,25166,27605,28202
4352,25170,28505,29437
4353,25173,12084,13038
4354,25174,13038,12085
4355,25179,24069,22524
4356,25182,28202,27007
4357,25190,29743,29105
4358,25193,21415,21713
4359,25214,17277,26016
4360,25220,26324,25732
4361,25231,25216,25778
4362,25241,25778,25216
4363,25258,26033,25441
4364,25272,22249,23773
4365,25291,28505,29437
4366,25297,24089,25486
4367,25308,26270,28396
4368,25330,25440,24604
4369,25341,13362,13034
4370,25346,18261,18567
4371,25349,26709,25790
4372,25350,29757,28617
4373,25379,25489,23507
4374,25382,23507,22247
4375,25383,27924,29445
4376,25390,29437,30034
4377,25398,30034,29743
4378,25399,29743,29104
4379,25414,29140,30665
4380,25429,20709,19771
4381,25446,21358,22246
4382,25455,24069,22824
4383,25460,19959,15636
4384,25467,22525,23772
4385,25468,12096,12384
4386,25469,12384,11738
4387,25483,26686,25738
4388,25486,26052,25216
4389,25495,27043,26362
4390,25496,27093,27030
4391,25498,25741,21056
4392,25499,13929,9398
4393,25508,23197,20729
4394,25509,25489,25780
4395,25510,25780,24889
4396,25513,11388,12078
4397,25514,11740,12085
4398,25517,20459,22019
4399,25537,19798,18895
4400,25544,30400,15304
4401,25561,28488,27007
4402,25609,22858,23195
4403,25637,29437,29437
4404,25638,24069,25207
4405,25643,23759,24069
4406,25645,18149,18810
4407,25646,23155,21358
4408,25648,18810,17860
4409,25661,25216,27253
4410,25677,22262,21387
4411,25695,13362,13034
4412,25715,18224,20395
4413,25720,28784,29129
4414,25723,14705,15306
4415,25728,32761,26219
4416,25729,30870,31849
4417,25735,29104,27964
4418,25754,25440,24320
4419,25815,11451,12085
4420,25830,11740,12098
4421,25831,12098,12085
4422,25850,11459,12085
4423,25855,22832,23497
4424,25858,12085,12085
4425,25877,19161,18578
4426,25879,25215,25216
4427,25897,28202,27604
4428,25913,24609,24895
4429,25987,25460,24072
4430,26001,25738,26997
4431,26002,24069,25213
4432,26006,27795,26656
4433,26014,18894,18877
4434,26046,26048,24069
4435,26049,25480,24067
4436,26050,23767,25489
4437,26053,25489,21358
4438,26055,28202,27007
4439,26056,19780,21358
4440,26059,21312,22793
4441,26063,23762,24320
4442,26064,24607,27802
4443,26067,29105,29437
4444,26122,22525,21030
4445,26131,12085,11767
4446,26133,11132,12087
4447,26144,26930,27795
4448,26194,22249,24069
4449,26196,15636,19628
4450,26197,19628,15636
4451,26201,32442,32437
4452,26205,21356,25489
4453,26207,25216,27252
4454,26224,27040,28823
4455,26249,24895,24033
4456,26255,25440,26952
4457,26272,21358,22551
4458,26288,23195,25489
4459,26294,31688,31138
4460,26298,28821,27912
4461,26318,25489,23794
4462,26319,23507,21680
4463,26322,27917,29104
4464,26348,28202,27007
4465,26368,25216,25778
4466,26371,17219,24634
4467,26384,23462,24314
4468,26391,15636,19629
4469,26403,23771,22824
4470,26406,24320,24613
4471,26420,17869,17529
4472,26422,17528,17209
4473,26431,25489,27604
4474,26434,27008,25790
4475,26450,28202,27007
4476,26464,27269,26696
4477,26473,14597,14595
4478,26509,25216,27252
4479,26537,14067,13086
4480,26542,24069,22826
4481,26569,24609,24058
4482,26588,26976,24635
4483,26610,24605,24024
4484,26627,27250,26330
4485,26632,26073,27586
4486,26658,25489,23794
4487,26660,23507,22558
4488,26668,21681,21680
4489,26758,32673,32779
4490,26767,26080,26687
4491,26783,25778,25216
4492,26785,12386,12085
4493,26805,23195,24946
4494,26824,18565,19471
4495,26860,25489,21358
4496,26861,21962,26999
4497,26862,26999,24609
4498,26870,17602,17585
4499,26872,21033,18200
4500,26877,15636,19629
4501,26880,19629,15636
4502,26894,29743,28821
4503,26896,29437,30656
4504,26909,25224,25214
4505,26919,25489,23195
4506,26924,23195,24946
4507,26930,24254,13631
4508,26931,19628,15636
4509,26935,11141,8903
4510,26939,24068,22247
4511,26940,22233,21033
4512,26942,28836,29439
4513,26975,23732,24024
4514,27010,25206,24320
4515,27025,29141,28846
4516,27049,13362,13034
4517,27053,26245,24836
4518,27055,21414,20146
4519,27056,20146,22019
4520,27060,25216,25778
4521,27061,25216,27253
4522,27062,14368,15304
4523,27063,25216,28161
4524,27064,25490,23195
4525,27065,22858,22248
4526,27066,15304,29390
4527,27069,23195,24946
4528,27071,25489,26709
4529,27074,26709,25489
4530,27075,28513,29437
4531,27098,24069,22824
4532,27099,29437,29104
4533,27101,29105,29437
4534,27124,25435,14597
4535,27135,20395,31375
4536,27187,27928,29104
4537,27188,29105,29437
4538,27192,21033,22824
4539,27196,22246,23773
4540,27200,15304,17075
4541,27201,17075,15304
4542,27204,21414,22596
4543,27206,28125,16596
4544,27208,22596,22019
4545,27214,17269,25222
4546,27215,24236,22580
4547,27220,25216,27252
4548,27221,25462,24072
4549,27232,23195,24946
4550,27240,24069,24062
4551,27243,21390,21364
4552,27301,11738,11132
4553,27302,11132,12085
4554,27303,12085,12085
4555,27327,24069,23157
4556,27340,24069,22522
4557,27347,25216,25778
4558,27348,25216,25778
4559,27353,12098,12085
4560,27367,22524,23487
4561,27380,16596,30921
4562,27410,14597,25200
4563,27459,25489,24889
4564,27474,21414,22310
4565,27520,19629,15636
4566,27527,13929,9398
4567,27528,20709,18157
4568,27532,33102,32024
4569,27556,9596,9635
4570,27560,25490,26115
4571,27568,26115,24947
4572,27603,30342,29437
4573,27628,28513,27626
4574,27639,15636,19629
4575,27649,24357,22825
4576,27653,25489,23507
4577,27667,22858,22247
4578,27678,26330,25193
4579,27727,9598,9619
4580,27763,30033,31400
4581,27781,30052,29439
4582,27799,25489,27277
4583,27803,26709,25790
4584,27818,10516,14294
4585,27832,25489,23507
4586,27833,23507,23195
4587,27843,22554,21680
4588,27860,29113,29437
4589,27887,13632,24253
4590,27974,23767,22860
4591,27981,19154,15304
4592,27983,22858,22247
4593,28018,24139,21414
4594,28048,20709,19480
4595,28053,19167,18887
4596,28132,24073,25486
4597,28175,28737,28397
4598,28176,26974,25429
4599,28179,26369,25791
4600,28181,24072,25216
4601,28192,15635,19629
4602,28196,24828,14405
4603,28216,25216,25216
4604,28225,25778,25216
4605,28232,25489,23196
4606,28252,23195,25489
4607,28253,30110,32371
4608,28269,21387,20421
4609,28271,17602,18863
4610,28273,28737,25790
4611,28274,15501,16997
4612,28303,25489,24072
4613,28354,29437,29105
4614,28355,29430,29437
4615,28359,14468,14761
4616,28390,18018,15304
4617,28406,15302,15562
4618,28443,23195,25792
4619,28460,12724,11738
4620,28466,28128,16596
4621,28483,28119,28739
4622,28487,17483,14405
4623,28488,26070,28403
4624,28489,25460,25215
4625,28497,22296,28143
4626,28500,12085,12078
4627,28501,12085,14029
4628,28505,21033,25192
4629,28511,22548,21358
4630,28521,11750,12085
4631,28535,11451,12085
4632,28547,25241,24070
4633,28548,23172,21035
4634,28592,31198,15304
4635,28611,15636,19628
4636,28616,21421,26034
4637,28626,15636,19629
4638,28635,14597,14023
4639,28653,12075,21036
4640,28685,16668,24601
4641,28694,19165,21358
4642,28696,28505,25433
4643,28699,15304,14368
4644,28701,23438,14761
4645,28702,23438,15073
4646,28703,14458,22798
4647,28707,23773,24320
4648,28709,24605,24603
4649,28715,24312,24605
4650,28717,17582,18859
4651,28724,12085,12085
4652,28725,18545,16668
4653,28726,15304,16164
4654,28729,16448,14999
4655,28761,24033,25694
4656,28764,24603,23137
4657,28769,28136,28106
4658,28778,25693,24276
4659,28791,15938,19628
4660,28813,14999,18660
4661,28826,15304,15862
4662,28834,21387,19478
4663,28848,25765,26954
4664,28849,25486,22276
4665,28853,18243,18261
4666,28859,12085,13066
4667,28860,12718,12087
4668,28868,28835,21680
4669,28878,17294,19478
4670,28885,21421,22306
4671,28893,23772,25216
4672,28904,25460,25216
4673,28938,29437,29105
4674,28942,25214,23767
