,cyclist_id,origin,destination
0,52,24323,20393
1,53,24323,20393
2,56,19769,27795
3,114,26685,28416
4,115,22277,29447
5,116,28826,22579
6,118,21689,22459
7,121,13393,18579
8,122,21690,28215
9,123,27938,22578
10,124,22278,28827
11,125,28826,22579
12,128,16112,26024
13,129,21690,23852
14,130,23757,21644
15,131,11427,12005
16,132,21979,21368
17,133,19792,26904
18,134,21367,22557
19,135,27914,25418
20,137,26311,26042
21,139,19445,28093
22,140,27798,17885
23,141,10025,19726
24,142,20419,23200
25,143,27796,17885
26,144,25201,11010
27,145,28161,19407
28,147,11027,11753
29,148,26025,16112
30,151,23528,30421
31,152,18512,27795
32,153,10662,25201
33,154,27621,24597
34,155,16112,26024
35,157,19407,27862
36,159,19470,26904
37,160,23505,23506
38,162,23505,21652
39,163,23041,19069
40,164,21366,23507
41,165,21953,21031
42,166,27795,17885
43,167,24871,25415
44,168,26034,29740
45,169,23510,21037
46,172,23853,28827
47,174,19133,18190
48,175,24890,10662
49,176,18193,19133
50,177,24312,24072
51,178,28826,22277
52,180,16984,26326
53,182,18762,23042
54,184,16112,26025
55,185,32296,31161
56,186,18528,26931
57,188,18885,25241
58,189,7661,6885
59,190,22557,22235
60,191,21366,21032
61,192,21360,23483
62,194,24070,25196
63,195,21951,21390
64,196,31157,32789
65,197,21389,21645
66,198,23043,18764
67,199,20418,21386
68,200,32806,32296
69,202,25191,18872
70,203,24922,16392
71,205,24609,19459
72,206,25435,10662
73,207,24611,24366
74,208,26905,22461
75,209,26300,27224
76,210,25434,26694
77,211,20097,20395
78,212,24073,25234
79,213,26025,16112
80,214,18877,24073
81,215,13029,11054
82,216,21060,25286
83,220,23853,22277
84,222,22276,23086
85,223,22460,22277
86,224,19799,26968
87,225,11051,26709
88,226,16112,26025
89,229,21690,23852
90,230,22263,24061
91,232,23759,22514
92,233,25517,25224
93,237,26084,25224
94,239,22797,21576
95,241,19154,26624
96,243,24922,24667
97,244,27225,28908
98,247,20740,27014
99,248,27010,29057
100,252,24274,23443
101,253,18762,23042
102,254,28098,29092
103,255,27238,23762
104,258,23136,18114
105,259,23472,20395
106,262,26025,25477
107,263,23853,21691
108,264,25520,26090
109,265,24557,18535
110,266,29316,21968
111,267,20395,18581
112,268,22276,28827
113,269,18114,19094
114,270,25198,24072
115,272,26626,19154
116,274,26366,11051
117,277,21968,23240
118,278,25471,24056
119,279,26079,24649
120,281,25765,23195
121,282,22895,24964
122,283,24669,21975
123,284,18443,17528
124,287,21690,14908
125,288,21608,21893
126,289,11050,11051
127,291,20417,22827
128,293,22525,21367
129,294,21312,21576
130,295,24600,24836
131,296,24272,23135
132,298,18573,25241
133,299,27883,30588
134,300,24930,25780
135,303,20991,21652
136,304,20710,19792
137,305,17608,16986
138,306,28396,26604
139,307,14910,22277
140,309,22277,28827
141,310,22895,22255
142,311,19776,15483
143,314,22284,25282
144,315,27226,14310
145,316,13712,14844
146,330,16842,22757
147,331,23198,22002
148,333,23239,21968
149,334,21970,21978
150,335,17933,20104
151,336,21680,28795
152,337,28472,26974
153,338,22002,24082
154,339,21969,23239
155,343,30961,21744
156,345,30955,24310
157,346,27287,27621
158,347,26724,27001
159,348,27288,24869
160,349,18885,25241
161,350,18891,22821
162,352,16112,26025
163,353,23239,29937
164,354,15369,16842
165,355,29737,26037
166,356,21690,23852
167,358,18253,25541
168,359,28774,23160
169,360,26969,19799
170,361,21029,28142
171,367,20396,24100
172,368,24100,20396
173,369,21941,22557
174,371,25813,26362
175,372,20727,24126
176,375,22014,28803
177,376,26036,30961
178,381,26309,10448
179,383,21439,30656
180,384,22227,19480
181,386,26304,16112
182,388,24875,27293
183,389,21608,21608
184,391,23195,18253
185,392,28418,20102
186,395,26086,25259
187,397,13367,27035
188,398,22873,22557
189,399,24153,28827
190,400,25224,23153
191,401,21985,16117
192,402,23474,26368
193,403,23759,19478
194,404,24346,19792
195,405,26362,17618
196,406,28826,22579
197,408,30961,21744
198,410,30955,24310
199,411,27288,24024
200,412,21389,21953
201,413,22523,21953
202,414,20705,18839
203,416,18891,22517
204,417,18889,27935
205,418,16986,26024
206,419,18527,21639
207,421,15369,16842
208,422,23970,16317
209,423,19462,28102
210,424,28160,23160
211,425,21060,23852
212,426,28140,28104
213,427,19771,27840
214,428,27600,29785
215,430,21606,21576
216,431,20099,28161
217,432,18535,27231
218,433,18252,18811
219,434,24381,24081
220,435,21035,17271
221,438,18527,28141
222,439,23500,15481
223,440,23232,28804
224,441,21845,17580
225,442,26036,27252
226,443,30656,26036
227,444,20402,18894
228,448,16882,24538
229,449,21389,20709
230,451,27809,21677
231,452,21744,30656
232,453,24598,27620
233,454,29617,21968
234,455,24604,23802
235,457,27936,18889
236,458,23853,21400
237,459,20102,22292
238,460,27638,20398
239,461,19790,18239
240,462,26025,19151
241,463,20728,24086
242,464,24093,29728
243,465,22582,22764
244,467,19152,15480
245,468,15199,15810
246,469,21034,21034
247,470,28397,26268
248,471,19464,15458
249,472,23505,24239
250,473,24239,22861
251,474,26330,16118
252,475,26976,22237
253,476,24363,25424
254,477,24609,24072
255,479,28170,30656
256,480,22460,22277
257,482,20399,27638
258,483,30659,21744
259,484,30015,26929
260,485,27213,29108
261,488,21951,21389
262,489,16112,26025
263,493,25460,25216
264,494,25509,22554
265,497,27288,24869
266,499,22276,25168
267,500,21400,23852
268,502,23157,23157
269,503,19134,24610
270,504,28163,18864
271,506,18861,18211
272,507,18542,18232
273,508,21604,21576
274,510,27257,26034
275,515,25252,23496
276,516,22013,28804
277,518,26086,25479
278,519,29114,26742
279,520,27959,29741
280,521,27829,25954
281,522,27638,20398
282,523,18558,19790
283,526,19472,20712
284,527,25449,24902
285,528,26037,30635
286,530,18494,18927
287,531,24090,24024
288,533,27250,26369
289,534,28165,20420
290,536,25224,25239
291,538,24880,23506
292,539,22825,19476
293,540,22230,18890
294,542,28119,25478
295,544,27538,19457
296,546,24871,27029
297,547,23853,25491
298,550,16656,22262
299,551,18500,25213
300,554,24889,23757
301,555,30770,30774
302,556,22261,16645
303,557,24108,19470
304,558,26025,16112
305,559,24964,18921
306,560,21576,21605
307,561,30046,24371
308,565,24964,24404
309,568,21439,30656
310,570,26088,29439
311,571,24645,20395
312,572,24633,22238
313,573,26975,28821
314,576,26063,17873
315,578,27168,31231
316,579,20398,27638
317,580,22240,27799
318,581,30067,25192
319,582,10448,26705
320,583,26537,28142
321,584,30659,21442
322,586,21051,26033
323,587,30956,24310
324,588,25241,25424
325,589,20725,28453
326,592,23817,27210
327,593,23502,27515
328,594,27288,24597
329,595,17282,26666
330,597,19799,26337
331,601,20723,22825
332,602,24628,24882
333,603,23511,27208
334,604,19167,27242
335,605,27035,13368
336,607,15370,16842
337,609,20937,26329
338,610,25255,22555
339,612,30042,23685
340,613,20726,28163
341,614,25953,21036
342,615,18247,21356
343,616,24895,26655
344,617,25659,29758
345,621,26716,23768
346,622,24088,17531
347,623,25224,24638
348,624,25240,26046
349,625,21400,24597
350,626,28511,24881
351,628,24919,23162
352,629,26962,12239
353,630,12384,17531
354,632,25782,15811
355,633,22276,26072
356,634,22826,26997
357,635,23473,26334
358,636,23208,19779
359,637,19779,28202
360,638,25735,24877
361,639,21608,22460
362,640,18885,25241
363,641,26997,22547
364,643,26329,25256
365,644,25257,26327
366,646,25207,25214
367,647,18573,17913
368,649,24609,19134
369,650,22276,24858
370,652,21968,29937
371,653,25459,25440
372,654,20713,16101
373,655,26360,24881
374,656,17534,25748
375,657,25778,28734
376,660,17219,12101
377,662,21696,18889
378,664,28737,23195
379,666,24073,26968
380,667,27062,21661
381,669,22238,18156
382,670,26050,25415
383,672,30166,28397
384,674,21034,26374
385,675,28736,30164
386,682,18562,16627
387,683,28141,25954
388,685,24882,30642
389,686,24609,21391
390,687,21965,20399
391,688,27245,19167
392,689,13031,11308
393,690,11048,13363
394,692,27250,26095
395,694,26037,20706
396,699,23474,27832
397,700,19779,27860
398,703,27569,23494
399,704,24875,27026
400,705,26976,21694
401,706,27862,22558
402,708,24881,24628
403,709,12243,26962
404,710,18159,22239
405,711,31231,27449
406,713,21358,26338
407,714,24357,26718
408,717,19168,25228
409,718,27450,25957
410,720,26025,16111
411,721,21439,30656
412,723,21894,21910
413,726,22239,25223
414,727,22582,25224
415,728,21694,21696
416,729,17933,25224
417,730,25193,30364
418,731,26295,29038
419,733,27832,26947
420,734,27231,25426
421,735,26969,23765
422,736,15623,24076
423,737,20701,21960
424,738,27225,27537
425,742,25741,20074
426,744,25768,23852
427,745,23853,29117
428,749,23542,23506
429,751,23175,16397
430,752,21398,22556
431,756,21375,30657
432,757,26064,19167
433,758,30656,26036
434,759,23198,23542
435,760,28826,22579
436,763,22558,18247
437,764,25782,15811
438,765,29036,25710
439,766,21685,21686
440,767,29409,28097
441,768,20730,19493
442,769,30067,25194
443,770,19492,20730
444,771,26536,28141
445,772,19152,23758
446,775,30373,24881
447,776,30373,29141
448,777,15177,13359
449,779,20723,28769
450,780,26085,26047
451,782,22281,12352
452,783,16985,25734
453,784,24628,25191
454,785,28177,27257
455,786,10731,11051
456,787,25509,22857
457,789,27801,19443
458,790,26668,20724
459,791,16984,26666
460,793,26092,27255
461,795,27044,29806
462,798,24539,16317
463,799,20399,27638
464,800,17852,31410
465,802,30656,26036
466,806,20422,27810
467,807,25967,23700
468,808,26715,21964
469,809,21690,23852
470,810,27012,28473
471,812,20726,18561
472,813,27012,24091
473,814,20417,26037
474,815,22235,20429
475,816,21964,25785
476,819,20101,28161
477,820,25239,22248
478,821,26232,27167
479,825,26362,24881
480,826,21025,24035
481,828,25953,20714
482,829,25712,28105
483,831,21606,21576
484,832,25239,25186
485,833,23543,23509
486,834,20057,23475
487,835,28105,25712
488,836,15370,16842
489,839,20734,19153
490,841,16022,22884
491,842,25220,25219
492,845,16603,16295
493,848,19141,18856
494,853,10823,18606
495,854,25728,24647
496,855,28447,20420
497,856,12355,21696
498,857,23752,22233
499,858,23700,25955
500,859,27809,19798
501,860,22977,25847
502,861,21952,20065
503,862,21657,22263
504,863,21036,21956
505,864,27538,18847
506,865,19456,27534
507,866,24881,30373
508,867,27250,25778
509,868,26044,23484
510,871,13970,16368
511,872,25712,24572
512,873,21952,20701
513,874,23225,24538
514,875,17579,20079
515,876,19773,25224
516,877,24313,28465
517,878,28101,29092
518,880,27206,16117
519,881,14619,12078
520,882,23853,21400
521,883,20731,27959
522,884,27222,19792
523,885,27541,23496
524,886,21606,24351
525,887,22887,24371
526,888,26717,23767
527,889,23767,26047
528,890,27226,26718
529,891,24313,26700
530,892,26669,12239
531,895,26037,24274
532,896,23472,26393
533,898,26370,25472
534,901,28825,31681
535,902,24351,21608
536,903,31375,31367
537,904,28105,28127
538,905,29617,25691
539,907,27571,25216
540,908,27568,30656
541,909,24609,23759
542,910,25462,25216
543,911,17483,15370
544,913,19156,20423
545,914,19792,25192
546,915,25726,19790
547,916,16392,19157
548,917,24901,20417
549,918,19157,20104
550,919,25186,26364
551,920,31662,29740
552,921,29444,28508
553,922,25782,15811
554,924,22274,25288
555,925,22864,23543
556,926,23541,23506
557,928,11732,27857
558,930,27188,30576
559,931,23471,21312
560,933,21389,21953
561,934,21034,23536
562,936,27026,31626
563,938,21690,14908
564,940,20100,28118
565,941,11410,6435
566,942,6435,11411
567,948,27574,11732
568,950,15807,13362
569,952,30057,24522
570,953,28396,28386
571,959,27035,25779
572,961,23472,26334
573,962,11733,11410
574,963,15749,15749
575,964,25122,30277
576,970,26364,25186
577,971,25098,30051
578,974,16118,22582
579,975,21956,18562
580,978,17277,13395
581,979,30276,25990
582,980,23200,23543
583,982,5445,18768
584,983,20429,21953
585,984,16103,16368
586,986,20398,23195
587,989,8969,21397
588,990,21397,8969
589,991,25749,21271
590,993,17911,24357
591,995,8916,19471
592,996,31626,25797
593,997,24363,20417
594,998,20417,22860
595,999,23195,17602
596,1000,13395,24363
597,1001,26272,25947
598,1002,26067,16367
599,1003,26067,16649
600,1004,26327,25516
601,1005,22249,19457
602,1006,30656,25431
603,1008,25194,24645
604,1010,18582,28400
605,1011,12081,22819
606,1015,28112,30576
607,1017,17873,25728
608,1018,24370,30656
609,1020,30914,30907
610,1021,26976,25694
611,1022,25398,25956
612,1023,22829,17201
613,1025,23154,11410
614,1029,14153,27449
615,1030,24073,18847
616,1031,13037,14330
617,1032,30889,18583
618,1033,19464,23777
619,1034,27964,24646
620,1038,29378,25432
621,1039,24690,20755
622,1040,25431,22824
623,1042,25517,25228
624,1043,22824,17538
625,1044,11402,11733
626,1045,24417,32969
627,1046,26030,26696
628,1049,22008,22008
629,1051,21607,22825
630,1052,24012,30897
631,1053,24359,25460
632,1054,26343,25765
633,1056,17183,19085
634,1057,19407,23444
635,1062,19988,21685
636,1064,25440,27284
637,1065,22581,24676
638,1066,21953,20111
639,1067,27450,30989
640,1068,21684,24609
641,1070,21065,24984
642,1071,21694,29083
643,1072,20398,27638
644,1074,28787,27255
645,1075,29032,28105
646,1077,15650,19121
647,1083,12090,25178
648,1084,23532,24597
649,1085,17282,26666
650,1086,21390,24609
651,1087,16112,26025
652,1088,11732,27564
653,1089,23955,16317
654,1090,24628,24882
655,1091,30656,26037
656,1099,27288,24597
657,1100,26323,19444
658,1102,23511,27208
659,1104,24966,19455
660,1105,24625,26654
661,1106,19146,27503
662,1107,15370,16842
663,1108,24360,25422
664,1110,25788,17270
665,1113,18245,25735
666,1114,20429,27527
667,1116,26963,26696
668,1118,25195,21627
669,1119,27801,25418
670,1120,17626,26326
671,1121,24889,25216
672,1122,18180,16828
673,1124,12081,12084
674,1125,24365,25195
675,1126,25442,27584
676,1127,27564,23471
677,1128,12083,12084
678,1131,17579,25790
679,1133,25194,30366
680,1134,24609,21391
681,1135,25416,24598
682,1136,27250,26369
683,1137,24597,23532
684,1138,27850,28782
685,1142,24882,21058
686,1144,16603,24538
687,1145,24943,20429
688,1146,27527,25239
689,1150,24871,27027
690,1151,24609,22235
691,1152,20417,24632
692,1153,26036,20417
693,1154,20417,26037
694,1155,27638,20399
695,1156,27256,26672
696,1157,17483,15368
697,1158,8560,12702
698,1159,26025,16112
699,1160,27035,24966
700,1162,29083,25099
701,1163,11410,11733
702,1164,25508,27036
703,1166,22827,25489
704,1167,25712,29036
705,1168,10240,25099
706,1170,25099,9592
707,1171,25228,16398
708,1173,28743,30034
709,1174,19168,19167
710,1175,25184,24073
711,1176,24340,12081
712,1177,26326,17873
713,1178,25643,28468
714,1179,28836,25259
715,1181,21374,17602
716,1182,29107,29373
717,1183,21684,24609
718,1184,29036,24572
719,1186,30067,25426
720,1188,16367,13032
721,1189,21390,24609
722,1190,30656,26036
723,1191,29378,28425
724,1192,30658,24881
725,1193,16112,26024
726,1196,19799,22821
727,1197,27035,13368
728,1199,20429,27525
729,1200,20398,27640
730,1201,27319,20398
731,1205,26092,26979
732,1206,25224,8922
733,1207,25114,9204
734,1208,15370,16842
735,1209,24651,27953
736,1210,21398,28783
737,1212,20094,25224
738,1214,25790,17580
739,1215,25489,24609
740,1216,22008,23852
741,1218,27958,27633
742,1219,26669,12247
743,1222,29424,30057
744,1223,21312,21893
745,1224,24577,25710
746,1226,24571,29026
747,1228,18878,20421
748,1229,24357,22245
749,1230,25765,25459
750,1231,25224,24369
751,1232,30067,25188
752,1233,19134,27231
753,1234,24366,25424
754,1235,24609,21391
755,1244,11138,18607
756,1245,16603,24538
757,1246,12081,12084
758,1247,28104,18500
759,1248,26033,21051
760,1250,13720,21369
761,1252,27001,12081
762,1253,24609,22825
763,1255,24609,23759
764,1258,28114,21677
765,1260,27528,22856
766,1261,21385,19798
767,1265,27231,26252
768,1266,25820,24965
769,1267,24882,20728
770,1269,16112,21651
771,1271,22230,18890
772,1272,26025,16112
773,1273,22235,20711
774,1274,16398,26326
775,1275,26954,16683
776,1276,24153,21691
777,1277,24028,27250
778,1278,28143,29729
779,1280,23760,25781
780,1282,16106,21684
781,1283,26931,26971
782,1284,12243,26962
783,1286,24312,27027
784,1287,27254,20023
785,1288,19161,25239
786,1289,25710,29021
787,1290,22582,23809
788,1291,24886,16891
789,1292,24888,21628
790,1294,11410,11410
791,1295,27638,20398
792,1296,30054,25517
793,1297,13368,27035
794,1298,19481,27959
795,1299,23505,27252
796,1300,30057,26954
797,1304,26685,25459
798,1305,20711,20714
799,1306,27959,19168
800,1308,16398,22574
801,1309,21036,21036
802,1310,22575,16118
803,1311,27260,27583
804,1312,25112,27528
805,1313,16609,15064
806,1315,21036,22235
807,1316,26087,24888
808,1317,28461,29445
809,1318,24609,22547
810,1319,27451,30984
811,1320,29107,29375
812,1321,20398,27638
813,1322,28106,28107
814,1323,29026,25415
815,1325,18175,28102
816,1326,21391,21391
817,1327,19854,11074
818,1328,16367,13359
819,1330,12685,16368
820,1331,11732,26362
821,1332,15065,14081
822,1335,19146,27505
823,1336,20101,28163
824,1339,17771,18096
825,1341,17854,31410
826,1342,21034,21034
827,1343,22279,23853
828,1345,25788,17580
829,1346,22825,24609
830,1347,22249,24609
831,1348,24947,18889
832,1349,27538,26356
833,1350,30324,29456
834,1351,16684,26326
835,1352,28836,30657
836,1353,30654,28834
837,1356,28835,17859
838,1357,24965,25509
839,1358,28212,22590
840,1359,22901,18877
841,1360,18876,22591
842,1361,18241,19139
843,1362,30037,30363
844,1363,27638,20398
845,1364,14905,17531
846,1366,17579,26334
847,1367,23043,18764
848,1368,28101,22824
849,1370,19134,25424
850,1372,10730,11051
851,1374,31231,27450
852,1375,25192,25418
853,1376,22824,17873
854,1378,13359,16367
855,1381,24887,30373
856,1382,24597,27274
857,1384,24609,22825
858,1385,23853,22008
859,1386,26669,12247
860,1388,11732,26362
861,1389,26362,12081
862,1390,28425,29107
863,1391,29378,28143
864,1392,25708,17277
865,1393,24871,27620
866,1394,22230,19166
867,1395,27812,24910
868,1396,8445,20073
869,1397,17874,25760
870,1398,25710,29026
871,1399,21591,18876
872,1400,23195,29446
873,1401,26666,16684
874,1402,22007,23086
875,1404,24026,29437
876,1405,29439,29746
877,1406,24357,21052
878,1407,25428,24073
879,1408,25760,17873
880,1409,28153,25523
881,1410,22461,22581
882,1411,29026,24572
883,1412,24350,16983
884,1413,28104,28107
885,1414,20726,26075
886,1415,23532,24312
887,1416,17873,28095
888,1418,21673,26034
889,1419,14768,27210
890,1420,16367,13359
891,1421,29445,22884
892,1422,29107,28146
893,1423,12078,27001
894,1425,24577,25414
895,1426,18891,22517
896,1428,22883,22248
897,1429,25509,22554
898,1431,14335,25415
899,1432,20399,27638
900,1434,29115,24314
901,1435,18875,21589
902,1436,19147,27796
903,1437,17462,18096
904,1438,20417,27249
905,1440,22008,23852
906,1441,29116,24315
907,1442,23199,18241
908,1443,22249,24609
909,1444,12081,11721
910,1445,11397,12085
911,1446,14147,17487
912,1447,15674,14431
913,1448,22841,18165
914,1449,12384,17219
915,1451,18166,22845
916,1453,23156,25424
917,1454,25424,21643
918,1456,21051,20429
919,1457,22004,18241
920,1459,21955,26626
921,1460,10820,18607
922,1461,10830,28111
923,1462,26762,21966
924,1463,27226,21366
925,1466,18561,30000
926,1467,10731,11053
927,1468,24146,16499
928,1470,26931,18170
929,1472,17579,26369
930,1476,13359,16367
931,1477,24598,23532
932,1478,27502,19462
933,1480,28143,29107
934,1481,24631,30374
935,1482,27869,16924
936,1483,21845,17580
937,1486,24315,27578
938,1487,27210,14768
939,1490,24610,24058
940,1491,12083,12085
941,1493,17483,15368
942,1494,16112,26025
943,1495,26025,16111
944,1496,16924,19314
945,1497,22248,29446
946,1498,25712,29036
947,1499,25178,12089
948,1500,24597,27026
949,1501,20580,24834
950,1502,24561,20983
951,1504,20725,22522
952,1505,20649,16615
953,1506,21366,20395
954,1507,27047,27959
955,1508,24366,24609
956,1509,25423,23777
957,1510,27959,26396
958,1511,26394,27959
959,1512,27959,26394
960,1514,23853,22008
961,1517,26246,29021
962,1518,16923,28788
963,1519,21366,25488
964,1522,24611,22547
965,1524,18876,23213
966,1525,29741,29741
967,1528,29722,29741
968,1529,24392,27918
969,1530,28514,27278
970,1531,23532,24597
971,1532,30961,21744
972,1533,16367,13032
973,1535,22558,26002
974,1536,29107,28146
975,1537,20399,27638
976,1539,16112,26024
977,1540,22523,24373
978,1541,24673,24396
979,1542,27287,24598
980,1544,24646,25424
981,1545,26709,24889
982,1546,22008,23853
983,1547,27614,21964
984,1548,24608,20098
985,1549,22249,24609
986,1550,24932,17871
987,1552,22846,29809
988,1553,25214,28402
989,1554,14768,5983
990,1555,24647,20429
991,1557,25403,27795
992,1559,23776,17578
993,1560,5627,3916
994,1561,25712,14335
995,1562,28095,23532
996,1563,25490,15487
997,1565,31407,27278
998,1566,18241,25195
999,1568,24611,23158
1000,1569,21439,30656
1001,1570,17918,24597
1002,1571,27830,26085
1003,1572,24876,27620
1004,1575,22235,21034
1005,1577,26001,22861
1006,1578,26085,27231
1007,1579,26360,27231
1008,1580,26119,24401
1009,1581,27531,26085
1010,1582,12081,12087
1011,1584,16276,26976
1012,1585,20711,22235
1013,1586,25201,26365
1014,1587,25721,24070
1015,1588,23853,22008
1016,1589,19471,19794
1017,1590,21683,24647
1018,1591,24649,21993
1019,1592,22279,23852
1020,1593,12363,11737
1021,1595,28107,28107
1022,1599,20740,29057
1023,1600,21606,25188
1024,1601,24631,25745
1025,1602,17874,25429
1026,1603,27538,18245
1027,1605,3911,3916
1028,1606,31406,27910
1029,1607,27604,26999
1030,1608,22825,24609
1031,1609,24645,25216
1032,1611,24365,26354
1033,1612,11733,12401
1034,1614,26999,31408
1035,1616,16117,19468
1036,1617,15356,16299
1037,1618,25260,25259
1038,1619,22248,21385
1039,1620,21953,21652
1040,1621,23786,22233
1041,1622,25790,20429
1042,1623,24438,22008
1043,1624,20733,26776
1044,1625,30277,27492
1045,1626,25432,22824
1046,1627,15817,16684
1047,1628,31909,18520
1048,1629,25216,25765
1049,1631,24025,27580
1050,1632,20102,26457
1051,1633,16584,15074
1052,1635,27626,26393
1053,1636,24611,27946
1054,1637,32732,24417
1055,1638,17269,26885
1056,1639,27949,24922
1057,1640,25223,24922
1058,1641,21398,27262
1059,1642,20711,27224
1060,1643,24280,17269
1061,1646,24072,22825
1062,1648,20728,21044
1063,1649,31624,27362
1064,1650,20417,18876
1065,1652,11740,13762
1066,1654,21695,21696
1067,1655,3008,4321
1068,1656,20726,25191
1069,1658,19162,20111
1070,1659,22824,24609
1071,1660,28820,29757
1072,1661,32724,32103
1073,1663,25820,27958
1074,1664,29757,28820
1075,1668,31102,26390
1076,1669,28836,26395
1077,1670,26086,18883
1078,1671,32094,27038
1079,1673,24969,25260
1080,1674,20429,21953
1081,1675,23489,16052
1082,1676,23489,16052
1083,1677,27777,30921
1084,1681,30922,30922
1085,1682,27226,11767
1086,1684,26082,10531
1087,1686,10830,24834
1088,1690,24052,23158
1089,1695,20705,18530
1090,1696,21649,20416
1091,1697,11410,11730
1092,1698,29378,25765
1093,1699,25765,25765
1094,1700,10829,23511
1095,1701,25431,17875
1096,1703,24314,29746
1097,1705,29730,19999
1098,1708,17878,17904
1099,1709,20098,26332
1100,1716,24611,25223
1101,1717,22007,18272
1102,1718,18271,22007
1103,1719,22885,29117
1104,1722,25424,20423
1105,1723,25222,26886
1106,1725,12373,19154
1107,1726,26332,20417
1108,1727,24924,22249
1109,1728,17538,23773
1110,1729,17224,23776
1111,1730,27583,27260
1112,1731,18246,25735
1113,1732,27472,24383
1114,1733,16338,18168
1115,1734,27167,30972
1116,1735,29107,29371
1117,1736,22233,20111
1118,1737,29411,28095
1119,1738,21050,20427
1120,1739,30961,21744
1121,1740,16219,20724
1122,1741,20399,16923
1123,1742,19805,26031
1124,1743,29378,28425
1125,1746,18170,26926
1126,1747,26891,18461
1127,1748,16391,26025
1128,1751,24080,17871
1129,1752,25114,13760
1130,1753,29107,26936
1131,1754,17219,27638
1132,1755,15369,16842
1133,1756,12375,20104
1134,1757,25422,26976
1135,1758,25189,25441
1136,1759,24893,19798
1137,1760,20422,27810
1138,1761,20421,24314
1139,1762,26080,27231
1140,1763,31411,31922
1141,1765,25788,17582
1142,1767,22279,23852
1143,1768,14335,25415
1144,1770,26697,24313
1145,1772,18460,26356
1146,1773,18241,26969
1147,1775,19162,23195
1148,1776,21384,20102
1149,1777,20422,27810
1150,1778,23157,24610
1151,1779,23213,24607
1152,1782,24366,25195
1153,1785,24972,16390
1154,1786,21934,24354
1155,1788,17216,27751
1156,1789,15481,12119
1157,1791,27247,20724
1158,1793,28142,26537
1159,1794,27904,27610
1160,1796,27269,25192
1161,1797,31863,26999
1162,1798,23225,23538
1163,1799,27062,25537
1164,1800,28100,29092
1165,1801,27602,28791
1166,1802,25775,27862
1167,1803,26029,21051
1168,1805,22903,22903
1169,1807,17579,25790
1170,1809,25224,28447
1171,1810,25192,30366
1172,1811,25723,24647
1173,1812,24021,17279
1174,1814,13760,25114
1175,1815,17219,22858
1176,1816,28425,29107
1177,1817,13359,16367
1178,1819,26926,20418
1179,1820,24871,23532
1180,1821,21439,30656
1181,1823,27221,29107
1182,1824,30972,26579
1183,1827,26025,16112
1184,1828,25710,14335
1185,1830,18500,26030
1186,1831,24890,23154
1187,1832,26698,26893
1188,1835,25181,17873
1189,1836,14479,15369
1190,1837,8561,12702
1191,1838,20421,21046
1192,1839,22230,18890
1193,1840,16111,21685
1194,1841,21685,19476
1195,1842,11056,11050
1196,1843,16052,20423
1197,1846,25178,23496
1198,1847,21045,26695
1199,1848,26695,21043
1200,1849,21044,26696
1201,1850,26695,21044
1202,1851,22519,21651
1203,1852,22783,23484
1204,1853,25722,23777
1205,1856,24340,12081
1206,1858,27260,27260
1207,1859,29060,20429
1208,1860,20416,26925
1209,1862,25479,22547
1210,1863,22247,24609
1211,1865,26455,15811
1212,1867,30067,25426
1213,1868,18607,10820
1214,1870,20724,19805
1215,1871,30961,21744
1216,1873,19806,26034
1217,1874,11732,27001
1218,1875,16112,26025
1219,1878,26093,17270
1220,1881,25774,31245
1221,1882,22825,24609
1222,1883,24077,22254
1223,1884,21953,25434
1224,1889,25738,22233
1225,1890,22251,26332
1226,1893,23109,26071
1227,1896,18912,19186
1228,1897,24366,25191
1229,1898,27942,27959
1230,1899,17871,17531
1231,1902,10528,18607
1232,1903,29452,29456
1233,1904,19161,17603
1234,1905,23239,22306
1235,1906,17217,27751
1236,1907,14178,15375
1237,1908,24038,24369
1238,1909,24312,15129
1239,1910,27751,17216
1240,1912,15808,20427
1241,1914,26361,12081
1242,1915,26903,13729
1243,1917,22248,29109
1244,1918,15129,14806
1245,1919,28425,29729
1246,1921,28821,29750
1247,1922,27840,22273
1248,1923,21439,30656
1249,1925,29448,28820
1250,1926,25726,30067
1251,1928,26025,16111
1252,1931,26943,26697
1253,1932,29083,27604
1254,1933,29746,29738
1255,1934,22903,25826
1256,1935,19476,17573
1257,1936,24611,22825
1258,1937,25824,22903
1259,1939,19810,16414
1260,1941,25712,29038
1261,1944,20098,16114
1262,1945,16301,16300
1263,1946,16889,15074
1264,1948,24379,23180
1265,1949,25228,24373
1266,1950,27950,27949
1267,1951,16110,20740
1268,1952,24063,15216
1269,1953,15827,20115
1270,1954,11050,10730
1271,1955,19167,26681
1272,1956,17275,25739
1273,1958,21606,25187
1274,1959,25426,24072
1275,1960,22885,22463
1276,1961,17909,21388
1277,1963,28139,24888
1278,1964,25201,26365
1279,1965,16114,19475
1280,1966,22179,22581
1281,1968,26048,15808
1282,1969,24610,22547
1283,1970,25783,27100
1284,1972,29032,25710
1285,1973,1925,2237
1286,1975,30067,25194
1287,1977,30073,18165
1288,1978,30487,28788
1289,1979,23500,27249
1290,1980,21051,26034
1291,1981,22586,18921
1292,1982,16676,17502
1293,1983,25279,27031
1294,1984,16925,23521
1295,1985,19470,18874
1296,1986,15416,24312
1297,1987,30961,21744
1298,1988,23341,12297
1299,1989,23532,24597
1300,1990,18871,20711
1301,1991,11732,26362
1302,1992,20711,26650
1303,1993,29107,28143
1304,1995,26085,27231
1305,1996,30084,29459
1306,1997,21389,20712
1307,1998,16315,16300
1308,2001,10971,7035
1309,2002,20419,17873
1310,2003,29116,24315
1311,2006,14335,25415
1312,2008,25114,13759
1313,2009,20399,27638
1314,2010,23477,25692
1315,2011,16390,27578
1316,2012,10235,10518
1317,2013,25774,25240
1318,2016,24402,27865
1319,2019,29456,26345
1320,2020,22005,23497
1321,2021,21654,26002
1322,2022,22004,24889
1323,2026,23779,18363
1324,2028,22913,27030
1325,2031,25231,26957
1326,2033,19793,27843
1327,2034,27750,17216
1328,2035,25442,14382
1329,2036,28208,28232
1330,2037,22249,24609
1331,2039,26093,17578
1332,2040,18561,26969
1333,2041,14051,11998
1334,2042,23446,16110
1335,2043,17910,23419
1336,2044,25399,28737
1337,2045,22825,24610
1338,2046,29129,29794
1339,2047,27285,22245
1340,2049,16218,20724
1341,2050,27956,24338
1342,2052,27252,26956
1343,2053,28132,25153
1344,2054,24543,19349
1345,2055,20111,28481
1346,2056,26032,21051
1347,2057,21953,26334
1348,2061,25239,25212
1349,2062,23511,28523
1350,2066,27009,27218
1351,2067,15811,15812
1352,2068,25520,26968
1353,2069,15369,16842
1354,2070,26334,21952
1355,2072,17620,19770
1356,2074,25459,25429
1357,2076,24357,24359
1358,2077,23243,22913
1359,2079,27943,21956
1360,2080,29037,24835
1361,2082,29798,29798
1362,2083,22548,23182
1363,2084,17730,18259
1364,2086,26976,18561
1365,2087,11586,20418
1366,2088,19119,16115
1367,2089,21037,24968
1368,2092,21956,17281
1369,2094,23775,19479
1370,2095,20724,18575
1371,2097,24318,29746
1372,2098,29408,30496
1373,2100,18573,20723
1374,2101,13358,16367
1375,2102,24312,15129
1376,2103,28143,29107
1377,2105,21374,23511
1378,2107,21043,26696
1379,2108,12583,14168
1380,2109,26313,16822
1381,2110,21845,17580
1382,2111,19472,25220
1383,2112,21389,16499
1384,2113,27064,24469
1385,2115,17870,20420
1386,2116,10518,10231
1387,2117,27258,26369
1388,2118,20712,22886
1389,2119,19770,19459
1390,2120,18166,30073
1391,2121,26268,23172
1392,2122,10529,11431
1393,2123,19446,17283
1394,2124,24598,23532
1395,2126,21387,22580
1396,2128,27638,20398
1397,2129,25721,26848
1398,2130,23213,16618
1399,2131,14275,14055
1400,2132,17576,12665
1401,2133,12669,25487
1402,2134,25710,14335
1403,2135,28735,26539
1404,2136,22242,21364
1405,2137,22279,23852
1406,2138,18921,24677
1407,2139,23852,22008
1408,2141,7032,10971
1409,2144,16112,26025
1410,2146,22006,27257
1411,2147,25216,25765
1412,2150,27258,23816
1413,2151,23170,21360
1414,2152,24609,22825
1415,2153,26957,24930
1416,2155,22582,29117
1417,2156,26987,25785
1418,2157,12297,22728
1419,2158,11750,11399
1420,2160,29448,25488
1421,2162,22846,25510
1422,2163,27830,25791
1423,2164,26327,25779
1424,2165,27541,26085
1425,2167,26085,27536
1426,2169,11724,11430
1427,2170,14762,15200
1428,2171,29115,27889
1429,2173,28478,26334
1430,2174,22205,23157
1431,2175,10529,13118
1432,2177,25487,26332
1433,2178,27047,28835
1434,2179,20422,24941
1435,2180,22235,20711
1436,2181,26327,20417
1437,2182,25724,24366
1438,2183,18317,22576
1439,2185,17483,15368
1440,2186,25779,24081
1441,2187,25734,21703
1442,2188,26935,27009
1443,2190,25481,22580
1444,2191,25451,24091
1445,2192,25153,25815
1446,2194,27859,18846
1447,2197,25794,26327
1448,2198,20398,27638
1449,2200,16412,23720
1450,2201,24967,21037
1451,2202,27297,26024
1452,2203,21407,24872
1453,2205,30961,21442
1454,2206,21049,11587
1455,2207,30065,25194
1456,2208,21439,30656
1457,2209,15808,8906
1458,2212,21964,29446
1459,2213,30956,24311
1460,2214,22246,29445
1461,2215,25118,28110
1462,2216,22823,27862
1463,2217,28160,21953
1464,2218,21030,20711
1465,2219,16926,23521
1466,2222,10971,7035
1467,2223,23532,24872
1468,2224,18769,28091
1469,2225,24370,24331
1470,2227,20417,26037
1471,2228,31406,25735
1472,2230,16368,13359
1473,2231,13850,12224
1474,2232,12081,27001
1475,2233,26362,12726
1476,2235,14592,9046
1477,2236,5904,7107
1478,2237,25791,28774
1479,2238,20101,17871
1480,2239,29010,26318
1481,2240,29456,26977
1482,2241,19454,26312
1483,2242,14335,25415
1484,2243,26369,27250
1485,2244,21689,27878
1486,2245,11432,10820
1487,2247,19787,26306
1488,2248,25490,29750
1489,2249,21651,25431
1490,2252,24960,26327
1491,2253,27589,31245
1492,2254,23045,12294
1493,2255,10234,10804
1494,2256,25032,27030
1495,2257,25213,25240
1496,2258,28823,26660
1497,2259,20428,26374
1498,2260,24389,28184
1499,2262,25515,26327
1500,2264,15370,16842
1501,2265,23779,14380
1502,2267,21652,26003
1503,2269,16678,25182
1504,2270,21691,23497
1505,2271,25232,26957
1506,2272,17189,16676
1507,2273,15818,15498
1508,2275,16399,18955
1509,2276,27751,17216
1510,2277,22825,24609
1511,2278,25509,23755
1512,2279,27875,21367
1513,2280,21690,21045
1514,2281,15502,14910
1515,2282,30922,30922
1516,2283,16984,25762
1517,2284,2237,1945
1518,2285,24357,28163
1519,2286,30922,30922
1520,2287,30922,30922
1521,2288,30922,30921
1522,2289,22279,23853
1523,2290,29141,29463
1524,2291,24385,24375
1525,2293,21387,20429
1526,2294,24080,24091
1527,2298,23444,26338
1528,2299,20984,21576
1529,2300,25239,25458
1530,2301,11050,10730
1531,2304,15360,15997
1532,2305,16931,25214
1533,2308,20073,27832
1534,2309,13764,12085
1535,2310,12084,12714
1536,2311,13053,13772
1537,2312,13445,11738
1538,2313,11733,11392
1539,2314,12052,12084
1540,2315,11411,9890
1541,2316,12081,12697
1542,2317,13046,12087
1543,2318,19166,21688
1544,2323,24023,21960
1545,2324,22002,13933
1546,2325,16576,15358
1547,2326,23831,23195
1548,2327,25728,27497
1549,2328,25213,30298
1550,2329,30922,30921
1551,2331,23232,28804
1552,2332,24365,25195
1553,2333,14241,18878
1554,2334,17216,27751
1555,2335,26957,24930
1556,2336,24946,22547
1557,2337,17730,12728
1558,2338,27846,26371
1559,2339,26310,28090
1560,2340,25751,16983
1561,2341,18561,26974
1562,2342,7110,5891
1563,2343,23196,23832
1564,2344,13403,19793
1565,2345,11586,20418
1566,2346,13760,13072
1567,2347,8910,15807
1568,2348,24598,22894
1569,2350,22558,20400
1570,2352,17870,20420
1571,2353,18263,30746
1572,2354,30746,17940
1573,2355,15814,26976
1574,2356,26064,28177
1575,2357,27356,24181
1576,2361,26025,27298
1577,2363,27001,12083
1578,2364,31246,25219
1579,2365,11146,11144
1580,2366,28458,25791
1581,2367,5514,5891
1582,2368,21744,30656
1583,2370,26345,21366
1584,2371,20712,21060
1585,2374,12669,25485
1586,2375,23720,16414
1587,2376,27202,21651
1588,2377,16995,26326
1589,2378,26975,16683
1590,2379,12223,14167
1591,2380,11113,12081
1592,2381,24091,25234
1593,2382,7032,10635
1594,2383,18561,20425
1595,2384,28160,23158
1596,2385,28425,29729
1597,2386,12083,11429
1598,2387,14637,14924
1599,2388,26974,22848
1600,2390,27031,24141
1601,2392,27841,19153
1602,2393,19496,22293
1603,2394,24610,22825
1604,2395,17538,13073
1605,2400,12297,22728
1606,2401,22202,26681
1607,2402,21573,21605
1608,2403,22579,29060
1609,2404,27959,26394
1610,2406,21694,21696
1611,2408,27250,22523
1612,2409,23755,25510
1613,2410,24625,20724
1614,2411,26036,29010
1615,2413,16112,26024
1616,2414,26025,16112
1617,2415,25426,24364
1618,2416,22848,16115
1619,2419,27281,25760
1620,2423,27041,26394
1621,2424,22827,25486
1622,2425,20110,27872
1623,2426,25761,28818
1624,2427,25763,17277
1625,2428,20416,26038
1626,2429,20417,25727
1627,2430,24337,26285
1628,2431,24088,28498
1629,2433,18607,10820
1630,2434,21049,11587
1631,2437,14768,27212
1632,2438,30961,21744
1633,2439,27902,25738
1634,2441,26362,24600
1635,2442,25794,24071
1636,2443,25118,28121
1637,2444,29793,28227
1638,2445,24070,26668
1639,2446,25693,23473
1640,2447,25030,26375
1641,2449,10638,7035
1642,2450,11048,11051
1643,2451,13359,16365
1644,2452,16368,13359
1645,2453,25788,12665
1646,2455,26025,27212
1647,2456,26367,23752
1648,2457,13850,12583
1649,2458,25791,28774
1650,2459,24674,26327
1651,2460,14637,29753
1652,2461,23252,27030
1653,2462,22558,26002
1654,2463,30645,8995
1655,2464,20073,16453
1656,2467,24373,25728
1657,2468,25731,24375
1658,2469,25792,29448
1659,2470,14335,25415
1660,2471,20731,21367
1661,2473,25783,26979
1662,2476,21651,25429
1663,2477,23158,27866
1664,2478,16391,27258
1665,2479,11146,10820
1666,2480,28230,30090
1667,2481,10235,11114
1668,2482,25813,26932
1669,2483,20700,24609
1670,2485,29446,22249
1671,2486,22008,23855
1672,2488,1937,1925
1673,2489,27155,28161
1674,2491,27036,30421
1675,2492,25489,24609
1676,2493,18876,15500
1677,2494,21638,16916
1678,2496,23685,14147
1679,2497,26643,21275
1680,2499,21566,23409
1681,2500,15369,16842
1682,2501,14595,15357
1683,2502,30424,30061
1684,2503,26999,26984
1685,2504,20725,16218
1686,2505,25765,25459
1687,2506,25780,25216
1688,2507,23544,31226
1689,2508,25445,25258
1690,2509,26979,24628
1691,2512,24559,24559
1692,2513,23206,21982
1693,2514,27226,20709
1694,2515,24626,27000
1695,2520,12388,12085
1696,2521,20648,27751
1697,2523,16962,25195
1698,2525,21649,24024
1699,2526,24609,24345
1700,2527,23158,21366
1701,2530,15129,24312
1702,2531,24313,15129
1703,2532,24540,23640
1704,2534,23414,19354
1705,2536,28462,26370
1706,2537,25203,18862
1707,2538,27509,23775
1708,2539,29752,22913
1709,2540,24034,26368
1710,2541,18588,19188
1711,2542,11586,20418
1712,2545,17631,22341
1713,2547,21367,19475
1714,2548,15813,18567
1715,2549,23278,17940
1716,2552,31226,23243
1717,2554,27258,26369
1718,2555,11732,26072
1719,2556,28425,29107
1720,2557,29447,14927
1721,2558,27953,24181
1722,2559,28451,26537
1723,2560,22261,22580
1724,2562,10830,25223
1725,2563,26345,12364
1726,2564,25729,24375
1727,2565,12224,13210
1728,2566,16398,26326
1729,2567,26325,18892
1730,2568,19766,17283
1731,2569,25766,25460
1732,2570,25429,21651
1733,2571,19155,15813
1734,2572,12704,12701
1735,2573,26344,30063
1736,2574,21439,30656
1737,2575,23852,22008
1738,2576,22551,20111
1739,2577,25224,13086
1740,2582,26904,26263
1741,2585,13087,10531
1742,2586,11073,19856
1743,2588,22261,19798
1744,2590,25489,18863
1745,2591,22006,11732
1746,2592,20705,24667
1747,2593,24874,25730
1748,2595,14762,14023
1749,2596,23489,15811
1750,2597,16646,29136
1751,2598,20728,25224
1752,2599,24609,21398
1753,2600,20111,14616
1754,2601,24609,21366
1755,2602,20726,24090
1756,2603,26094,28464
1757,2604,26041,24870
1758,2605,24025,22283
1759,2606,26974,27282
1760,2607,25428,23777
1761,2609,26367,14607
1762,2610,27954,16650
1763,2611,23043,18764
1764,2612,20711,23777
1765,2614,17001,24966
1766,2615,14336,20112
1767,2616,23776,22825
1768,2617,27213,20423
1769,2618,20425,28397
1770,2620,12083,22580
1771,2621,19653,23414
1772,2623,22007,24871
1773,2624,1925,1925
1774,2625,20102,27954
1775,2626,16678,28161
1776,2627,16921,21951
1777,2628,25765,22233
1778,2629,12146,12147
1779,2630,11742,12098
1780,2631,12101,12099
1781,2632,12098,12085
1782,2633,24871,25490
1783,2634,26603,29039
1784,2635,29438,29752
1785,2636,28707,29597
1786,2637,25791,27216
1787,2638,24073,25233
1788,2641,29597,28667
1789,2642,28969,29615
1790,2643,2743,27613
1791,2645,29934,29956
1792,2646,27613,2404
1793,2647,22235,24321
1794,2650,29957,29960
1795,2651,8299,3747
1796,2652,29956,26601
1797,2653,22007,18272
1798,2654,26755,20417
1799,2655,26951,26755
1800,2656,20417,26037
1801,2658,25260,25259
1802,2659,18271,22581
1803,2662,26987,15813
1804,2664,29107,28732
1805,2665,29107,29378
1806,2666,11738,11738
1807,2667,12346,11410
1808,2668,20398,19475
1809,2669,20428,22858
1810,2670,20112,20108
1811,2675,14763,16887
1812,2676,19796,27250
1813,2677,27030,29726
1814,2678,23414,19045
1815,2679,25224,27191
1816,2682,27251,29060
1817,2683,20425,25426
1818,2684,22249,24619
1819,2686,25812,25260
1820,2687,15315,15611
1821,2691,21694,22008
1822,2692,29729,23804
1823,2693,22580,28409
1824,2694,21710,29445
1825,2696,21627,23765
1826,2697,16386,18570
1827,2699,29456,30021
1828,2700,16584,14762
1829,2703,13072,14376
1830,2704,27832,21685
1831,2707,24890,22825
1832,2708,28161,23158
1833,2710,8622,18805
1834,2711,4416,8304
1835,2712,18509,17876
1836,2714,19117,8625
1837,2716,19157,16678
1838,2717,19474,28398
1839,2718,28397,21365
1840,2719,25768,25514
1841,2720,22235,18245
1842,2721,20712,21059
1843,2723,21366,24022
1844,2725,25424,20425
1845,2726,12721,12731
1846,2727,20098,13395
1847,2728,22237,26056
1848,2729,27281,26977
1849,2731,24024,21703
1850,2732,16111,26362
1851,2733,22006,24357
1852,2734,13071,15520
1853,2735,25216,25765
1854,2736,27250,25765
1855,2737,17926,24577
1856,2738,18245,19154
1857,2740,26976,28403
1858,2741,24316,24646
1859,2742,19471,20399
1860,2743,16389,19790
1861,2745,20398,22825
1862,2746,19050,23411
1863,2747,21700,24871
1864,2748,22905,22903
1865,2749,22903,22903
1866,2751,30087,29458
1867,2753,21070,28804
1868,2754,24647,14382
1869,2755,1925,2237
1870,2756,18246,21887
1871,2757,29137,29794
1872,2758,28399,14134
1873,2761,21957,19475
1874,2762,27801,28107
1875,2765,22235,24609
1876,2766,24093,29728
1877,2767,16363,15133
1878,2768,23759,22515
1879,2769,25397,27532
1880,2772,12366,10205
1881,2773,20692,22231
1882,2776,15134,16367
1883,2777,23154,26086
1884,2778,16645,24653
1885,2779,26394,27959
1886,2780,28835,22495
1887,2781,24380,23166
1888,2782,22522,26330
1889,2783,26086,25233
1890,2784,25260,25259
1891,2789,23701,19354
1892,2792,26722,31630
1893,2793,19164,20429
1894,2794,20107,19796
1895,2796,12695,12084
1896,2800,16002,17136
1897,2802,21389,20417
1898,2803,23539,25241
1899,2804,25241,24360
1900,2805,23539,26878
1901,2806,25241,22896
1902,2809,24892,22825
1903,2810,29752,21686
1904,2811,21997,30363
1905,2813,22192,5189
1906,2815,14598,24357
1907,2817,16367,15135
1908,2818,15422,16367
1909,2819,16649,24653
1910,2820,24937,16646
1911,2821,16391,24849
1912,2825,22572,24670
1913,2827,19653,23991
1914,2828,27623,29115
1915,2829,29432,29375
1916,2832,16414,23720
1917,2834,21050,11587
1918,2836,25120,28110
1919,2837,30961,21442
1920,2839,13358,16367
1921,2840,24653,19468
1922,2841,16367,13359
1923,2842,24373,26036
1924,2843,20416,26925
1925,2844,15810,26024
1926,2845,26670,15198
1927,2846,21651,25429
1928,2847,18317,16684
1929,2848,27626,27863
1930,2850,16398,18640
1931,2851,29116,24028
1932,2852,14335,25415
1933,2853,17269,23102
1934,2855,19447,17528
1935,2856,17768,18097
1936,2857,23158,27866
1937,2858,27009,27218
1938,2859,23172,26271
1939,2860,25214,25240
1940,2861,25490,26327
1941,2863,14595,15073
1942,2864,17619,28161
1943,2865,28107,28107
1944,2867,25418,14335
1945,2868,22580,23497
1946,2869,14472,15073
1947,2870,13729,26905
1948,2872,29478,29794
1949,2873,22193,21906
1950,2875,17605,26969
1951,2876,25518,26042
1952,2877,22825,24609
1953,2878,16984,25759
1954,2879,26729,26348
1955,2880,21684,21685
1956,2882,21032,23486
1957,2883,22905,22903
1958,2885,21348,26360
1959,2886,26929,21275
1960,2888,21310,21312
1961,2890,18864,26626
1962,2891,27000,24601
1963,2893,18165,18151
1964,2895,23701,19045
1965,2896,24877,27000
1966,2897,24366,25196
1967,2898,11586,20418
1968,2899,24034,21033
1969,2900,29137,29462
1970,2901,24597,27309
1971,2902,23042,18764
1972,2903,25726,24375
1973,2905,18149,30073
1974,2906,27951,23820
1975,2907,26930,20418
1976,2911,25442,25517
1977,2912,11743,9876
1978,2913,11144,11144
1979,2914,25792,24919
1980,2915,24635,20102
1981,2916,28462,25791
1982,2917,21690,21045
1983,2919,24027,29435
1984,2920,25227,25794
1985,2921,30073,18165
1986,2923,28143,25207
1987,2926,26624,13733
1988,2927,25194,21651
1989,2928,21651,21651
1990,2929,23720,16414
1991,2930,25710,14616
1992,2931,16337,21035
1993,2932,21035,16617
1994,2934,26025,16112
1995,2935,9876,12367
1996,2937,22885,28827
1997,2938,22008,25286
1998,2939,23853,22008
1999,2940,11750,11725
2000,2941,26929,27008
2001,2944,27225,25815
2002,2945,24611,22824
2003,2946,25764,16390
2004,2947,18317,16397
2005,2948,22885,29117
2006,2950,14762,12685
2007,2952,21051,20429
2008,2953,13033,14023
2009,2955,18509,16986
2010,2957,29456,30054
2011,2958,22235,20711
2012,2959,23467,24966
2013,2960,25509,23755
2014,2961,25510,23755
2015,2963,25765,28817
2016,2964,20740,21953
2017,2965,15814,28402
2018,2966,25425,24072
2019,2967,25184,29108
2020,2970,25734,15813
2021,2971,20711,22235
2022,2972,24023,21703
2023,2973,21694,21695
2024,2975,29116,22582
2025,2976,21370,15484
2026,2980,25794,26327
2027,2981,21953,20111
2028,2982,22282,24872
2029,2983,24469,26376
2030,2984,20421,24602
2031,2985,21036,24968
2032,2986,24967,21036
2033,2987,16412,23720
2034,2988,19653,23700
2035,2989,27294,26024
2036,2990,29104,24314
2037,2991,29411,28098
2038,2992,16218,20420
2039,2993,20725,20427
2040,2995,18435,23043
2041,2996,21079,18500
2042,2998,29116,24026
2043,2999,23045,12297
2044,3001,16368,13032
2045,3002,25788,12668
2046,3003,15129,24312
2047,3004,14167,12224
2048,3005,24667,26327
2049,3006,26092,26979
2050,3007,16576,14382
2051,3008,26080,26707
2052,3009,16112,26025
2053,3010,26120,26660
2054,3013,23477,26272
2055,3014,29729,28425
2056,3015,16336,21035
2057,3016,20709,21950
2058,3017,23158,27866
2059,3019,21651,25431
2060,3020,15232,26905
2061,3021,24965,23755
2062,3023,17771,18096
2063,3024,9579,8904
2064,3025,14595,15356
2065,3026,26086,25453
2066,3028,17923,18500
2067,3030,27009,27218
2068,3031,21988,24603
2069,3032,25518,25736
2070,3033,22825,24609
2071,3035,17189,25431
2072,3037,16983,25762
2073,3039,29457,26344
2074,3041,13377,23192
2075,3042,27803,28105
2076,3043,19439,8633
2077,3044,26086,22515
2078,3046,15814,19119
2079,3049,21628,21614
2080,3050,20417,27249
2081,3051,29141,29463
2082,3052,19480,26681
2083,3053,18500,17219
2084,3054,1333,1326
2085,3055,16620,15359
2086,3056,25783,28184
2087,3058,23473,26086
2088,3059,8299,3747
2089,3060,22192,21906
2090,3061,17533,16115
2091,3063,30277,24562
2092,3064,15697,15998
2093,3065,18242,21576
2094,3067,24365,24889
2095,3068,15360,16576
2096,3069,16576,15357
2097,3070,3748,8304
2098,3072,25474,18577
2099,3076,21955,24312
2100,3077,24877,21366
2101,3078,9940,28096
2102,3079,13118,13118
2103,3081,17537,25445
2104,3082,25765,21351
2105,3084,23411,19354
2106,3085,27297,30847
2107,3088,22285,28491
2108,3089,13070,12724
2109,3090,17498,21033
2110,3091,21343,23155
2111,3093,28802,27255
2112,3094,26317,21051
2113,3095,11586,20724
2114,3096,23474,26092
2115,3097,22880,30100
2116,3098,30096,22881
2117,3099,18262,23278
2118,3102,26982,28803
2119,3103,21608,18242
2120,3104,8904,10237
2121,3105,27954,12367
2122,3106,11725,11429
2123,3107,27862,25521
2124,3108,11432,10820
2125,3111,24889,26974
2126,3112,10818,11431
2127,3114,17217,27444
2128,3115,20724,16499
2129,3116,26976,26708
2130,3118,20712,16333
2131,3119,28143,29740
2132,3120,28100,29098
2133,3121,26365,25489
2134,3122,25429,17189
2135,3127,24871,23533
2136,3128,27036,24181
2137,3129,15129,15129
2138,3131,12224,14167
2139,3132,25429,26685
2140,3134,26976,21030
2141,3135,27626,25815
2142,3137,10669,24073
2143,3138,25187,30373
2144,3139,24882,30658
2145,3140,16394,24072
2146,3141,26685,21651
2147,3142,26931,26670
2148,3143,28163,23158
2149,3144,26025,27298
2150,3145,18569,12438
2151,3146,26694,21043
2152,3148,26695,21043
2153,3150,24028,26061
2154,3151,19121,17283
2155,3155,26624,13733
2156,3156,28107,28737
2157,3158,28403,28108
2158,3159,14763,14023
2159,3161,23232,23532
2160,3163,30922,30922
2161,3167,12297,22728
2162,3169,19481,25228
2163,3171,23723,16414
2164,3173,25487,24610
2165,3174,26347,26588
2166,3175,16368,16104
2167,3177,26330,27008
2168,3178,26369,29113
2169,3179,24063,25216
2170,3180,24071,16115
2171,3181,11171,26997
2172,3185,21400,29057
2173,3186,24024,21702
2174,3188,8276,16117
2175,3192,25201,26709
2176,3193,27798,25793
2177,3194,29114,25490
2178,3195,29060,20111
2179,3196,13119,13118
2180,3197,25442,16388
2181,3198,25462,16118
2182,3199,26709,23158
2183,3201,25712,29032
2184,3202,29019,25418
2185,3203,29036,29026
2186,3205,21651,21960
2187,3206,24469,27032
2188,3207,25794,26327
2189,3208,21701,24872
2190,3209,21049,11587
2191,3211,21365,20710
2192,3212,20725,20427
2193,3213,21034,19457
2194,3214,21363,23752
2195,3215,21034,21364
2196,3216,30073,18183
2197,3217,27295,26024
2198,3218,15616,20724
2199,3220,15351,26988
2200,3221,2974,7026
2201,3223,3911,3911
2202,3224,19805,26028
2203,3225,12706,28836
2204,3226,24324,27164
2205,3228,18725,26314
2206,3229,30658,24881
2207,3232,17282,24881
2208,3233,26120,26660
2209,3234,29793,29459
2210,3236,23532,24872
2211,3237,29107,28143
2212,3239,21356,18500
2213,3240,22558,26670
2214,3241,16414,23720
2215,3242,14616,25415
2216,3243,17608,25188
2217,3249,20419,28161
2218,3250,21651,25429
2219,3251,29116,24315
2220,3252,24661,18158
2221,3253,28106,28107
2222,3254,14595,15356
2223,3255,27802,27803
2224,3260,16391,25520
2225,3263,21968,12656
2226,3264,22279,25286
2227,3266,30097,22880
2228,3267,16389,26969
2229,3268,22006,23498
2230,3270,28421,28143
2231,3271,16983,25762
2232,3272,25981,21588
2233,3273,22235,24609
2234,3275,26031,17608
2235,3276,25721,26711
2236,3277,25256,27579
2237,3278,29430,24314
2238,3280,1612,1333
2239,3285,24881,27463
2240,3286,24556,10531
2241,3287,27470,25186
2242,3288,26371,20074
2243,3289,20073,28130
2244,3290,27832,21647
2245,3291,21032,22233
2246,3292,19439,24563
2247,3293,15358,16879
2248,3295,26974,25452
2249,3296,24882,23759
2250,3297,27000,26936
2251,3299,14051,12108
2252,3301,14641,17323
2253,3302,14147,16556
2254,3303,16576,15357
2255,3307,18762,23043
2256,3308,31392,27573
2257,3310,25453,26707
2258,3311,17876,23197
2259,3312,24363,25195
2260,3313,27225,18866
2261,3314,24932,26359
2262,3315,24928,28419
2263,3317,11410,11410
2264,3318,26689,26997
2265,3319,5904,7107
2266,3320,22583,28804
2267,3325,25224,18503
2268,3326,16394,20420
2269,3327,7107,5902
2270,3329,19496,20445
2271,3331,20289,28231
2272,3332,11586,20724
2273,3333,24603,25433
2274,3335,25734,25210
2275,3336,24902,24628
2276,3337,13120,13120
2277,3338,7028,2969
2278,3340,16398,18640
2279,3341,18637,16685
2280,3342,20725,16219
2281,3343,18242,27537
2282,3344,18158,24656
2283,3345,25717,21385
2284,3347,22193,4552
2285,3348,23413,17271
2286,3349,27000,26681
2287,3350,31239,27451
2288,3351,19797,24314
2289,3353,24312,15129
2290,3354,23722,16414
2291,3356,27035,24181
2292,3357,26097,29732
2293,3358,28129,25791
2294,3359,26001,21652
2295,3360,26370,28771
2296,3361,28458,23768
2297,3362,16368,13359
2298,3363,13359,16368
2299,3364,9048,14866
2300,3366,26025,27298
2301,3369,21439,30656
2302,3370,27810,27976
2303,3372,24882,24924
2304,3373,12669,25487
2305,3374,29456,26344
2306,3376,29457,29456
2307,3377,24609,22825
2308,3378,23195,13721
2309,3379,19798,17614
2310,3380,27830,19166
2311,3381,28143,29107
2312,3382,26929,27009
2313,3383,27009,27218
2314,3385,20742,20113
2315,3386,22880,30100
2316,3388,23494,25149
2317,3389,23852,22581
2318,3391,25224,18248
2319,3392,18168,25761
2320,3393,24928,25751
2321,3394,22582,29117
2322,3395,21696,23533
2323,3396,14762,14023
2324,3397,27198,22859
2325,3398,28185,25811
2326,3400,13118,13116
2327,3401,13118,13118
2328,3402,19799,23213
2329,3404,27933,26041
2330,3405,21018,17218
2331,3406,18487,20689
2332,3407,22235,20711
2333,3408,26025,16111
2334,3409,16112,26024
2335,3410,26025,15484
2336,3412,21938,16921
2337,3414,25825,22014
2338,3415,8995,30651
2339,3416,28788,22001
2340,3417,24836,22580
2341,3418,20103,19480
2342,3419,24873,22283
2343,3420,29117,22582
2344,3421,15264,15064
2345,3422,25153,26393
2346,3424,24019,24073
2347,3425,19167,26345
2348,3428,19481,18580
2349,3429,21376,15484
2350,3430,25765,25765
2351,3431,24313,20727
2352,3432,23194,19480
2353,3435,30067,25194
2354,3436,25794,26327
2355,3437,21407,24870
2356,3438,16412,23720
2357,3441,2237,1924
2358,3443,19798,24602
2359,3444,19798,24602
2360,3445,24373,25726
2361,3446,30961,21442
2362,3447,16218,20420
2363,3448,21651,25191
2364,3449,23532,24597
2365,3451,17283,24882
2366,3453,24034,21034
2367,3454,21364,23752
2368,3456,15351,14382
2369,3459,10829,27777
2370,3461,15416,24310
2371,3464,25788,12669
2372,3466,13729,26627
2373,3468,17773,18096
2374,3469,14595,15356
2375,3470,16112,26025
2376,3471,27281,26659
2377,3474,22006,23498
2378,3476,14142,16556
2379,3477,12084,12088
2380,3478,14592,9038
2381,3480,19798,26929
2382,3482,18577,21337
2383,3483,22825,24609
2384,3484,15360,16292
2385,3485,26095,27268
2386,3486,25753,28160
2387,3487,24609,22824
2388,3489,28160,25453
2389,3490,28835,28782
2390,3491,26085,24601
2391,3495,16576,15357
2392,3498,24947,25794
2393,3500,25193,21651
2394,3501,21953,19769
2395,3502,21036,16390
2396,3505,23440,16414
2397,3506,27862,25522
2398,3507,26362,26096
2399,3509,22798,28835
2400,3510,28425,29107
2401,3511,26709,29749
2402,3512,20724,16219
2403,3515,14051,11991
2404,3516,11996,14055
2405,3517,21744,30656
2406,3518,26025,16112
2407,3520,12374,28170
2408,3522,17483,15368
2409,3523,23130,23996
2410,3524,23498,12078
2411,3525,12243,26671
2412,3527,14760,14023
2413,3528,21607,24352
2414,3529,24352,21605
2415,3530,22881,30100
2416,3532,19454,17212
2417,3535,23760,22283
2418,3536,25766,26708
2419,3537,25710,14335
2420,3538,25212,16983
2421,3540,16621,17283
2422,3541,12148,25765
2423,3542,22235,20400
2424,3543,21658,22235
2425,3546,26457,15811
2426,3548,29107,29375
2427,3549,30140,27538
2428,3551,3909,3907
2429,3553,21407,24876
2430,3554,19798,24602
2431,3555,16412,23720
2432,3556,30961,21744
2433,3557,27748,17216
2434,3558,25241,25427
2435,3559,23532,24597
2436,3561,16368,13359
2437,3562,17283,24882
2438,3563,25486,25184
2439,3564,14335,25415
2440,3565,18568,8911
2441,3566,8914,18569
2442,3567,26695,21046
2443,3568,17605,24317
2444,3569,27211,21938
2445,3570,26389,26938
2446,3571,18245,27215
2447,3572,14592,9046
2448,3573,21034,23752
2449,3574,23466,21364
2450,3575,20709,18846
2451,3576,18845,21034
2452,3577,21365,23752
2453,3578,24613,14382
2454,3579,25255,24038
2455,3580,21651,25193
2456,3581,16336,21035
2457,3582,29478,29794
2458,3586,29795,29794
2459,3588,28107,28107
2460,3589,27802,28107
2461,3590,21031,17597
2462,3591,18857,23043
2463,3592,19439,8298
2464,3595,16030,16322
2465,3596,8297,3747
2466,3602,23720,16414
2467,3604,26930,18245
2468,3607,10830,14147
2469,3611,4077,8299
2470,3612,14381,14071
2471,3614,24836,28096
2472,3615,11732,16672
2473,3616,8622,28395
2474,3617,23762,14382
2475,3618,28111,21360
2476,3620,31978,31975
2477,3623,28104,18805
2478,3624,24366,25195
2479,3625,19480,27167
2480,3626,11586,20418
2481,3627,24908,28399
2482,3632,30807,28472
2483,3633,29083,30505
2484,3634,28146,29432
2485,3636,26928,19480
2486,3637,26670,12243
2487,3638,29115,20421
2488,3639,21439,30656
2489,3643,19444,22817
2490,3644,20421,16680
2491,3645,27268,28194
2492,3646,24889,16304
2493,3647,14760,14762
2494,3648,17298,25274
2495,3650,26314,16226
2496,3651,26951,21651
2497,3652,17216,27751
2498,3655,12669,25487
2499,3657,12243,26695
2500,3658,24889,20711
2501,3659,25074,25074
2502,3660,20710,16329
2503,3661,21938,19757
2504,3662,11750,12084
2505,3664,15813,18567
2506,3665,26926,27009
2507,3666,28207,19473
2508,3667,26711,22541
2509,3668,11022,22005
2510,3669,21607,24352
2511,3670,24352,21607
2512,3671,27541,26393
2513,3672,22825,24634
2514,3674,27933,22005
2515,3675,25473,25835
2516,3676,24603,21364
2517,3677,20718,16924
2518,3678,24872,21702
2519,3679,24360,22825
2520,3683,25712,14616
2521,3685,25194,24072
2522,3686,22005,22249
2523,3687,22524,26929
2524,3688,27612,27591
2525,3689,18257,29445
2526,3690,20101,22580
2527,3691,22282,24870
2528,3692,5266,5993
2529,3693,5997,6797
2530,3694,29743,24314
2531,3695,26960,21938
2532,3696,6797,6433
2533,3697,25752,28160
2534,3698,28105,28107
2535,3699,25981,25183
2536,3700,20106,13362
2537,3702,25421,25981
2538,3703,24024,22204
2539,3705,26393,27959
2540,3706,26396,27959
2541,3708,32471,31627
2542,3709,18889,28460
2543,3710,25213,27450
2544,3711,13712,20424
2545,3713,14622,29433
2546,3714,22522,26086
2547,3716,22580,18865
2548,3717,29433,26956
2549,3718,27933,24313
2550,3719,11411,11410
2551,3721,9592,9601
2552,3722,27579,30375
2553,3723,25737,22766
2554,3724,20106,18878
2555,3725,16638,14382
2556,3726,17607,30091
2557,3728,11780,5173
2558,3729,19161,19802
2559,3730,5187,22193
2560,3732,22192,23997
2561,3733,21651,24058
2562,3737,25734,27934
2563,3738,15230,17531
2564,3739,23759,21651
2565,3740,21953,24057
2566,3742,18246,18245
2567,3743,24027,27252
2568,3745,28464,29445
2569,3746,24059,21952
2570,3747,28787,25794
2571,3748,26372,29392
2572,3750,30516,27626
2573,3751,22261,18567
2574,3752,15370,16842
2575,3753,16002,24881
2576,3754,16391,21038
2577,3755,18878,24945
2578,3756,25752,25449
2579,3757,25450,25449
2580,3758,18575,20098
2581,3759,30022,28107
2582,3760,26956,26005
2583,3761,28788,23196
2584,3763,27933,24314
2585,3765,27800,21222
2586,3766,18889,28460
2587,3767,20580,11793
2588,3769,21031,18568
2589,3771,22193,6528
2590,3772,28820,28821
2591,3773,31620,32473
2592,3774,20937,26269
2593,3777,32471,31627
2594,3778,24018,24138
2595,3779,27953,27360
2596,3781,25791,27800
2597,3785,16415,16416
2598,3786,27452,25752
2599,3791,19136,24227
2600,3792,24137,27626
2601,3793,27531,27531
2602,3795,24357,16667
2603,3796,22006,18248
2604,3801,25793,26327
2605,3802,2243,1925
2606,3803,1925,2242
2607,3804,1925,2237
2608,3806,29411,28095
2609,3807,16412,23720
2610,3809,30961,21744
2611,3810,20725,20427
2612,3812,25118,28121
2613,3813,23278,18263
2614,3814,18262,23278
2615,3816,24074,27518
2616,3817,25316,27030
2617,3818,21390,24609
2618,3822,19804,26312
2619,3823,11051,26365
2620,3824,29107,28143
2621,3825,27287,24598
2622,3826,23532,24598
2623,3829,24892,22233
2624,3830,29116,24028
2625,3831,21651,25192
2626,3832,21400,21367
2627,3834,16337,21035
2628,3835,22821,22820
2629,3836,18136,20984
2630,3837,24945,18156
2631,3839,14595,15361
2632,3840,25258,31226
2633,3843,11594,14866
2634,3844,14592,9046
2635,3845,26120,26660
2636,3846,22192,21906
2637,3847,19154,26625
2638,3848,26093,18500
2639,3850,21958,18558
2640,3852,20098,28161
2641,3853,29456,26343
2642,3854,26969,18241
2643,3855,24366,25191
2644,3859,22825,26709
2645,3862,31908,31416
2646,3863,25245,28095
2647,3864,28098,25517
2648,3865,24556,23197
2649,3866,19945,19945
2650,3867,20073,23773
2651,3871,27268,24373
2652,3888,20712,19766
2653,3896,24934,27577
2654,3904,16921,17217
2655,3907,26988,27000
2656,3934,17483,15081
2657,3943,23505,23194
2658,3964,19473,12374
2659,3969,16412,23720
2660,4018,21334,21614
2661,4050,25217,25813
2662,4054,19798,20108
2663,4059,27226,26974
2664,4067,11410,11410
2665,4088,27035,28491
2666,4090,5446,5800
2667,4093,24609,21390
2668,4095,24980,25464
2669,4121,11278,21353
2670,4124,24073,23485
2671,4154,20711,22235
2672,4157,27254,25460
2673,4165,19470,18883
2674,4169,11048,10730
2675,4190,19798,24602
2676,4192,27288,20724
2677,4226,13730,26626
2678,4227,21064,26347
2679,4231,22006,23498
2680,4232,20434,26347
2681,4236,29759,30649
2682,4237,30088,29794
2683,4239,27038,22279
2684,4248,19163,17933
2685,4260,26328,27218
2686,4303,26997,27009
2687,4304,26929,26670
2688,4315,22843,23486
2689,4319,26709,25776
2690,4321,23486,21958
2691,4325,22235,20711
2692,4336,24628,24369
2693,4341,21651,22235
2694,4344,25450,24037
2695,4351,22282,24871
2696,4359,23532,24871
2697,4379,23468,27795
2698,4399,28174,25429
2699,4402,23063,21550
2700,4415,30057,29444
2701,4417,24912,26092
2702,4419,25471,20071
2703,4449,18870,16985
2704,4450,27862,20395
2705,4452,19762,17222
2706,4465,22523,21651
2707,4491,26561,25950
2708,4541,15370,16842
2709,4556,24886,22499
2710,4560,21045,26986
2711,4564,24625,20033
2712,4587,25457,24072
2713,4649,8622,30015
2714,4655,14906,12714
2715,4657,25476,27872
2716,4675,624,638
2717,4683,2237,1924
2718,4703,26092,27030
2719,4707,22846,24940
2720,4710,27294,23832
2721,4723,11735,12098
2722,4752,21390,24609
2723,4772,24937,23484
2724,4780,22843,25797
2725,4786,16942,20712
2726,4787,16930,26705
2727,4789,22580,23498
2728,4800,17607,18568
2729,4805,12081,11727
2730,4809,18878,17923
2731,4824,20726,16221
2732,4826,23496,24940
2733,4844,22824,22518
2734,4879,22519,21651
2735,4947,23181,21364
2736,4952,26056,25726
2737,4955,28770,27591
2738,4960,24067,25216
2739,4962,20724,16221
2740,5001,27041,23691
2741,5016,26053,27000
2742,5019,23532,24872
2743,5029,19458,20710
2744,5047,10321,10954
2745,5051,10952,10325
2746,5067,23779,24380
2747,5072,24328,24900
2748,5075,26929,30036
2749,5079,23483,25223
2750,5083,24630,23776
2751,5117,22526,20074
2752,5119,24648,23486
2753,5127,21049,11587
2754,5150,29474,29483
2755,5154,27046,26660
2756,5160,18803,17849
2757,5168,31852,30242
2758,5180,21364,23484
2759,5208,27541,26085
2760,5212,22839,21364
2761,5220,24871,23818
2762,5230,29116,19456
2763,5273,14758,10325
2764,5286,22203,20357
2765,5296,23471,22233
2766,5314,23493,24942
2767,5316,23235,22893
2768,5385,20417,25727
2769,5388,20417,25727
2770,5390,20417,26036
2771,5391,20417,25727
2772,5416,11733,11411
2773,5420,17923,18569
2774,5436,21938,24634
2775,5438,24398,24645
2776,5458,25791,28198
2777,5463,26086,26086
2778,5486,11740,11738
2779,5514,19805,22842
2780,5585,12081,12084
2781,5596,18578,19795
2782,5647,21651,25973
2783,5648,27586,27260
2784,5668,23532,24598
2785,5697,24875,26031
2786,5709,26117,25462
2787,5726,25792,27801
2788,5743,24651,25472
2789,5774,21034,22235
2790,5780,26997,27009
2791,5783,17913,16984
2792,5784,28122,20350
2793,5833,24630,19408
2794,5835,21421,26030
2795,5838,12725,24111
2796,5847,22548,24089
2797,5863,27169,25960
2798,5879,28105,19117
2799,5891,13970,15423
2800,5895,7501,21992
2801,5899,18918,24380
2802,5909,22895,16114
2803,5910,27933,25239
2804,5938,23532,24597
2805,5941,24598,23532
2806,5943,24597,23532
2807,5944,24871,23533
2808,5945,30961,21744
2809,5947,17901,30078
2810,5955,18193,27794
2811,5962,26987,21045
2812,5963,21050,26654
2813,5988,29083,27252
2814,6009,99,51
2815,6043,24354,26052
2816,6100,11738,11737
2817,6101,16051,10014
2818,6103,11130,12337
2819,6126,12085,11716
2820,6127,11720,12085
2821,6133,12083,11716
2822,6137,23826,32501
2823,6169,17747,19944
2824,6177,27149,22261
2825,6189,18244,19164
2826,6191,18578,16985
2827,6196,27933,23195
2828,6238,27267,27220
2829,6247,24928,27000
2830,6251,25258,24111
2831,6252,24112,25812
2832,6256,24059,26349
2833,6273,27933,18581
2834,6284,27537,21689
2835,6298,27810,21052
2836,6303,23983,24966
2837,6310,20711,22235
2838,6334,11732,23758
2839,6353,25193,24598
2840,6364,27268,28784
2841,6368,28784,27269
2842,6390,30021,27252
2843,6397,26670,25443
2844,6402,22881,30097
2845,6407,11586,20418
2846,6417,24950,24036
2847,6419,24949,24323
2848,6427,27524,26323
2849,6432,15406,18865
2850,6449,22887,26039
2851,6463,19771,22495
2852,6491,27224,28435
2853,6521,22501,20395
2854,6525,20065,21645
2855,6580,15814,16681
2856,6597,24111,22575
2857,6599,21029,21641
2858,6622,23181,16115
2859,6623,21035,16617
2860,6630,27603,26999
2861,6652,25729,26044
2862,6664,22559,16118
2863,6695,16112,26025
2864,6706,13725,15500
2865,6708,25490,16129
2866,6740,27037,27626
2867,6755,15406,18877
2868,6757,15124,18865
2869,6758,20398,22825
2870,6763,28672,28672
2871,6768,21607,19728
2872,6769,22283,22011
2873,6770,27268,28783
2874,6771,30648,30659
2875,6773,29077,27268
2876,6775,22011,23532
2877,6780,28105,27801
2878,6784,22887,23816
2879,6794,30572,30583
2880,6800,14753,17816
2881,6805,26685,27268
2882,6817,17932,21699
2883,6819,28104,28104
2884,6829,8513,8803
2885,6832,22276,25814
2886,6859,24801,23131
2887,6863,4759,18114
2888,6865,26969,26997
2889,6869,28103,28105
2890,6874,30096,22880
2891,6875,26056,26988
2892,6880,16962,18500
2893,6882,8178,8169
2894,6883,8163,8212
2895,6884,23137,25192
2896,6895,25794,26327
2897,6898,30659,21442
2898,6908,24126,25826
2899,6959,28804,27257
2900,6974,30983,27166
2901,7024,27288,24597
2902,7038,23482,16985
2903,7042,24670,26362
2904,7046,26929,25432
2905,7049,26626,26927
2906,7059,17282,18244
2907,7078,26926,25188
2908,7084,26716,27031
2909,7089,25788,26365
2910,7093,28481,27009
2911,7147,26327,26969
2912,7156,15814,16681
2913,7186,24634,26997
2914,7238,24130,23533
2915,7244,23412,23102
2916,7249,19496,20444
2917,7252,20445,19496
2918,7253,13381,12374
2919,7276,26369,27954
2920,7282,24928,27000
2921,7287,28106,28106
2922,7311,27578,27000
2923,7324,17270,28164
2924,7330,24609,24609
2925,7382,25207,24609
2926,7383,28504,28822
2927,7388,29437,28823
2928,7389,19484,26342
2929,7394,26368,27029
2930,7397,24609,21391
2931,7416,21273,26929
2932,7457,23494,24942
2933,7480,14472,22798
2934,7509,24627,25214
2935,7511,22011,28804
2936,7516,23492,24940
2937,7553,23496,24939
2938,7559,22546,23759
2939,7571,19443,22003
2940,7594,28506,29446
2941,7622,28173,27008
2942,7623,26929,26670
2943,7631,22138,18764
2944,7640,13377,12086
2945,7641,9579,9243
2946,7648,16879,17173
2947,7650,27602,21659
2948,7656,27268,28464
2949,7658,27883,27268
2950,7660,25488,24369
2951,7664,25485,26709
2952,7668,26709,25490
2953,7674,25487,23179
2954,7681,23483,25488
2955,7707,11738,11738
2956,7713,26724,24967
2957,7734,21573,21606
2958,7738,30649,30344
2959,7743,24968,26724
2960,7744,22006,11733
2961,7746,23181,19484
2962,7747,17291,24946
2963,7807,12243,26671
2964,7817,15497,14617
2965,7820,19445,27933
2966,7825,14618,15497
2967,7835,21051,26034
2968,7840,24091,18918
2969,7858,16587,18118
2970,7863,17282,19163
2971,7866,18889,16985
2972,7868,23412,18746
2973,7873,18842,18519
2974,7885,13440,13772
2975,7892,26306,27298
2976,7896,22283,23539
2977,7908,24609,21389
2978,7919,5185,21906
2979,7958,18842,18520
2980,7965,21385,21386
2981,8047,22848,24940
2982,8054,28504,29437
2983,8086,17607,19154
2984,8090,18558,16677
2985,8110,27268,28464
2986,8112,28178,27592
2987,8118,24369,22258
2988,8144,28504,29440
2989,8145,27288,24871
2990,8147,17933,24881
2991,8159,23181,24652
2992,8163,24908,25214
2993,8193,18815,17230
2994,8215,25216,25216
2995,8249,21651,24072
2996,8255,17923,19163
2997,8256,19478,16985
2998,8257,17607,18244
2999,8259,18878,16985
3000,8267,18176,18814
3001,8279,26314,28122
3002,8294,24886,23448
3003,8298,23448,20711
3004,8340,26976,24358
3005,8353,12719,11738
3006,8376,31157,32296
3007,8380,28393,27474
3008,8396,25804,27035
3009,8405,28104,28107
3010,8424,15227,15228
3011,8431,21694,22892
3012,8450,24345,22525
3013,8453,26903,13730
3014,8469,12098,12085
3015,8474,16037,26328
3016,8480,23532,22890
3017,8498,11740,11753
3018,8529,26978,26362
3019,8547,23994,25160
3020,8549,28505,28822
3021,8550,15360,16576
3022,8551,16576,15357
3023,8555,25401,26585
3024,8593,28822,29109
3025,8595,15067,10325
3026,8618,29439,30061
3027,8622,17281,18566
3028,8623,18243,16984
3029,8624,30062,29440
3030,8648,24059,22248
3031,8663,26332,16118
3032,8665,24371,25487
3033,8684,25523,26660
3034,8687,14472,22800
3035,8707,19481,26028
3036,8709,28138,28094
3037,8711,12083,12084
3038,8744,25788,27604
3039,8746,26936,26394
3040,8748,14907,14335
3041,8769,21046,26314
3042,8771,18435,18166
3043,8775,26957,27005
3044,8776,26071,25216
3045,8781,25216,25214
3046,8797,24049,22824
3047,8819,26710,11051
3048,8820,15816,14033
3049,8830,22824,25203
3050,8847,23768,25216
3051,8866,26978,16395
3052,8896,27622,28218
3053,8914,15464,25195
3054,8917,11738,11423
3055,8932,27250,24623
3056,8933,24083,26374
3057,8961,11740,11738
3058,8975,21044,27259
3059,8992,25788,26627
3060,8994,21637,20057
3061,9000,11432,10820
3062,9006,9927,8904
3063,9011,17869,17863
3064,9036,26025,27298
3065,9039,18815,17230
3066,9041,10820,11146
3067,9045,25215,25214
3068,9050,26714,25489
3069,9076,11742,12085
3070,9086,27036,29445
3071,9090,29445,28826
3072,9098,28827,27037
3073,9117,25490,27903
3074,9123,27014,26092
3075,9147,29445,29437
3076,9164,12084,12725
3077,9202,11728,12085
3078,9236,11731,12084
3079,9260,24918,24369
3080,9262,24371,25487
3081,9276,26019,24606
3082,9280,28138,28092
3083,9288,27626,29437
3084,9298,27288,24598
3085,9320,24556,23390
3086,9333,12718,12088
3087,9334,24329,25489
3088,9346,24885,24313
3089,9347,24313,24881
3090,9348,11740,12088
3091,9364,14763,14023
3092,9387,20428,18878
3093,9391,28466,27582
3094,9458,12374,12085
3095,9459,24369,25488
3096,9462,8244,8244
3097,9473,26019,24884
3098,9490,8244,8240
3099,9504,28818,28824
3100,9538,21387,23538
3101,9545,25677,27449
3102,9550,11742,11738
3103,9562,24609,25790
3104,9582,8244,8244
3105,9596,25441,23532
3106,9601,22800,15073
3107,9619,17282,26338
3108,9624,12085,12085
3109,9664,11734,11716
3110,9666,21045,26695
3111,9669,25783,24636
3112,9670,24076,25488
3113,9686,22285,23538
3114,9703,25485,25783
3115,9705,21641,20395
3116,9706,11738,12085
3117,9719,16984,17908
3118,9731,17608,18568
3119,9733,18878,16985
3120,9744,24609,25790
3121,9749,28826,22582
3122,9759,28504,29437
3123,9768,11737,11735
3124,9769,11738,11738
3125,9795,25476,26717
3126,9803,25788,26709
3127,9806,26709,25489
3128,9835,17290,29083
3129,9843,25201,10673
3130,9858,24371,25487
3131,9868,26298,24881
3132,9874,15691,16576
3133,9900,26711,26067
3134,9901,21606,21606
3135,9905,16984,19164
3136,9908,10820,11738
3137,9936,28504,29437
3138,9941,24649,22547
3139,9945,26027,22024
3140,9952,21650,20071
3141,10044,25789,26365
3142,10054,23534,23538
3143,10055,11740,12098
3144,10056,12098,12085
3145,10061,21606,17173
3146,10063,28122,27253
3147,10068,22193,24847
3148,10069,24277,22194
3149,10096,14472,22798
3150,10099,20726,22862
3151,10106,12084,12085
3152,10117,26025,16111
3153,10122,11735,11737
3154,10131,17289,29083
3155,10134,26298,24885
3156,10145,14595,15356
3157,10162,12086,15507
3158,10185,25485,24609
3159,10193,24610,24040
3160,10197,24076,25488
3161,10210,23102,21906
3162,10224,11755,11738
3163,10241,25487,23777
3164,10255,24609,24613
3165,10289,27000,25178
3166,10290,25788,24609
3167,10294,25201,10665
3168,10299,29083,16991
3169,10309,16129,22007
3170,10313,12373,12088
3171,10316,26030,22024
3172,10322,24946,23505
3173,10331,25485,24609
3174,10345,23539,23533
3175,10347,26365,25460
3176,10363,22008,23855
3177,10376,11738,11735
3178,10384,27009,28481
3179,10392,24359,23484
3180,10393,25779,25216
3181,10415,24886,26019
3182,10416,26298,24886
3183,10426,26342,21906
3184,10432,26330,26064
3185,10439,12374,12088
3186,10446,26670,26064
3187,10450,21607,17911
3188,10459,10662,25201
3189,10467,25457,24058
3190,10472,26711,26069
3191,10482,27000,25178
3192,10485,26711,26069
3193,10486,26709,25788
3194,10493,25236,27000
3195,10500,24371,25487
3196,10507,26069,26365
3197,10508,28660,28353
3198,10509,27009,27268
3199,10515,26696,27000
3200,10529,26711,26067
3201,10531,21643,26063
3202,10539,26027,21717
3203,10550,21366,25763
3204,10551,26067,26710
3205,10560,11738,11398
3206,10561,11396,12085
3207,10577,21421,26027
3208,10596,21606,23735
3209,10602,25485,24609
3210,10607,24609,25792
3211,10615,24610,21960
3212,10616,26027,22024
3213,10621,27009,28167
3214,10622,28167,27009
3215,10624,22246,22858
3216,10652,25489,24647
3217,10653,24647,25487
3218,10658,21693,23855
3219,10662,24609,25790
3220,10663,24946,16681
3221,10678,22548,24946
3222,10692,25789,24609
3223,10695,25180,27000
3224,10708,27167,27167
3225,10717,26711,26069
3226,10721,11738,12374
3227,10725,12085,12362
3228,10736,26027,21717
3229,10745,26711,26069
3230,10776,25753,26669
3231,10779,26670,26064
3232,10791,26711,26069
3233,10794,12383,12098
3234,10796,12729,12085
3235,10814,26064,23127
3236,10815,23124,24572
3237,10821,11742,11738
3238,10827,26668,26064
3239,10850,18494,17870
3240,10879,26711,26069
3241,10880,26064,27009
3242,10894,24371,25241
3243,10908,27288,24597
3244,10932,26711,26069
3245,10937,26067,26710
3246,10938,26711,26069
3247,10940,27268,27009
3248,10957,26064,26711
3249,10960,23131,26999
3250,10973,26067,26711
3251,10976,22007,16131
3252,10977,16129,22582
3253,10978,24612,17871
3254,10979,26067,24357
3255,10980,23768,26069
3256,11004,26069,27009
3257,11005,26711,26067
3258,11006,25763,17923
3259,11007,25789,24609
3260,11010,22007,15231
3261,11011,16129,22008
3262,11013,26339,24109
3263,11046,18553,28100
3264,11047,27796,18553
3265,11048,18553,25439
3266,11050,12084,13079
3267,11067,21042,26694
3268,11070,31388,28786
3269,11072,23787,21658
3270,11073,12084,14376
3271,11084,18862,28100
3272,11087,22582,28820
3273,11100,18887,16988
3274,11106,15809,17920
3275,11109,28171,28782
3276,11123,24366,26075
3277,11127,25487,24647
3278,11144,18494,17869
3279,11146,26711,26067
3280,11148,23103,22193
3281,11150,26711,26069
3282,11167,16131,22582
3283,11178,25778,25778
3284,11179,31398,31417
3285,11189,26668,26064
3286,11191,26067,26711
3287,11197,24946,16681
3288,11203,26064,27009
3289,11221,25487,25224
3290,11223,24922,25790
3291,11229,15709,15081
3292,11256,26711,26067
3293,11258,26976,26668
3294,11259,26670,22522
3295,11263,28782,31397
3296,11269,26694,25471
3297,11294,26064,26711
3298,11298,28468,27258
3299,11302,26988,28782
3300,11318,26711,26069
3301,11327,26069,21906
3302,11340,26064,26668
3303,11356,21358,20700
3304,11387,24937,27009
3305,11391,26668,17537
3306,11419,24609,25206
3307,11429,26672,26064
3308,11431,20093,19771
3309,11448,26711,26067
3310,11461,13734,15509
3311,11463,11738,11438
3312,11484,15238,14039
3313,11490,23100,21906
3314,11494,26667,24881
3315,11498,27867,26975
3316,11542,25489,23484
3317,11545,9741,9076
3318,11555,22582,23817
3319,11571,21043,26695
3320,11587,26711,26067
3321,11604,21652,19787
3322,11630,24597,23532
3323,11651,23486,25489
3324,11652,12084,12710
3325,11663,23474,24061
3326,11679,25487,24369
3327,11702,26332,21421
3328,11720,23488,20706
3329,11748,12724,12087
3330,11750,24597,25188
3331,11756,11738,12374
3332,11757,12374,11738
3333,11758,12098,12085
3334,11766,11738,11116
3335,11785,26340,26668
3336,11800,11742,11738
3337,11823,28403,28399
3338,11830,26668,25761
3339,11853,21939,23466
3340,11921,24279,22194
3341,11922,23125,24279
3342,11943,17610,26969
3343,11983,18049,18051
3344,12008,27218,19798
3345,12010,11738,11403
3346,12011,11399,11737
3347,12035,26384,23981
3348,12044,26294,24572
3349,12046,22272,29232
3350,12066,22826,22247
3351,12127,28143,19162
3352,12133,26670,26064
3353,12138,22893,22588
3354,12139,23538,23533
3355,12141,27218,19798
3356,12144,25489,23483
3357,12145,23486,25489
3358,12171,12095,12085
3359,12172,8502,21053
3360,12178,19121,22230
3361,12180,14035,11457
3362,12193,22193,24279
3363,12198,23705,22194
3364,12202,25781,24384
3365,12203,23533,24597
3366,12204,22193,23102
3367,12212,14908,28425
3368,12252,12719,12088
3369,12271,25759,26360
3370,12279,26067,26669
3371,12284,24906,25214
3372,12301,26668,24626
3373,12307,12101,12730
3374,12309,12730,12085
3375,12316,12083,12085
3376,12325,5550,4412
3377,12333,24939,25488
3378,12344,25789,26709
3379,12345,26709,25790
3380,12369,22409,21906
3381,12379,20734,25478
3382,12392,22858,21658
3383,12401,24901,24619
3384,12403,27620,24871
3385,12410,26668,26976
3386,12456,22525,22246
3387,12493,25782,27033
3388,12494,29658,25960
3389,12520,24348,25760
3390,12522,26065,26669
3391,12525,12086,12379
3392,12552,28506,29437
3393,12553,25431,24880
3394,12555,29439,29743
3395,12557,29440,28823
3396,12580,12083,12084
3397,12581,11740,11769
3398,12583,12083,12085
3399,12608,19476,19794
3400,12617,27035,13371
3401,12642,27492,25171
3402,12684,22826,21962
3403,12692,24597,27620
3404,12694,25487,23777
3405,12695,23777,25488
3406,12710,23535,23238
3407,12718,21421,26030
3408,12721,25487,23776
3409,12723,23777,25488
3410,12729,26064,26678
3411,12731,26670,26064
3412,12732,26340,26669
3413,12743,25504,29223
3414,12744,26027,22024
3415,12760,29225,29225
3416,12761,12374,12384
3417,12762,12381,12088
3418,12790,22193,26668
3419,12794,12083,12085
3420,12796,26332,26065
3421,12799,26065,24613
3422,12804,21651,22828
3423,12807,28104,28106
3424,12817,26085,25460
3425,12826,25788,27604
3426,12832,27277,25788
3427,12858,25788,24609
3428,12860,10820,12085
3429,12896,26064,26959
3430,12908,16677,24313
3431,12925,26065,26668
3432,12956,22825,22246
3433,12970,24281,11468
3434,12978,28505,29437
3435,12986,26069,26668
3436,13005,26027,22024
3437,13010,21035,16336
3438,13023,25440,26974
3439,13056,27036,29104
3440,13066,13070,13721
3441,13067,24409,28822
3442,13080,26709,25790
3443,13095,22193,27278
3444,13099,25103,26848
3445,13100,21986,19150
3446,13112,5792,5433
3447,13120,23532,24668
3448,13124,12083,12085
3449,13145,17869,20726
3450,13146,31773,9591
3451,13152,30820,28727
3452,13156,21241,28142
3453,13159,4604,3908
3454,13171,24595,26312
3455,13197,26310,24592
3456,13199,26346,26681
3457,13245,24871,26309
3458,13257,11410,11737
3459,13258,26052,26063
3460,13261,24614,24625
3461,13263,26105,27029
3462,13264,11422,11738
3463,13267,24899,25216
3464,13281,24277,22194
3465,13282,22193,24274
3466,13334,25429,24308
3467,13335,24619,12078
3468,13337,24597,25188
3469,13343,25436,26687
3470,13348,29483,28834
3471,13350,25763,22195
3472,13352,26065,21964
3473,13354,14765,16294
3474,13364,22246,21958
3475,13387,24308,26310
3476,13390,27035,13045
3477,13414,25450,24700
3478,13419,26064,26685
3479,13476,24308,26310
3480,13495,24604,24308
3481,13497,11145,11738
3482,13507,16049,19455
3483,13568,20101,20734
3484,13572,25192,21906
3485,13575,16617,20712
3486,13584,14093,23181
3487,13602,21414,22019
3488,13610,21316,23732
3489,13630,17605,26016
3490,13634,24592,26311
3491,13643,11418,11144
3492,13644,12083,12087
3493,13645,11743,11769
3494,13646,12098,11738
3495,13681,20731,20100
3496,13684,22193,21037
3497,13698,24592,26310
3498,13730,12723,12085
3499,13735,25460,24634
3500,13758,24361,25784
3501,13768,25671,26940
3502,13776,24592,26308
3503,13779,21420,26028
3504,13785,26308,24592
3505,13790,24612,24609
3506,13800,14595,15356
3507,13817,22893,22893
3508,13827,28821,27918
3509,13828,14595,15356
3510,13845,21938,24634
3511,13848,20649,24308
3512,13857,27957,28223
3513,13858,19478,22893
3514,13862,27039,25259
3515,13916,24985,25520
3516,13983,15201,14597
3517,13991,16133,16134
3518,14007,25416,24869
3519,14012,23996,22765
3520,14040,14598,15200
3521,14047,28598,29225
3522,14050,23165,24634
3523,14059,11746,12085
3524,14068,26975,26668
3525,14069,26954,22194
3526,14077,29769,18165
3527,14135,29758,24619
3528,14176,27500,25424
3529,14178,25201,25770
3530,14179,26075,25200
3531,14180,27036,29104
3532,14186,27270,26978
3533,14189,26330,26064
3534,14210,22895,23533
3535,14217,28095,25193
3536,14227,25222,22823
3537,14230,26325,24318
3538,14242,19476,19164
3539,14248,16944,18179
3540,14274,23532,23228
3541,14275,12085,12085
3542,14278,23814,24669
3543,14280,18237,15753
3544,14283,24111,23533
3545,14310,17496,17501
3546,14311,11740,11427
3547,14312,11145,11738
3548,14326,26718,25227
3549,14328,22905,22294
3550,14335,23532,23816
3551,14341,24110,23533
3552,14370,31877,32478
3553,14409,12724,26035
3554,14413,28834,29483
3555,14421,25234,23760
3556,14422,19133,19449
3557,14423,18520,18847
3558,14428,25215,25216
3559,14486,25788,27604
3560,14492,27006,26086
3561,14498,25224,26093
3562,14532,22475,23695
3563,14548,26330,25761
3564,14595,23538,24140
3565,14607,14093,14093
3566,14624,13053,14031
3567,14625,24054,25431
3568,14639,17531,26373
3569,14643,25429,23735
3570,14646,24892,25712
3571,14654,19049,23991
3572,14666,16596,26029
3573,14721,27287,26715
3574,14757,21930,22508
3575,14762,24604,26328
3576,14773,12384,12088
3577,14774,11742,12098
3578,14775,12101,12730
3579,14827,21952,20395
3580,14830,26263,24561
3581,14855,20984,21906
3582,14857,26597,24561
3583,14862,16556,23388
3584,14868,11418,10518
3585,14871,22271,24377
3586,14889,24991,23535
3587,14904,29439,30061
3588,14907,28396,26899
3589,14915,29225,28920
3590,14942,18824,18494
3591,14952,22192,20355
3592,14957,28774,19151
3593,14965,26026,24308
3594,14966,15818,15498
3595,14979,14024,15200
3596,15011,25490,27604
3597,15021,25224,25790
3598,15031,24871,26311
3599,15036,24671,24881
3600,15039,28108,28138
3601,15041,25715,24593
3602,15059,24611,21391
3603,15061,25217,23166
3604,15067,24979,26741
3605,15068,16002,16299
3606,15069,16887,17190
3607,15078,25460,26365
3608,15126,28147,28101
3609,15131,27616,21606
3610,15134,22003,22568
3611,15157,23195,24644
3612,15169,18245,19154
3613,15219,19456,18528
3614,15232,19792,18864
3615,15233,18866,19795
3616,15235,25214,25215
3617,15237,10111,10128
3618,15241,16680,17925
3619,15242,18245,19794
3620,15244,19792,20714
3621,15250,29435,28817
3622,15272,25788,26709
3623,15273,26709,25790
3624,15282,30572,30293
3625,15292,18560,20422
3626,15297,20101,21400
3627,15298,25215,25216
3628,15308,23852,24732
3629,15329,12083,12085
3630,15330,28499,29437
3631,15342,24598,25188
3632,15387,22004,22571
3633,15388,25788,27604
3634,15393,13554,14469
3635,15394,27008,25792
3636,15448,16684,31428
3637,15452,10820,11432
3638,15456,11116,11737
3639,15488,29225,29225
3640,15522,858,852
3641,15527,16336,20712
3642,15528,32241,32024
3643,15529,28107,28107
3644,15543,25258,22594
3645,15561,24353,26685
3646,15570,21322,21614
3647,15614,25450,24700
3648,15630,25191,26330
3649,15647,25488,23197
3650,15686,24651,25488
3651,15692,22294,20459
3652,15742,14886,13360
3653,15759,12608,6724
3654,15774,16752,15297
3655,15780,15871,17699
3656,15787,8894,9503
3657,15789,24911,23165
3658,15800,22540,20093
3659,15841,24946,23197
3660,15843,23196,22832
3661,15859,29114,30035
3662,15877,25227,29131
3663,15879,22462,27843
3664,15884,19784,18165
3665,15915,22594,22292
3666,15919,14321,15202
3667,15931,20103,18878
3668,15933,18876,20104
3669,15944,25215,25214
3670,15964,26936,25189
3671,15972,25490,25246
3672,15974,18889,26585
3673,15991,26364,27902
3674,15997,24667,22563
3675,15999,22001,20731
3676,16003,23989,22194
3677,16023,19840,25817
3678,16030,32234,32227
3679,16047,11738,11116
3680,16049,12085,12098
3681,16070,12075,12084
3682,16073,24087,24946
3683,16103,29445,30061
3684,16105,30061,29445
3685,16115,27268,28784
3686,16118,28784,27269
3687,16123,28123,16595
3688,16176,19148,26979
3689,16195,23740,24889
3690,16205,25228,25790
3691,16240,15912,31526
3692,16249,21641,21028
3693,16252,21606,22203
3694,16266,25488,23505
3695,16276,23195,22571
3696,16277,22574,24946
3697,16278,22569,21668
3698,16280,21382,22569
3699,16282,29451,30063
3700,16284,30061,28827
3701,16300,21050,30278
3702,16310,28392,28107
3703,16312,16177,15297
3704,16318,25487,26365
3705,16319,15753,15753
3706,16330,11111,11130
3707,16333,11132,11738
3708,16334,12702,11428
3709,16356,20724,18575
3710,16358,21913,22203
3711,16359,18573,20723
3712,16378,28186,28179
3713,16379,28782,28186
3714,16420,23195,24946
3715,16451,20093,23445
3716,16494,28284,28284
3717,16496,20356,19420
3718,16509,31375,18529
3719,16534,25216,25778
3720,16551,28106,28107
3721,16569,25479,27033
3722,16574,18529,19138
3723,16584,12373,12088
3724,16592,24359,24651
3725,16614,25200,26323
3726,16643,24597,26353
3727,16653,21606,22203
3728,16660,28465,27902
3729,16665,22227,22226
3730,16685,21606,22203
3731,16697,22573,20724
3732,16735,12441,13410
3733,16737,27164,26872
3734,16751,21036,21360
3735,16754,28608,28288
3736,16755,28401,27829
3737,16809,25963,26584
3738,16822,26028,21073
3739,16823,25485,27604
3740,16825,27605,25788
3741,16842,27251,18540
3742,16844,27902,27270
3743,16857,22194,23130
3744,16862,27243,27780
3745,16902,27605,28202
3746,16919,28201,27007
3747,16935,28125,16593
3748,16952,26325,25715
3749,16982,27918,27604
3750,16988,11754,7795
3751,16990,25788,25780
3752,16998,12083,12085
3753,17003,11738,11737
3754,17028,19771,16595
3755,17060,27918,27604
3756,17077,12704,11737
3757,17082,21945,21344
3758,17086,22894,23238
3759,17113,24266,23692
3760,17123,26116,24947
3761,17144,23165,25216
3762,17145,25490,27030
3763,17146,27039,27303
3764,17148,28488,29742
3765,17176,25783,26085
3766,17179,24939,24947
3767,17190,12084,12084
3768,17215,28202,27604
3769,17251,24597,24028
3770,17258,27604,28202
3771,17261,24608,27033
3772,17297,22006,16386
3773,17306,25788,26365
3774,17374,23153,21951
3775,17392,30059,29433
3776,17410,26063,24608
3777,17422,21606,22203
3778,17459,25489,23486
3779,17462,11141,11738
3780,17464,2237,1937
3781,17485,23486,25489
3782,17502,21952,24058
3783,17521,27268,28464
3784,17524,28186,28181
3785,17527,28464,27592
3786,17536,23237,22893
3787,17550,28202,27009
3788,17564,26362,24649
3789,17569,11742,11738
3790,17579,22895,26095
3791,17587,12953,15128
3792,17598,24946,23195
3793,17599,23195,25488
3794,17606,13762,13083
3795,17610,22568,22568
3796,17615,21606,21916
3797,17619,23532,23229
3798,17621,21886,1421
3799,17629,16930,16929
3800,17637,20076,19784
3801,17671,25216,26330
3802,17674,25216,26329
3803,17699,25714,24593
3804,17701,21607,20351
3805,17778,25216,27250
3806,17782,24667,26114
3807,17792,26117,24947
3808,17826,26102,24968
3809,17835,25809,24947
3810,17847,21959,19768
3811,17856,19768,21028
3812,17879,21951,24614
3813,17895,21967,20396
3814,17949,27268,28180
3815,17950,28464,27268
3816,17965,20424,21994
3817,17968,11740,12098
3818,17969,12101,12724
3819,17972,13090,13762
3820,17973,13429,13091
3821,17989,25487,23485
3822,17993,24076,25487
3823,18002,27250,25216
3824,18009,29739,29113
3825,18036,25485,27604
3826,18037,24996,29223
3827,18071,29757,29116
3828,18088,23165,24911
3829,18121,24955,26115
3830,18169,12098,12726
3831,18213,20073,20711
3832,18216,12095,12085
3833,18298,10518,13412
3834,18302,16398,16113
3835,18306,28898,25198
3836,18317,28498,28821
3837,18329,13362,13033
3838,18340,25783,27269
3839,18348,21642,21364
3840,18351,11740,12098
3841,18396,27252,25216
3842,18420,17627,26312
3843,18447,17869,18489
3844,18456,28122,28091
3845,18481,26345,26082
3846,18520,23132,26369
3847,18562,18496,18157
3848,18600,21952,22235
3849,18641,28102,28111
3850,18657,24374,25224
3851,18662,25216,27252
3852,18663,25216,27253
3853,18672,22409,26236
3854,18673,11740,12098
3855,18674,12098,11738
3856,18677,17281,16678
3857,18683,33102,32996
3858,18719,24062,21035
3859,18725,20052,19434
3860,18761,25485,27277
3861,18763,27604,26369
3862,18772,24062,21368
3863,18813,25216,27253
3864,18819,22843,24653
3865,18841,14598,25201
3866,18869,20425,19154
3867,18890,21608,22203
3868,18902,25216,27253
3869,18903,25215,24627
3870,18911,27251,25216
3871,18916,28104,28107
3872,18963,32973,32227
3873,18964,26070,25216
3874,18969,26988,14597
3875,18971,15360,16576
3876,19004,25485,27604
3877,19007,23990,23993
3878,19051,18218,19160
3879,19053,27509,25106
3880,19055,26139,20398
3881,19056,26626,21399
3882,19061,25177,24143
3883,19062,30896,21606
3884,19065,24895,25224
3885,19067,25784,23472
3886,19074,23475,19176
3887,19076,25801,25802
3888,19077,24604,21906
3889,19079,23473,26095
3890,19084,23107,25184
3891,19085,23107,25183
3892,19091,24690,24662
3893,19099,21421,26028
3894,19102,22006,16384
3895,19103,32221,29412
3896,19117,18198,8413
3897,19120,23130,22195
3898,19212,25216,27250
3899,19222,20726,18496
3900,19248,26068,26327
3901,19254,17871,18157
3902,19269,25789,25781
3903,19270,25780,27268
3904,19280,27269,26349
3905,19305,18530,20071
3906,19313,14595,13033
3907,19337,25215,24627
3908,19340,27252,25216
3909,19368,25489,23195
3910,19371,22558,24946
3911,19378,3958,3961
3912,19399,25788,26365
3913,19406,26709,25790
3914,19465,25485,27604
3915,19471,27604,26095
3916,19519,23107,24268
3917,19521,25460,27250
3918,19522,25488,24073
3919,19528,24268,23106
3920,19530,27251,25216
3921,19535,24654,19456
3922,19547,25224,25790
3923,19570,25240,23793
3924,19571,23794,25489
3925,19580,25485,25781
3926,19590,12386,11738
3927,19592,21606,22203
3928,19615,10518,9890
3929,19622,26687,25471
3930,19623,25474,26370
3931,19648,24662,24690
3932,19649,18918,25237
3933,19653,25459,25462
3934,19654,14320,15356
3935,19657,26667,21906
3936,19659,25460,25216
3937,19660,8407,22825
3938,19671,16398,28161
3939,19679,18889,29140
3940,19684,28514,25496
3941,19689,24598,24877
3942,19728,26396,18887
3943,19733,27250,25216
3944,19734,25460,26365
3945,19735,23158,24911
3946,19750,21360,22523
3947,19768,25801,25802
3948,19795,28108,28740
3949,19799,21420,26030
3950,19831,26365,25216
3951,19833,19757,21952
3952,19839,25369,11998
3953,19852,24366,24922
3954,19859,25224,25792
3955,19913,27252,25216
3956,19925,26657,16587
3957,19945,15787,14274
3958,19973,26343,26327
3959,19980,12685,12679
3960,20057,17365,16757
3961,20072,28125,16595
3962,20076,26953,27534
3963,20093,25788,27604
3964,20094,25460,26365
3965,20099,27007,25241
3966,20120,28167,26668
3967,20125,21948,22234
3968,20141,12083,12084
3969,20198,26670,24604
3970,20225,23104,23096
3971,20232,29487,30116
3972,20237,31621,29128
3973,20244,12084,22547
3974,20245,22547,12088
3975,20246,23195,24091
3976,20289,25763,26669
3977,20290,21606,22204
3978,20316,25485,26709
3979,20319,26709,25490
3980,20328,21230,25107
3981,20370,26120,18883
3982,20379,12083,12084
3983,20382,26088,27033
3984,20393,25788,27604
3985,20399,27007,25788
3986,20416,25488,23777
3987,20420,25234,25788
3988,20460,25216,27253
3989,20500,26670,24880
3990,20521,26343,21906
3991,20525,24937,25489
3992,20537,26254,24836
3993,20538,24273,22194
3994,20547,11742,12374
3995,20548,12374,11738
3996,20550,12081,12084
3997,20571,24627,25216
3998,20587,22273,24659
3999,20599,25488,24073
4000,20605,24072,25488
4001,20608,21948,8413
4002,20667,21656,22249
4003,20673,11740,12085
4004,20676,12098,11738
4005,20708,20396,20398
4006,20712,21608,26322
4007,20724,14762,14023
4008,20729,22261,20421
4009,20730,25763,26669
4010,20743,11131,10810
4011,20753,22261,21382
4012,20762,17275,30059
4013,20769,25216,27252
4014,20814,11740,12374
4015,20815,12376,11738
4016,20822,26080,26976
4017,20823,27250,28404
4018,20825,26080,26976
4019,20856,23195,22858
4020,20859,12085,12085
4021,20912,24370,23195
4022,20916,26668,25790
4023,20948,25788,26709
4024,20954,25490,25246
4025,20955,24401,22008
4026,20956,22009,22893
4027,20958,22008,24397
4028,20964,24604,23733
4029,20977,21706,21711
4030,20980,25489,23195
4031,20986,26334,23112
4032,20999,25216,27253
4033,21003,25216,27250
4034,21022,24939,24072
4035,21025,25215,24627
4036,21028,12097,11738
4037,21034,20392,19134
4038,21039,19462,18528
4039,21040,12083,12085
4040,21041,24073,25488
4041,21043,26332,25216
4042,21058,11410,11738
4043,21066,12379,12088
4044,21084,11738,11132
4045,21085,11730,12085
4046,21132,11738,12085
4047,21145,11738,11748
4048,21146,11750,11738
4049,21151,23195,24388
4050,21179,25488,24073
4051,21182,24072,23776
4052,21183,23777,25489
4053,21188,14320,15073
4054,21241,28125,16596
4055,21245,21031,21033
4056,21261,24939,25489
4057,21269,25765,26047
4058,21270,27252,25216
4059,21273,25463,26365
4060,21313,25489,24073
4061,21314,24072,25489
4062,21336,11727,12084
4063,21339,21358,22858
4064,21346,22825,25216
4065,21348,25216,27250
4066,21350,23195,24652
4067,21353,27927,29108
4068,21354,30340,29742
4069,21361,23505,24946
4070,21368,21421,26027
4071,21377,26028,21717
4072,21379,20712,22247
4073,21420,27250,25765
4074,21434,20055,22247
4075,21435,24087,24946
4076,21447,22249,21656
4077,21452,23165,25216
4078,21471,11738,11740
4079,21481,26976,22195
4080,21486,11740,11438
4081,21489,21591,26360
4082,21494,24627,24730
4083,21532,29437,29435
4084,21533,24612,24882
4085,21535,30057,29743
4086,21537,25228,24370
4087,21544,12101,12085
4088,21571,16113,14598
4089,21585,11740,12386
4090,21586,12386,12726
4091,21588,25216,27250
4092,21590,26067,26684
4093,21591,26332,26668
4094,21595,25490,23197
4095,21609,25216,27250
4096,21610,27577,25216
4097,21649,10511,23462
4098,21664,25488,24073
4099,21665,24072,25488
4100,21691,21965,20396
4101,21700,21358,21651
4102,21702,19973,19974
4103,21714,25464,25216
4104,21724,11746,12085
4105,21743,25761,26668
4106,21747,27268,19150
4107,21757,21360,22247
4108,21771,24334,25216
4109,21772,25215,25214
4110,21773,25216,27252
4111,21774,11742,12098
4112,21782,27541,25278
4113,21784,27540,25279
4114,21785,12084,12085
4115,21790,26667,26925
4116,21797,25488,24072
4117,21800,15129,15744
4118,21801,23158,25216
4119,21811,21421,26027
4120,21814,12101,11738
4121,21828,11738,11736
4122,21830,12725,11738
4123,21890,12729,12099
4124,21895,12083,11728
4125,21897,26670,26067
4126,21919,25765,27253
4127,21921,25216,24613
4128,21922,24612,25214
4129,21926,22247,23195
4130,21936,23853,22008
4131,21940,25216,24614
4132,21941,24614,25216
4133,21947,26064,26668
4134,21951,21037,21030
4135,21972,25488,23777
4136,21973,24072,25489
4137,21978,25487,23777
4138,21980,24073,25487
4139,21990,26029,24613
4140,21994,25487,23777
4141,21996,24072,25488
4142,22011,26029,25448
4143,22021,28164,26668
4144,22042,12085,12087
4145,22058,24091,24946
4146,22070,26071,25216
4147,22072,27830,26085
4148,22090,27253,25765
4149,22098,25489,24072
4150,22101,24072,25489
4151,22108,24076,25241
4152,22122,21955,22247
4153,22148,21395,20427
4154,22193,26028,22024
4155,22201,23486,24939
4156,22261,12098,12085
4157,22277,11738,11144
4158,22278,11144,12084
4159,22283,12085,11138
4160,22284,11138,11738
4161,22296,24621,24321
4162,22320,11738,11738
4163,22332,11740,12084
4164,22400,22237,24365
4165,22433,21958,24366
4166,22450,21270,21557
4167,22460,15634,19958
4168,22467,23765,22541
4169,22470,25728,12849
4170,22511,19958,15636
4171,22515,21958,24366
4172,22544,21358,22246
4173,22549,22237,24366
4174,22609,25279,27539
4175,22611,21367,21360
4176,22634,24087,25489
4177,22766,21358,21652
4178,22791,13404,11738
4179,22797,23130,21906
4180,22798,26065,23131
4181,22802,29414,28769
4182,22808,28773,19151
4183,22822,11411,11737
4184,22823,26901,15513
4185,22853,24248,24250
4186,22859,25381,25388
4187,22869,24051,25734
4188,22871,12083,12076
4189,22890,23767,22247
4190,22895,21360,21367
4191,22898,21367,21031
4192,22901,21360,23165
4193,22904,25485,26709
4194,22905,26365,25790
4195,22916,19151,28773
4196,22929,23827,22893
4197,22932,25489,24649
4198,22933,24647,23483
4199,22936,23483,25487
4200,22941,11749,11738
4201,22945,12098,11738
4202,22975,25216,27252
4203,22977,25215,25203
4204,22978,24614,25214
4205,23001,25760,26327
4206,23005,24360,25234
4207,23008,21358,21366
4208,23052,26342,27250
4209,23055,21358,22247
4210,23069,13046,12085
4211,23089,27252,25459
4212,23097,11742,11757
4213,23117,25215,25216
4214,23148,24612,24609
4215,23152,11738,11132
4216,23235,26075,21027
4217,23244,21421,18497
4218,23251,21358,23481
4219,23268,24067,23777
4220,23269,23777,23767
4221,23281,30073,28836
4222,23286,26845,26845
4223,23287,11460,11777
4224,23290,25235,25216
4225,23325,18899,24312
4226,23349,24614,24609
4227,23378,22824,24895
4228,23388,11746,11738
4229,23398,24895,25191
4230,23399,25191,24894
4231,23413,12374,12085
4232,23449,29436,29752
4233,23457,17628,18260
4234,23466,23773,24379
4235,23529,21415,22286
4236,23549,21358,23767
4237,23573,29451,29460
4238,23586,12084,12719
4239,23587,12098,12085
4240,23589,28123,16595
4241,23599,21358,21652
4242,23629,32072,32253
4243,23638,25460,24362
4244,23641,29437,28817
4245,23701,11738,11116
4246,23702,11116,11404
4247,23760,23486,25487
4248,23786,25789,27278
4249,23787,27604,26370
4250,23809,25216,27253
4251,23811,21358,23767
4252,23823,25777,25216
4253,23829,22247,22860
4254,23830,23194,25488
4255,23842,11438,11738
4256,23855,11742,12097
4257,23863,20073,22247
4258,23888,28201,27604
4259,23908,13381,13401
4260,23910,11740,11748
4261,23915,27953,29112
4262,23927,24613,25216
4263,23948,25777,25216
4264,23964,25485,24889
4265,24013,20707,21363
4266,24018,11426,11738
4267,24040,9612,28160
4268,24074,25216,27253
4269,24075,25460,25778
4270,24084,25201,26689
4271,24094,24946,23195
4272,24104,23195,25488
4273,24113,14322,25201
4274,24116,27918,27278
4275,24118,19727,11991
4276,24124,24313,23527
4277,24133,29430,29445
4278,24142,13079,14068
4279,24145,20708,22824
4280,24192,23181,22858
4281,24198,25777,25216
4282,24205,32227,32236
4283,24235,25460,23478
4284,24260,23412,19352
4285,24263,11742,12384
4286,24291,28201,27007
4287,24296,28504,28817
4288,24321,29298,29615
4289,24347,27914,27605
4290,24354,16398,28837
4291,24403,22858,23195
4292,24404,22858,22247
4293,24447,11444,12085
4294,24451,15748,30062
4295,24453,22824,25216
4296,24475,25488,23777
4297,24478,23777,25487
4298,24479,11738,12098
4299,24487,25488,23197
4300,24511,24700,24140
4301,24526,27481,26272
4302,24529,26709,25489
4303,24530,23833,21414
4304,24531,11737,11399
4305,24548,25215,25216
4306,24570,28201,27604
4307,24581,11740,12725
4308,24582,12725,12101
4309,24583,12097,11740
4310,24601,25200,14598
4311,24611,25216,25216
4312,24619,27918,27604
4313,24636,25215,25214
4314,24639,12085,13053
4315,24663,27627,27030
4316,24680,20070,21030
4317,24736,12086,12709
4318,24742,20075,19772
4319,24754,28504,28821
4320,24773,29105,29108
4321,24785,25460,24072
4322,24787,25777,25216
4323,24791,20076,19794
4324,24792,22521,21238
4325,24836,23137,24023
4326,24838,24024,24603
4327,24853,24069,22824
4328,24872,25216,24613
4329,24874,24613,25216
4330,24920,28504,28822
4331,24922,24068,22547
4332,24924,22249,23773
4333,24940,25216,25778
4334,24963,23195,22247
4335,24966,21425,20131
4336,24971,24069,22824
4337,25002,27626,29112
4338,25006,17876,24358
4339,25017,14024,25435
4340,25069,26365,26369
4341,25071,20073,20726
4342,25088,11740,12098
4343,25089,11740,12098
4344,25095,12085,12084
4345,25096,25777,25216
4346,25101,24662,23197
4347,25106,22858,22558
4348,25108,23195,24946
4349,25138,10144,10463
4350,25157,25640,23939
4351,25166,27606,28201
4352,25170,28504,29437
4353,25173,12082,12345
4354,25174,12687,12085
4355,25179,24068,22824
4356,25182,27918,27008
4357,25190,29740,29105
4358,25193,21415,21711
4359,25214,17276,26016
4360,25220,26324,25732
4361,25231,25216,25777
4362,25241,25471,25216
4363,25258,25719,25441
4364,25272,22249,23773
4365,25291,28504,29440
4366,25297,24090,24946
4367,25308,26270,28393
4368,25330,25440,24604
4369,25341,13363,13033
4370,25346,18581,18568
4371,25349,26709,25790
4372,25350,29757,28300
4373,25379,25489,23507
4374,25382,23507,22247
4375,25383,28499,29445
4376,25390,29436,30034
4377,25398,30035,29742
4378,25399,29743,29105
4379,25414,29140,30665
4380,25429,20075,19771
4381,25446,21360,22245
4382,25455,24068,22824
4383,25460,19958,15635
4384,25467,22826,23487
4385,25468,12097,12384
4386,25469,12383,11738
4387,25483,26685,25738
4388,25486,26052,25216
4389,25495,27042,26362
4390,25496,27091,27030
4391,25498,25741,21056
4392,25499,13931,9398
4393,25508,23197,20729
4394,25509,25485,25780
4395,25510,25780,24889
4396,25513,11109,11732
4397,25514,11740,11738
4398,25517,20459,22019
4399,25537,19798,18895
4400,25544,30092,15304
4401,25561,27918,27007
4402,25609,22858,23195
4403,25637,29435,29435
4404,25638,24069,25206
4405,25643,23759,24068
4406,25645,17861,18810
4407,25646,22521,21643
4408,25648,18809,18149
4409,25661,25216,27253
4410,25677,22262,21387
4411,25695,13363,13033
4412,25715,18857,19772
4413,25720,28784,29129
4414,25723,14703,15306
4415,25728,32471,26219
4416,25729,31197,31850
4417,25735,29105,27964
4418,25754,25440,24321
4419,25815,11450,11738
4420,25830,11742,12098
4421,25831,12098,11738
4422,25850,11458,11738
4423,25855,22832,23192
4424,25858,12083,12085
4425,25877,19161,18578
4426,25879,25216,25216
4427,25897,28201,27604
4428,25913,24609,24895
4429,25987,25216,24072
4430,26001,26048,26994
4431,26002,24359,25214
4432,26006,27796,26656
4433,26014,18893,18877
4434,26046,26048,24360
4435,26049,25480,24068
4436,26050,23767,25792
4437,26053,24946,21358
4438,26055,28201,27007
4439,26056,20086,21359
4440,26059,21312,22795
4441,26063,23762,24609
4442,26064,24607,27802
4443,26067,29430,29437
4444,26122,22525,21358
4445,26131,11740,11766
4446,26133,11400,12085
4447,26144,26926,28093
4448,26194,22249,23774
4449,26196,15938,19627
4450,26197,19629,15636
4451,26201,32448,32437
4452,26205,21358,25488
4453,26207,25216,27252
4454,26224,27040,29112
4455,26249,24895,24033
4456,26255,25438,26955
4457,26272,21358,22551
4458,26288,23195,25488
4459,26294,31689,31139
4460,26298,28821,27914
4461,26318,25489,24087
4462,26319,23507,21681
4463,26322,27917,28499
4464,26348,28201,27007
4465,26368,25216,25777
4466,26371,17219,24634
4467,26384,23462,24314
4468,26391,15635,19959
4469,26403,24068,22824
4470,26406,24609,24613
4471,26420,17868,17529
4472,26422,17528,17209
4473,26431,25485,27278
4474,26434,26710,26369
4475,26450,27918,27008
4476,26464,27592,26696
4477,26473,14595,14595
4478,26509,25216,27250
4479,26537,13760,13087
4480,26542,24068,22827
4481,26569,24610,24058
4482,26588,26976,24635
4483,26610,24605,24024
4484,26627,27250,26332
4485,26632,26073,27586
4486,26658,25489,24087
4487,26660,23507,22558
4488,26668,21682,21680
4489,26758,32670,32779
4490,26767,26080,26687
4491,26783,25777,25216
4492,26785,12385,12085
4493,26805,23195,24946
4494,26824,18565,19471
4495,26860,25489,21358
4496,26861,21962,26999
4497,26862,26997,24609
4498,26870,17603,17588
4499,26872,20708,18200
4500,26877,15938,19628
4501,26880,19628,15636
4502,26894,29743,28821
4503,26896,29437,30657
4504,26909,26082,25214
4505,26919,25489,23195
4506,26924,23195,24946
4507,26930,24548,13631
4508,26931,19629,15635
4509,26935,11141,8904
4510,26939,23769,22248
4511,26940,22233,21033
4512,26942,28836,29442
4513,26975,23444,24024
4514,27010,24895,24609
4515,27025,29141,28535
4516,27049,13362,13033
4517,27053,26246,24836
4518,27055,21078,20147
4519,27056,20146,22020
4520,27060,25460,25471
4521,27061,25216,27253
4522,27062,14064,14999
4523,27063,25216,28161
4524,27064,25489,23195
4525,27065,22858,22248
4526,27066,14999,29387
4527,27069,23195,24946
4528,27071,25789,26709
4529,27074,26709,25489
4530,27075,28511,29440
4531,27098,24069,22824
4532,27099,29437,29105
4533,27101,29431,29437
4534,27124,25435,14597
4535,27135,20071,31375
4536,27187,27928,29104
4537,27188,29430,29437
4538,27192,21034,22824
4539,27196,22246,23773
4540,27200,15003,17075
4541,27201,17075,15305
4542,27204,21415,22596
4543,27206,28125,16595
4544,27208,22594,22019
4545,27214,17269,25222
4546,27215,24236,22580
4547,27220,25765,27250
4548,27221,25463,24072
4549,27232,23195,24946
4550,27240,24069,24062
4551,27243,21390,21363
4552,27301,11738,11398
4553,27302,11400,12085
4554,27303,11738,12085
4555,27327,24068,23157
4556,27340,24069,22523
4557,27347,25460,25471
4558,27348,25460,25471
4559,27353,12098,11738
4560,27367,22524,23487
4561,27380,16595,30925
4562,27410,14321,25201
4563,27459,25485,24609
4564,27474,21414,22310
4565,27520,19959,15634
4566,27527,13929,9398
4567,27528,20709,18157
4568,27532,33102,32227
4569,27556,9598,9619
4570,27560,25490,26114
4571,27568,26115,24947
4572,27603,30342,29437
4573,27628,28511,27626
4574,27639,15938,19628
4575,27649,24357,22825
4576,27653,25489,23507
4577,27667,22858,22248
4578,27678,26328,25194
4579,27727,9598,9619
4580,27763,30033,31615
4581,27781,29752,29442
4582,27799,25485,27278
4583,27803,26709,26369
4584,27818,10516,13978
4585,27832,25488,23507
4586,27833,23507,23195
4587,27843,22857,21681
4588,27860,29112,29435
4589,27887,13931,24547
4590,27974,23767,22860
4591,27981,19154,15305
4592,27983,22858,22247
4593,28018,23833,21414
4594,28048,20076,19480
4595,28053,19167,18888
4596,28132,24076,25241
4597,28175,28403,28398
4598,28176,26974,25429
4599,28179,26370,25791
4600,28181,24362,25216
4601,28192,15633,19629
4602,28196,24556,14405
4603,28216,25216,25460
4604,28225,25777,25216
4605,28232,25489,23197
4606,28252,23195,25489
4607,28253,30115,32344
4608,28269,21387,20421
4609,28271,17915,18865
4610,28273,28737,26369
4611,28274,16131,17294
4612,28303,25488,24072
4613,28354,29434,29430
4614,28355,29430,29437
4615,28359,14755,15073
4616,28390,18018,15305
4617,28406,15302,15562
4618,28443,23195,25792
4619,28460,12386,11738
4620,28466,28128,16595
4621,28483,28119,28739
4622,28487,17483,14098
4623,28488,26070,28408
4624,28489,25216,25215
4625,28497,22589,28146
4626,28500,12083,12078
4627,28501,12084,13719
4628,28505,21033,25192
4629,28511,22548,21360
4630,28521,11749,12085
4631,28535,11450,11738
4632,28547,25480,24071
4633,28548,23172,21368
4634,28592,31199,15305
4635,28611,15938,19627
4636,28616,21420,26034
4637,28626,15636,19628
4638,28635,14024,14023
4639,28653,12075,21036
4640,28685,16668,24601
4641,28694,18889,21358
4642,28696,28505,25734
4643,28699,14999,14660
4644,28701,23436,14761
4645,28702,23436,14758
4646,28703,14458,22798
4647,28707,23772,24609
4648,28709,24605,24603
4649,28715,24313,24604
4650,28717,17582,18857
4651,28724,11740,11738
4652,28725,18545,16668
4653,28726,15304,16167
4654,28729,16449,14998
4655,28761,24605,25694
4656,28764,24603,23137
4657,28769,28136,28106
4658,28778,25693,23988
4659,28791,15938,19628
4660,28813,15003,18660
4661,28826,15304,15862
4662,28834,21387,19478
4663,28848,25765,26665
4664,28849,25242,22276
4665,28853,18243,18581
4666,28859,12085,13066
4667,28860,12717,12088
4668,28868,28835,21680
4669,28878,17933,19478
4670,28885,21420,22306
4671,28893,23775,25216
4672,28904,25462,25217
4673,28938,29436,29431
4674,28942,24909,23768
